model,Precision,Recall,F1,BAC,AUC,MCC,Kappa,BND_ratio,POS_Coverage,Regret
BTTWD,0.3848397719573848,0.6428792639901986,0.4814043361386771,0.7610295603298203,0.8726001251072052,0.4208361391701393,0.40281949065644157,0.12584108804581245,0.12066673483996318,0.2642908272829533
LogReg,0.4072282540812714,0.35808064192881156,0.38102441435606743,0.64841245084344,0.8393571693569013,0.3142888464875844,0.31346685215407977,0.0,,0.3249412005317517
RandomForest,0.47136272964163145,0.5009653889348958,0.48560801197920433,0.7174434480139814,0.8636152399042831,0.4233852973971274,0.4230796415249306,0.0,,0.2691277226710298
KNN,0.35164226213895894,0.5357662798304424,0.42455884595322557,0.7098044707019067,0.7857381614689967,0.3509122019015344,0.3408305730030204,0.0,,0.29929440638102056
XGBoost,0.4859269742457677,0.48522100335409313,0.48554101112947257,0.712439756129599,0.8758326842709483,0.42513655376491616,0.42511863142293216,0.0,,0.27062071786481234
