model,Precision_mean,Precision_std,Recall_mean,Recall_std,F1_mean,F1_std,BAC_mean,BAC_std,AUC_mean,AUC_std,MCC_mean,MCC_std,Kappa_mean,Kappa_std,BND_ratio_mean,BND_ratio_std,POS_Coverage_mean,POS_Coverage_std,Regret_mean,Regret_std
BTTWD,0.5573380547481118,0.015747110142235187,0.34797563272112625,0.017225581083083658,0.4283606072811567,0.016774513315288342,0.6577482016226556,0.008643058282294589,0.8726001251072052,0.006191132582082374,0.3907012945069356,0.016940256379916623,0.37809632679113747,0.017494282308491788,0.04288782084057675,0.01168218611710539,0.042540137028326,0.003195521012782441,0.13048368953880765,0.0028309110162217928
RandomForest,0.5645225622990779,0.022226594265178114,0.3648861990599464,0.016419783851128626,0.4430720033548722,0.01643786681938908,0.6658720588325835,0.008274734564229,0.8636152399042831,0.00578443954165931,0.40426385885540456,0.017794706547354894,0.39293431168266074,0.017538557567271445,0.0,0.0,,,0.12988035586460783,0.0033458541330700134
KNN,0.4663291887790956,0.021834263472229408,0.3403922436122865,0.020807429523171744,0.39342583859693436,0.02086562601990305,0.6473052587211081,0.010756582193673177,0.7857381614689967,0.00473980977038004,0.33943458851832753,0.02221582992813035,0.33437039924600787,0.02231888868679806,0.0,0.0,,,0.1450557316699049,0.004241384535241354
XGBoost,0.5731549426362476,0.0072932979129130306,0.35089221903324974,0.006425799158054074,0.4352247103372201,0.0046162538181353935,0.6600750244161465,0.0027903617867941835,0.8758326842709483,0.004773046791927039,0.40013051433042646,0.00417068467284724,0.3861839825340547,0.004515038117132128,0.0,0.0,,,0.12994171183147563,0.0007413669684177085
