model,Precision,Recall,F1,BAC,AUC,MCC,Kappa,BND_ratio,POS_Coverage,Regret
BTTWD,0.3298239144385403,0.15127239659887995,0.20723394554790092,0.5563129035222797,0.6761019424247959,0.16087487942367504,0.14744356120239294,0.020576600441530944,0.009394087255682512,0.32706405496103724
LogReg,0.42043859760887853,0.03513219342474928,0.06476757355764011,0.5145243619989522,0.669471226569096,0.09496884185623923,0.04842032801927536,0.0,,0.32843976942467074
RandomForest,0.496364925295499,0.03301901346431739,0.06190382581527596,0.5143968868517586,0.6513292314785509,0.10559558263568476,0.04863898057690343,0.0,,0.3274964065148237
KNN,0.23497648501709034,0.06938472534901173,0.10709261685967311,0.5204902317568086,0.5679141757468124,0.07228765993332233,0.059215731472271084,0.0,,0.3368020706515846
XGBoost,0.48681092133220816,0.04076750795393231,0.07519342035705433,0.5176793756084915,0.6785754177346605,0.11561945083071953,0.05896319544449755,0.0,,0.3259536702020192
