model,Precision_mean,Precision_std,Recall_mean,Recall_std,F1_mean,F1_std,BAC_mean,BAC_std,AUC_mean,AUC_std,MCC_mean,MCC_std,Kappa_mean,Kappa_std,BND_ratio_mean,BND_ratio_std,POS_Coverage_mean,POS_Coverage_std,Regret_mean,Regret_std
BTTWD,0.2751139490497148,0.011300087001567463,0.24231860227857677,0.012921441475195998,0.25751892329259857,0.010253625719475737,0.5810139844857536,0.005509522818475519,0.6761019424247959,0.00525542290496343,0.17136896953948297,0.01087172003295995,0.17087462772533318,0.010911403427198395,0.14841892662889505,0.005430104111325216,0.018149510312677614,0.007187807211099935,0.39335332636700276,0.004313513671869141
LogReg,0.35796778958515546,0.028869235090413604,0.07739734310752229,0.006008106995336814,0.12720992113451526,0.00944417803861621,0.5299550681812566,0.00316184107078385,0.669471226569096,0.007330191252048419,0.12292970294693566,0.013117714771528607,0.09111116852920598,0.009546464664176479,0.0,0.0,,,0.4273824388749537,0.003136132955814915
RandomForest,0.36678575016744686,0.013253046369279512,0.0912210604002704,0.003173537244985148,0.14608385675589539,0.004818837955992331,0.5357110650244353,0.0016647222380723197,0.6513292314785509,0.007329671140666943,0.13690198299681983,0.006437365582006172,0.1063465275301418,0.004921697754535235,0.0,0.0,,,0.4232651498052592,0.001667604664529402
KNN,0.17479725312229183,0.007324726289446636,0.2211848645815891,0.0107346493951824,0.19524455884258224,0.008467536646314215,0.5450071206304596,0.005332209699592253,0.5679141757468124,0.009117012132710404,0.08138531622512342,0.009514273426567762,0.08064486838731193,0.009416005719775309,0.0,0.0,,,0.4641923552298879,0.005246864166271899
XGBoost,0.3871359068554984,0.022914649614072063,0.09835390037273398,0.0037742771493169663,0.15682405242414638,0.006375891283161519,0.5393715023827867,0.0023222513756475595,0.6785754177346605,0.0056132960874732876,0.14940617865874004,0.010334979162294962,0.11684156257670704,0.007239814636373517,0.0,0.0,,,0.41991431030075865,0.0025976308253024393
