Precision,Recall,F1,BAC,AUC,MCC,Kappa,BND_ratio,POS_Coverage,Regret,model,fold
0.7531999518661372,0.9965141904291065,0.8579395023698392,0.6503285237859818,0.8943991554961951,0.46828039249493236,0.36786347365492855,0.47068284086437284,0.429688435676767,0.6218397294414884,BTTWD,test
0.915299957947424,0.7477648084061639,0.8230937381824219,0.800150261345939,0.8944256673852958,0.563312480062308,0.5439887373908938,0.0,,0.9054813192579032,random_forest,test
0.8166573915600029,0.6517123201582021,0.7249205417144349,0.6699543743648153,0.6716720329918947,0.31814216910396026,0.30506256253043607,0.0,,1.2848449592508313,knn,test
0.9150566837438018,0.7453347969264544,0.8215214249100656,0.7989441841775129,0.8915357739137668,0.5608408125884407,0.5411266340083448,0.0,,0.9137452164639189,logreg,test
0.915299957947424,0.7477648084061639,0.8230937381824219,0.800150261345939,0.8944130064119983,0.563312480062308,0.5439887373908938,0.0,,0.9054813192579032,xgb,test
