model,Precision_mean,Precision_std,Recall_mean,Recall_std,F1_mean,F1_std,BAC_mean,BAC_std,AUC_mean,AUC_std,MCC_mean,MCC_std,Kappa_mean,Kappa_std,BND_ratio_mean,BND_ratio_std,POS_Coverage_mean,POS_Coverage_std,Regret_mean,Regret_std
BTTWD,0.6207409565186299,0.002160135991319263,0.9956101781304951,0.000548014668970568,0.7647032127320258,0.0016064605061781958,0.6251564404165989,0.0034008425781831583,0.8820390641782329,0.0033037963297801146,0.38754135595188,0.0059893067529864005,0.26857160950610115,0.007108805437812409,0.5254093484865487,0.004610277307926623,0.3577102181646142,0.0029080101128319694,0.6455934497810184,0.005146409698287666
LogReg,0.8609719306561381,0.004144996391599146,0.7451910552106995,0.003942082660430949,0.7989064267128695,0.0038520855172676023,0.7988793113891335,0.003941121894276185,0.8813646778614583,0.002903661128026342,0.5953471758648797,0.007845215295892724,0.5888431361814392,0.007778818616984659,0.0,0.0,,,0.7677451594626891,0.012427315692117046
RandomForest,0.8608067137906031,0.004140014375173421,0.745941086031334,0.003941025511265924,0.7992663309315032,0.003878521945711169,0.7990786511237751,0.003968786649889,0.8823621327108404,0.0028712048906094478,0.5957122690401931,0.007898993318577664,0.589303655044399,0.007836062480254318,0.0,0.0,,,0.7658382358096861,0.012478916905312575
KNN,0.7788829768619684,0.020149026671483824,0.6654680596644666,0.004208107988997676,0.7176099276773836,0.00923245135333958,0.7166799757781792,0.013473473206644332,0.7566122712268896,0.011038029582402721,0.43203782591657225,0.027607267422954107,0.4263390038042537,0.0255058662325484,0.0,0.0,,,1.0252756144445512,0.017565977626582976
XGBoost,0.8608212339566652,0.004125944128626012,0.7458969700061879,0.003970848845742428,0.7992472896733055,0.0038937943825550574,0.7990701066247157,0.00397575099124906,0.8823908144491643,0.002860989467725546,0.5956971827151638,0.00791123625058194,0.5892825400868031,0.007853376381598332,0.0,0.0,,,0.7659475453378333,0.012559446253639864
