model,Precision_mean,Precision_std,Recall_mean,Recall_std,F1_mean,F1_std,BAC_mean,BAC_std,AUC_mean,AUC_std,MCC_mean,MCC_std,Kappa_mean,Kappa_std,BND_ratio_mean,BND_ratio_std,POS_Coverage_mean,POS_Coverage_std,Regret_mean,Regret_std
BTTWD,0.22456022417884794,0.0011693150936615728,0.34721544976260743,0.002048055705444331,0.27273113595423265,0.001387003690398629,0.5629181473230788,0.0010410445911295514,0.5994520866124636,0.002033934334763519,0.10672297101124609,0.0017703351968382927,0.10291885308153274,0.0017142915477386346,0.0217,0.0012107022755409353,0.053992,0.00463333249400472,0.46793900000000005,0.0013561429681268914
LogReg,0.33611111111111114,0.23901805293665504,8.34081868343385e-05,5.9499669546360216e-05,0.0001667739844686055,0.00011896845218489455,0.5000251191667463,3.653789618811689e-05,0.6515621839316375,0.001560007335660294,0.003000802076883651,0.004156391274180412,8.480233975840523e-05,0.00012334990883208327,0.0,0.0,,,0.46756899999999996,3.9420806688857984e-05
KNN,0.46505349995916034,0.04447336229774603,0.0015013473630180931,8.70310532930228e-05,0.0029929035063361907,0.00017285847788881057,0.5005883783276578,4.284252784612451e-05,0.654632830747669,0.0014240834215832172,0.019047586911827764,0.0018685515267058727,0.0019822526851050125,0.00014439900502386595,0.0,0.0,,,0.4671519999999999,5.259277516920788e-05
XGBoost,0.5736610241615298,0.026262866596961032,0.00313101501347363,0.00032815890805965416,0.006227801554494502,0.0006501733768132668,0.5013510880976341,0.00015782638472475104,0.6860212687000095,0.0014387558650804074,0.03358415519537766,0.0027996605012624376,0.004544831291796681,0.00052967131376795,0.0,0.0,,,0.46647800000000006,0.00014438143925033653
