model,Precision_mean,Precision_std,Recall_mean,Recall_std,F1_mean,F1_std,BAC_mean,BAC_std,AUC_mean,AUC_std,MCC_mean,MCC_std,Kappa_mean,Kappa_std,BND_ratio_mean,BND_ratio_std,POS_Coverage_mean,POS_Coverage_std,Regret_mean,Regret_std
Baseline_XGB_TWD,0.6075163879798682,0.007700142348513587,0.5051908015602233,0.014591291543811901,0.5515894998574087,0.011398084893186793,0.607835014162164,0.007333494068437263,0.6494731992333349,0.006653629772916789,0.22059399503674512,0.014453389974860282,0.21772663316547414,0.014669433713898434,0.0,0.0,0.39092,0.008092070192478575,0.7720800000000001,0.013970025053664013
