model,Precision_mean,Precision_std,Recall_mean,Recall_std,F1_mean,F1_std,BAC_mean,BAC_std,AUC_mean,AUC_std,MCC_mean,MCC_std,Kappa_mean,Kappa_std,BND_ratio_mean,BND_ratio_std,POS_Coverage_mean,POS_Coverage_std,Regret_mean,Regret_std
BTTWD,0.3127732432419122,0.0067728114524106256,0.2736890876660872,0.007567783870918035,0.29192146999151125,0.0071189066441876584,0.5812830630637777,0.003940858766544773,0.6778333101479351,0.0028840538460060783,0.17180804400705535,0.0079030629428551,0.1712823527140051,0.007920823996744568,0.038835,0.009069550705520091,0.035405000000000006,0.008621655148519917,0.457925,0.0030796585646789003
XGBoost,0.23041243123885743,0.0006888696222717793,0.681529897748242,0.007705142692367812,0.34438690047593984,0.0016651426380676025,0.6304293061185424,0.002182183622620764,0.6795212489687339,0.0030936278979351328,0.18987066995318905,0.0030613705389078445,0.14507450038044611,0.0016633933244226424,0.0,0.0,,,0.50408,0.0010652933868188455
