model,Precision_mean,Precision_std,Recall_mean,Recall_std,F1_mean,F1_std,BAC_mean,BAC_std,AUC_mean,AUC_std,MCC_mean,MCC_std,Kappa_mean,Kappa_std,BND_ratio_mean,BND_ratio_std,POS_Coverage_mean,POS_Coverage_std,Regret_mean,Regret_std
BTTWD,0.26244950670811756,0.007206797161988644,0.24663455373765517,0.018733234280651552,0.2539675293132196,0.010234909672899636,0.5592163220071438,0.004919634919307226,0.630428979621765,0.003422944125412721,0.1215017944534648,0.008115262904236501,0.12131385510025924,0.008187829525060348,0.0114,0.00568693678530015,0.010125,0.005961779306549346,0.46775500000000003,0.0007280431820984141
XGBoost,0.23041243123885743,0.0006888696222717793,0.681529897748242,0.007705142692367812,0.34438690047593984,0.0016651426380676025,0.6304293061185424,0.002182183622620764,0.6795212489687339,0.0030936278979351328,0.18987066995318905,0.0030613705389078445,0.14507450038044611,0.0016633933244226424,0.0,0.0,,,0.50408,0.0010652933868188455
