model,Precision_mean,Precision_std,Recall_mean,Recall_std,F1_mean,F1_std,BAC_mean,BAC_std,AUC_mean,AUC_std,MCC_mean,MCC_std,Kappa_mean,Kappa_std,BND_ratio_mean,BND_ratio_std,POS_Coverage_mean,POS_Coverage_std,Regret_mean,Regret_std
BTTWD,0.612885508410191,0.004174030074104186,0.8569069405965063,0.007809105418456135,0.7146310799774171,0.004900528516480644,0.8426120463500331,0.004173199474837993,0.9271432748490934,0.0014471460531084355,0.6199754937966404,0.007108105118715225,0.6032213984741517,0.0067194109319668755,0.061023832131616565,0.0066877785044932685,0.27622000376491396,0.0032367591595152357,0.2398112912334469,0.005428056461619639
LogReg,0.6792837776956373,0.008348030264974028,0.6945555468841457,0.006725120890010461,0.6867710542333872,0.003808587921858274,0.7952348931831731,0.002475562268653912,0.9067519619341204,0.0017616445828918365,0.5860582103999946,0.005471626386881472,0.585946959403317,0.005562032156793244,0.0,0.0,,,0.29968351427932266,0.003612422521405671
RandomForest,0.6761772052417035,0.006853044713636258,0.716618784224971,0.011458057707909525,0.6957825367484307,0.008099811098058997,0.8038797804620001,0.006046044897331362,0.905702616179503,0.0024129994583993427,0.5960431750266448,0.010509368195234165,0.595576217771827,0.010401619934428785,0.0,0.0,,,0.2873681525627633,0.008780729323712577
KNN,0.6305638962539113,0.0110079562851971,0.6869025669541239,0.014062228694826309,0.6574934921798058,0.01148100382469292,0.7796163320207513,0.008166882206864167,0.8689523043093246,0.005634977743283693,0.5435729317054184,0.015256597853945083,0.5426584325522121,0.015173739075854006,0.0,0.0,,,0.3231165810507128,0.01190253736297543
XGBoost,0.7169832858330143,0.007631576556935989,0.7441656586152625,0.006066183830814753,0.7302962672603728,0.005428729388225378,0.8254808875600584,0.003502693316267521,0.9292647475215869,0.0015055295284745853,0.6428487300368669,0.0073665456839600305,0.6426336115408561,0.0073983280157080295,0.0,0.0,,,0.2555818998932772,0.005116447457624554
