model,Precision_mean,Precision_std,Recall_mean,Recall_std,F1_mean,F1_std,BAC_mean,BAC_std,AUC_mean,AUC_std,MCC_mean,MCC_std,Kappa_mean,Kappa_std,BND_ratio_mean,BND_ratio_std,POS_Coverage_mean,POS_Coverage_std,Regret_mean,Regret_std
BTTWD,0.5333593321093018,0.007348582130644042,0.7560944857668652,0.013704288653448906,0.6254632958635687,0.008733723334021936,0.8342242697612333,0.006911758320249512,0.9328039920455623,0.00412492609594326,0.5776253942635855,0.0104826882673514,0.5659130844616447,0.010022508610065312,0.1279998536325364,0.006261169949799466,0.0592776291151693,0.0029701177228096407,0.20447458104209182,0.002999711516287568
LogReg,0.623768950292322,0.018441444504410542,0.43656458965614064,0.014859048999503424,0.5132407108800727,0.008340419803535578,0.7007731610313599,0.006166942936433118,0.9066318333403952,0.004967834662536887,0.47063102787734534,0.008158933210757403,0.4613572442999043,0.008427590650313111,0.0,0.0,,,0.2286613029742167,0.0033596062870897754
XGBoost,0.6063814687049421,0.010676861741353547,0.6038901695957993,0.013178623331652496,0.605067260527643,0.01026241034325964,0.7759693920222419,0.006619161022368772,0.9352389145054509,0.003093320881754512,0.5529130713960464,0.011429250484035001,0.5528730694278409,0.011455209074095363,0.0,0.0,,,0.18488870654920775,0.004848464757689332
