model,Precision_mean,Precision_std,Recall_mean,Recall_std,F1_mean,F1_std,BAC_mean,BAC_std,AUC_mean,AUC_std,MCC_mean,MCC_std,Kappa_mean,Kappa_std,BND_ratio_mean,BND_ratio_std,POS_Coverage_mean,POS_Coverage_std,Regret_mean,Regret_std
BTTWD,0.3127732432419122,0.0067728114524106256,0.2736890876660872,0.007567783870918035,0.29192146999151125,0.0071189066441876584,0.5812830630637777,0.003940858766544773,0.6778333101479351,0.0028840538460060783,0.17180804400705535,0.0079030629428551,0.1712823527140051,0.007920823996744568,0.043930000000000004,0.008800664037446266,0.044115,0.01033090932590157,0.46439499999999995,0.005594798086168972
