fold,model,Precision,Recall,F1,BAC,AUC,MCC,Kappa
1,BTTWD,0.5005884660651235,0.8132568514977693,0.6197183098591549,0.7778865163637714,0.8691148382598939,0.48696352473936705,0.4581085139061295
2,BTTWD,0.5215918712955123,0.7857142857142857,0.6269720101781171,0.778577207582062,0.8780359800170068,0.49547739049235084,0.47502723134235125
3,BTTWD,0.5067209775967414,0.7933673469387755,0.6184439473030078,0.7742119906214913,0.8720230355491712,0.4838385247548936,0.4596477541146239
4,BTTWD,0.5151515151515151,0.7806122448979592,0.6206896551724137,0.7738012680800476,0.8717435017089359,0.48636714277132864,0.4656730249440111
5,BTTWD,0.5021577089054531,0.8163265306122449,0.6218119990284188,0.7798258866653458,0.8783673701580148,0.49026759692612654,0.4611471792451627
