fold,model,Precision,Recall,F1,BAC,AUC,MCC,Kappa
1,BTTWD,0.6786389413988658,0.6864244741873805,0.6825095057034221,0.7916345671907776,0.9082780036343312,0.5810105663520294,0.5809941071030269
2,BTTWD,0.6823238566131026,0.7040816326530612,0.6930320150659134,0.8000586156792815,0.9129392048081368,0.5937821201271343,0.5936539761161485
3,BTTWD,0.6807716241443684,0.6977040816326531,0.6891338582677166,0.7969709728551615,0.9086969208192985,0.5890183344392649,0.588940632569048
4,BTTWD,0.6750152718387293,0.704719387755102,0.6895475819032761,0.7985571048807872,0.9059571795951391,0.5885156508661353,0.5882757225368881
5,BTTWD,0.6785494775660725,0.7040816326530612,0.6910798122065728,0.7991484215045241,0.9107221544564428,0.590884926099545,0.590708048005396
