fold,model,Precision,Recall,F1,BAC,AUC,MCC,Kappa
1,BTTWD,0.6029735682819384,0.6978967495219885,0.6469719350073855,0.7760317080943275,0.8740798794812932,0.5264673821479446,0.5239121582427391
2,BTTWD,0.616,0.7366071428571429,0.670926517571885,0.7954880374479889,0.8843620617239615,0.5580369745403214,0.5539460689242901
3,BTTWD,0.6076280041797283,0.7417091836734694,0.6680068925904652,0.7949039445875438,0.8771397173857408,0.5535634245028932,0.5484851683732714
4,BTTWD,0.6004262120404902,0.71875,0.6542815674891147,0.7835254854368932,0.8763375571709267,0.5352754842173733,0.5313032102360903
5,BTTWD,0.6133909287257019,0.7244897959183674,0.6643274853801169,0.7898338947229377,0.8794174602486626,0.5493864947182598,0.5459090255289869
