fold,model,Precision,Recall,F1,BAC,AUC,MCC,Kappa,BND_ratio,POS_Coverage,Regret
1,BTTWD,0.31101272827891535,0.27023561468184004,0.28919382504288166,0.5798025026994699,0.675299189171799,0.169186510273097,0.16861597948275042,0.042375,0.050625,0.462775
2,BTTWD,0.3074972835929011,0.2721589998397179,0.28875095655131366,0.5794461063592417,0.6780865527973646,0.16712773328973665,0.1667008769245486,0.030775,0.0278,0.460725
3,BTTWD,0.3242802824551874,0.28706523481327134,0.30454004421016834,0.5882617427287529,0.6819176300806289,0.1856587327416781,0.1851859352155183,0.0428,0.0403,0.4580125
4,BTTWD,0.31279005012066086,0.2700753325853502,0.2898675382762773,0.5802110912504667,0.6789903869624556,0.1705047394213424,0.16987793912767013,0.0538,0.048575,0.4705875
5,BTTWD,0.30828587176189604,0.2689102564102564,0.28725498587691517,0.5786938722809576,0.6748727917274273,0.1665625043094225,0.16603103281953813,0.0499,0.053275,0.469875
