model,Precision_mean,Precision_std,Recall_mean,Recall_std,F1_mean,F1_std,BAC_mean,BAC_std,AUC_mean,AUC_std,MCC_mean,MCC_std,Kappa_mean,Kappa_std,BND_ratio_mean,BND_ratio_std,POS_Coverage_mean,POS_Coverage_std,Regret_mean,Regret_std
BTTWD,0.3127732432419122,0.0067728114524106256,0.2736890876660872,0.007567783870918035,0.29192146999151125,0.0071189066441876584,0.5812830630637777,0.003940858766544773,0.6778333101479351,0.0028840538460060783,0.17180804400705535,0.0079030629428551,0.1712823527140051,0.007920823996744568,0.038835,0.009069550705520091,0.035405000000000006,0.008621655148519917,0.457925,0.0030796585646789003
XGBoost,0.3618471301881666,0.013824581666480736,0.1438968790198955,0.004612563312748342,0.20589761962834613,0.006801577883026597,0.5484863142640564,0.0028677594450236795,0.6795212489687339,0.0030936278979351328,0.14588369516357322,0.009109494775631345,0.12852785132973474,0.00778156204132239,0.0,0.0,,,0.44021,0.00318326090668045
