Precision,Recall,F1,BAC,AUC,MCC,Kappa,model
0.6080837426455717,0.7238905743941937,0.6609028796077935,0.7879566140579383,0.8782673352021169,0.5445459520253585,0.5407111262610755,BTTWD
0.7350879925245289,0.6019640351995919,0.6618987519282008,0.7665766777939707,0.906750916991385,0.572938465416799,0.5682895577854225,LogReg
0.7389540126239855,0.6270883815839816,0.6784408416695412,0.7784106956463597,0.9056577991835301,0.5904401888078337,0.5871679801289834,RandomForest
0.7078488372093024,0.5589848233643668,0.6246704197249341,0.7429026058569407,0.8833245137273208,0.5293096670357732,0.5233835453199825,KNN
0.7858891949801041,0.6548909577859967,0.7144347826086958,0.7991485533266554,0.9292183048278715,0.6387416585440351,0.6343994315267214,XGBoost
