model,Precision_mean,Precision_std,Recall_mean,Recall_std,F1_mean,F1_std,BAC_mean,BAC_std,AUC_mean,AUC_std,MCC_mean,MCC_std,Kappa_mean,Kappa_std,BND_ratio_mean,BND_ratio_std,POS_Coverage_mean,POS_Coverage_std,Regret_mean,Regret_std
Baseline_XGB_TWD,0.7116423584483371,0.001061184974628991,0.9962228132468294,0.00028976501764909273,0.8302224166073838,0.0007429605848058138,0.6407243098492212,0.0018547011639611143,0.8916135756170279,0.0010796479864010797,0.44026781972962137,0.0034583694669875153,0.33271529160004515,0.004081076003662334,0.00035704206848132344,0.00011018020069188854,0.8946067301357165,0.0013345734553892933,0.2702242859583172,0.0016143451005595306
