model,Precision_mean,Precision_std,Recall_mean,Recall_std,F1_mean,F1_std,BAC_mean,BAC_std,AUC_mean,AUC_std,MCC_mean,MCC_std,Kappa_mean,Kappa_std,BND_ratio_mean,BND_ratio_std,POS_Coverage_mean,POS_Coverage_std,Regret_mean,Regret_std
BTTWD,0.24504024589133308,0.001690146874331023,0.6173489028615424,0.0030693102270922673,0.3508254484113817,0.0019306771331740376,0.6330744324765692,0.0018954243951900707,0.6843131016107968,0.0018431385517570476,0.19768809017349173,0.0029512540683726603,0.16435195623479285,0.0027957421469683567,0.199287,0.0036490745402087865,0.07072500000000001,0.0023928878995891152,0.680852,0.0016870058535761012
XGBoost,0.2770636640539502,0.0009872427051816285,0.4682214808161171,0.0017996434244842722,0.3481270056871326,0.0011961346941248908,0.621322577307151,0.0009539186827927365,0.6847985442325308,0.001483626127598442,0.19981401521425085,0.0015698789294399877,0.18937768945985076,0.0014972011644421462,0.0,0.0,,,0.604833,0.0015037705942064579
