Precision,Recall,F1,BAC,AUC,MCC,Kappa,model
0.6790598343122276,0.6994022417762515,0.6890605546293801,0.7972739364221064,0.9093186926626696,0.5886423195768218,0.5885144972661015,BTTWD
0.7350879925245289,0.6019640351995919,0.6618987519282008,0.7665766777939707,0.906750916991385,0.572938465416799,0.5682895577854225,LogReg
0.7389540126239855,0.6270883815839816,0.6784408416695412,0.7784106956463597,0.9056577991835301,0.5904401888078337,0.5871679801289834,RandomForest
