Precision,Recall,F1,BAC,AUC,MCC,Kappa,model
0.509242107802869,0.797855451932207,0.6215271843082224,0.7768605738625436,0.8738569451386045,0.48858283593681334,0.4639207407104557,BTTWD
0.7350879925245289,0.6019640351995919,0.6618987519282008,0.7665766777939707,0.906750916991385,0.572938465416799,0.5682895577854225,LogReg
0.7389540126239855,0.6270883815839816,0.6784408416695412,0.7784106956463597,0.9056577991835301,0.5904401888078337,0.5871679801289834,RandomForest
0.7112493519958528,0.5249330442545593,0.6040504842970355,0.7286679784379593,0.8689428524612762,0.5115191973440704,0.5022539787534914,KNN
0.7858891949801041,0.6548909577859967,0.7144347826086958,0.7991485533266554,0.9292183048278715,0.6387416585440351,0.6343994315267214,XGBoost
