fold,model,Precision,Recall,F1,BAC,AUC,MCC,Kappa,BND_ratio,POS_Coverage,Regret
1,BTTWD,0.6,0.7131931166347992,0.6517181129877694,0.7811515744986294,0.8720048223983696,0.5319229649448423,0.5282856117188647,0.09949332105020728,0.28635037617073544,0.31690465223399356
2,BTTWD,0.5885797950219619,0.7691326530612245,0.6668509814763616,0.7993114721616802,0.8843502586107258,0.5511644479473373,0.5418700345160974,0.0714066339066339,0.31464987714987713,0.2935350122850123
3,BTTWD,0.6055966209081309,0.7315051020408163,0.6626227614095898,0.7902064345155537,0.876694036989796,0.5464272405737697,0.5419431302454206,0.06587837837837837,0.29084766584766586,0.2995239557739558
4,BTTWD,0.5917836713468538,0.7257653061224489,0.6519621884846748,0.7834934944851727,0.8731714204188957,0.5314185159079897,0.5263039919381491,0.056971744471744475,0.2953009828009828,0.3142659705159705
5,BTTWD,0.5968074150360453,0.7391581632653061,0.6603988603988603,0.7903921884287696,0.8770629004028796,0.5428057914313112,0.5370489475522406,0.0625,0.29821867321867324,0.30121314496314494
