model,Precision_mean,Precision_std,Recall_mean,Recall_std,F1_mean,F1_std,BAC_mean,BAC_std,AUC_mean,AUC_std,MCC_mean,MCC_std,Kappa_mean,Kappa_std,BND_ratio_mean,BND_ratio_std,POS_Coverage_mean,POS_Coverage_std,Regret_mean,Regret_std,Precision,Recall,F1,BAC,AUC,MCC,Kappa
BTTWD,0.5965535004625984,0.006709174824666729,0.735750868224919,0.020931694604973742,0.6587105809514512,0.006686870965636829,0.7889110328179612,0.007099294701599121,0.8766566877641333,0.0048255666997007686,0.54074779216105,0.0088021472357739,0.5350903431941545,0.0074206700281552965,0.07125001556139281,0.016635768075900573,0.29707351503758683,0.010806579803356866,0.3050885471544154,0.01004132742921663,,,,,,,
LogReg,,,,,,,,,,,,,,,,,,,,,0.7350879925245289,0.6019640351995919,0.6618987519282008,0.7665766777939707,0.9067505145759016,0.572938465416799,0.5682895577854225
RandomForest,,,,,,,,,,,,,,,,,,,,,0.7389540126239855,0.6270883815839816,0.6784408416695412,0.7784106956463597,0.9056577991835301,0.5904401888078337,0.5871679801289834
KNN,,,,,,,,,,,,,,,,,,,,,0.7112493519958528,0.5249330442545593,0.6040504842970355,0.7286679784379593,0.8689428524612762,0.5115191973440704,0.5022539787534914
XGBoost,,,,,,,,,,,,,,,,,,,,,0.7858891949801041,0.6548909577859967,0.7144347826086958,0.7991485533266554,0.9292183048278715,0.6387416585440351,0.6343994315267214
