fold,bucket_id,parent_id,level,split_name,split_type,split_rule,n_samples_total,n_train,n_val,n_test,is_leaf,is_weak,effective_bucket_id
1,ROOT,ROOT,0,ROOT,ROOT,all,113754,15905,6805,1870.0,False,False,ROOT
1,L1_Location=Adelaide,ROOT,1,L1_Location,category_group,Adelaide,2443,376,290,,False,False,L1_Location=Adelaide
1,L1_Location=Albany,ROOT,1,L1_Location,category_group,Albany,2415,351,307,,False,True,ROOT
1,L1_Location=Albury,ROOT,1,L1_Location,category_group,Albury,2437,350,256,,False,False,L1_Location=Albury
1,L1_Location=AliceSprings,ROOT,1,L1_Location,category_group,AliceSprings,2407,449,200,,False,False,L1_Location=AliceSprings
1,L1_Location=BadgerysCreek,ROOT,1,L1_Location,category_group,BadgerysCreek,2306,583,270,,False,False,L1_Location=BadgerysCreek
1,L1_Location=Ballarat,ROOT,1,L1_Location,category_group,Ballarat,2406,348,274,,False,False,L1_Location=Ballarat
1,L1_Location=Bendigo,ROOT,1,L1_Location,category_group,Bendigo,2420,582,266,,False,False,L1_Location=Bendigo
1,L1_Location=Brisbane,ROOT,1,L1_Location,category_group,Brisbane,2559,367,310,,False,True,ROOT
1,L1_Location=Cairns,ROOT,1,L1_Location,category_group,Cairns,2394,362,312,,False,True,ROOT
1,L1_Location=Canberra,ROOT,1,L1_Location,category_group,Canberra,2750,395,281,,False,True,ROOT
1,L1_Location=Cobar,ROOT,1,L1_Location,category_group,Cobar,2370,495,216,,False,False,L1_Location=Cobar
1,L1_Location=CoffsHarbour,ROOT,1,L1_Location,category_group,CoffsHarbour,2373,342,287,,False,True,ROOT
1,L1_Location=Dartmoor,ROOT,1,L1_Location,category_group,Dartmoor,2366,326,337,,False,False,L1_Location=Dartmoor
1,L1_Location=Darwin,ROOT,1,L1_Location,category_group,Darwin,2535,357,297,,False,False,L1_Location=Darwin
1,L1_Location=GoldCoast,ROOT,1,L1_Location,category_group,GoldCoast,2394,359,292,,False,True,ROOT
1,L1_Location=Hobart,ROOT,1,L1_Location,category_group,Hobart,2516,348,314,,False,True,ROOT
1,L1_Location=Katherine,ROOT,1,L1_Location,category_group,Katherine,1281,292,146,,False,False,L1_Location=Katherine
1,L1_Location=Launceston,ROOT,1,L1_Location,category_group,Launceston,2383,338,263,,False,True,ROOT
1,L1_Location=Melbourne,ROOT,1,L1_Location,category_group,Melbourne,1967,342,234,,False,True,ROOT
1,L1_Location=MelbourneAirport,ROOT,1,L1_Location,category_group,MelbourneAirport,2453,348,254,,False,True,ROOT
1,L1_Location=Mildura,ROOT,1,L1_Location,category_group,Mildura,2415,491,203,,False,False,L1_Location=Mildura
1,L1_Location=Moree,ROOT,1,L1_Location,category_group,Moree,2272,519,218,,False,True,ROOT
1,L1_Location=MountGambier,ROOT,1,L1_Location,category_group,MountGambier,2410,343,322,,False,False,L1_Location=MountGambier
1,L1_Location=MountGinini,ROOT,1,L1_Location,category_group,MountGinini,2349,377,298,,False,False,L1_Location=MountGinini
1,L1_Location=Newcastle,ROOT,1,L1_Location,category_group,Newcastle,2343,328,301,,False,True,ROOT
1,L1_Location=Nhil,ROOT,1,L1_Location,category_group,Nhil,1260,297,113,,False,False,L1_Location=Nhil
1,L1_Location=NorahHead,ROOT,1,L1_Location,category_group,NorahHead,2350,351,298,,False,False,L1_Location=NorahHead
1,L1_Location=NorfolkIsland,ROOT,1,L1_Location,category_group,NorfolkIsland,2387,340,305,,False,True,ROOT
1,L1_Location=Nuriootpa,ROOT,1,L1_Location,category_group,Nuriootpa,2418,342,254,,False,False,L1_Location=Nuriootpa
1,L1_Location=PearceRAAF,ROOT,1,L1_Location,category_group,PearceRAAF,2200,575,233,,False,True,ROOT
1,L1_Location=Penrith,ROOT,1,L1_Location,category_group,Penrith,2383,353,275,,False,True,ROOT
1,L1_Location=Perth,ROOT,1,L1_Location,category_group,Perth,2534,347,276,,False,False,L1_Location=Perth
1,L1_Location=PerthAirport,ROOT,1,L1_Location,category_group,PerthAirport,2423,341,248,,False,False,L1_Location=PerthAirport
1,L1_Location=Portland,ROOT,1,L1_Location,category_group,Portland,2389,331,368,,False,True,ROOT
1,L1_Location=Richmond,ROOT,1,L1_Location,category_group,Richmond,2389,351,257,,False,False,L1_Location=Richmond
1,L1_Location=Sale,ROOT,1,L1_Location,category_group,Sale,2369,339,253,,False,True,ROOT
1,L1_Location=SalmonGums,ROOT,1,L1_Location,category_group,SalmonGums,2330,524,249,,False,True,ROOT
1,L1_Location=Sydney,ROOT,1,L1_Location,category_group,Sydney,2685,377,342,,False,False,L1_Location=Sydney
1,L1_Location=SydneyAirport,ROOT,1,L1_Location,category_group,SydneyAirport,2398,339,270,,False,False,L1_Location=SydneyAirport
1,L1_Location=Townsville,ROOT,1,L1_Location,category_group,Townsville,2393,545,260,,False,False,L1_Location=Townsville
1,L1_Location=Tuggeranong,ROOT,1,L1_Location,category_group,Tuggeranong,2396,354,250,,False,False,L1_Location=Tuggeranong
1,L1_Location=Uluru,ROOT,1,L1_Location,category_group,Uluru,1191,220,103,,False,True,ROOT
1,L1_Location=WaggaWagga,ROOT,1,L1_Location,category_group,WaggaWagga,2381,561,263,,False,False,L1_Location=WaggaWagga
1,L1_Location=Walpole,ROOT,1,L1_Location,category_group,Walpole,2235,331,327,,False,True,ROOT
1,L1_Location=Watsonia,ROOT,1,L1_Location,category_group,Watsonia,2390,341,286,,False,False,L1_Location=Watsonia
1,L1_Location=Williamtown,ROOT,1,L1_Location,category_group,Williamtown,2068,365,286,,False,True,ROOT
1,L1_Location=Witchcliffe,ROOT,1,L1_Location,category_group,Witchcliffe,2363,338,344,,False,False,L1_Location=Witchcliffe
1,L1_Location=Wollongong,ROOT,1,L1_Location,category_group,Wollongong,2431,357,286,,False,True,ROOT
1,L1_Location=Woomera,ROOT,1,L1_Location,category_group,Woomera,2427,435,177,,False,True,ROOT
1,L1_Location=Adelaide|L2_RainToday=rain_today_no,L1_Location=Adelaide,2,L2_RainToday,category_group,rain_today_no,1840,314,529,,False,False,L1_Location=Adelaide|L2_RainToday=rain_today_no
1,L1_Location=Adelaide|L2_RainToday=rain_today_yes,L1_Location=Adelaide,2,L2_RainToday,category_group,rain_today_yes,543,379,164,,False,False,L1_Location=Adelaide|L2_RainToday=rain_today_yes
1,L1_Location=Adelaide|L2_RainToday=others,L1_Location=Adelaide,2,L2_RainToday,category_group,others,60,39,21,10.0,True,True,L1_Location=Adelaide
1,L1_Location=Albany|L2_RainToday=rain_today_no,L1_Location=Albany,2,L2_RainToday,category_group,rain_today_no,1694,479,491,,False,False,L1_Location=Albany|L2_RainToday=rain_today_no
1,L1_Location=Albany|L2_RainToday=rain_today_yes,L1_Location=Albany,2,L2_RainToday,category_group,rain_today_yes,710,501,209,,False,True,ROOT
1,L1_Location=Albany|L2_RainToday=others,L1_Location=Albany,2,L2_RainToday,category_group,others,11,11,0,9.0,True,True,ROOT
1,L1_Location=Albury|L2_RainToday=rain_today_no,L1_Location=Albury,2,L2_RainToday,category_group,rain_today_no,1923,357,589,,False,True,L1_Location=Albury
1,L1_Location=Albury|L2_RainToday=rain_today_yes,L1_Location=Albury,2,L2_RainToday,category_group,rain_today_yes,498,363,135,117.0,True,True,L1_Location=Albury
1,L1_Location=Albury|L2_RainToday=others,L1_Location=Albury,2,L2_RainToday,category_group,others,16,12,4,4.0,True,True,L1_Location=Albury
1,L1_Location=AliceSprings|L2_RainToday=rain_today_no,L1_Location=AliceSprings,2,L2_RainToday,category_group,rain_today_no,2196,401,162,,False,True,L1_Location=AliceSprings
1,L1_Location=AliceSprings|L2_RainToday=others,L1_Location=AliceSprings,2,L2_RainToday,category_group,others,211,143,68,36.0,True,True,L1_Location=AliceSprings
1,L1_Location=BadgerysCreek|L2_RainToday=rain_today_no,L1_Location=BadgerysCreek,2,L2_RainToday,category_group,rain_today_no,1815,352,278,,False,False,L1_Location=BadgerysCreek|L2_RainToday=rain_today_no
1,L1_Location=BadgerysCreek|L2_RainToday=rain_today_yes,L1_Location=BadgerysCreek,2,L2_RainToday,category_group,rain_today_yes,451,300,151,121.0,True,True,L1_Location=BadgerysCreek
1,L1_Location=BadgerysCreek|L2_RainToday=others,L1_Location=BadgerysCreek,2,L2_RainToday,category_group,others,40,28,12,11.0,True,True,L1_Location=BadgerysCreek
1,L1_Location=Ballarat|L2_RainToday=rain_today_no,L1_Location=Ballarat,2,L2_RainToday,category_group,rain_today_no,1801,477,521,,False,True,L1_Location=Ballarat
1,L1_Location=Ballarat|L2_RainToday=rain_today_yes,L1_Location=Ballarat,2,L2_RainToday,category_group,rain_today_yes,596,428,168,,False,True,L1_Location=Ballarat
1,L1_Location=Ballarat|L2_RainToday=others,L1_Location=Ballarat,2,L2_RainToday,category_group,others,9,7,2,2.0,True,True,L1_Location=Ballarat
1,L1_Location=Bendigo|L2_RainToday=rain_today_no,L1_Location=Bendigo,2,L2_RainToday,category_group,rain_today_no,1964,366,562,,False,True,L1_Location=Bendigo
1,L1_Location=Bendigo|L2_RainToday=rain_today_yes,L1_Location=Bendigo,2,L2_RainToday,category_group,rain_today_yes,453,300,153,109.0,True,True,L1_Location=Bendigo
1,L1_Location=Bendigo|L2_RainToday=others,L1_Location=Bendigo,2,L2_RainToday,category_group,others,3,2,1,1.0,True,True,L1_Location=Bendigo
1,L1_Location=Brisbane|L2_RainToday=rain_today_no,L1_Location=Brisbane,2,L2_RainToday,category_group,rain_today_no,1962,541,232,,False,False,L1_Location=Brisbane|L2_RainToday=rain_today_no
1,L1_Location=Brisbane|L2_RainToday=rain_today_yes,L1_Location=Brisbane,2,L2_RainToday,category_group,rain_today_yes,572,390,182,,False,True,ROOT
1,L1_Location=Brisbane|L2_RainToday=others,L1_Location=Brisbane,2,L2_RainToday,category_group,others,25,15,10,4.0,True,True,ROOT
1,L1_Location=Cairns|L2_RainToday=rain_today_no,L1_Location=Cairns,2,L2_RainToday,category_group,rain_today_no,1610,416,138,,False,False,L1_Location=Cairns|L2_RainToday=rain_today_no
1,L1_Location=Cairns|L2_RainToday=rain_today_yes,L1_Location=Cairns,2,L2_RainToday,category_group,rain_today_yes,766,540,226,,False,False,L1_Location=Cairns|L2_RainToday=rain_today_yes
1,L1_Location=Cairns|L2_RainToday=others,L1_Location=Cairns,2,L2_RainToday,category_group,others,18,14,4,6.0,True,True,ROOT
1,L1_Location=Canberra|L2_RainToday=rain_today_no,L1_Location=Canberra,2,L2_RainToday,category_group,rain_today_no,2222,403,401,,False,True,ROOT
1,L1_Location=Canberra|L2_RainToday=rain_today_yes,L1_Location=Canberra,2,L2_RainToday,category_group,rain_today_yes,515,370,145,109.0,True,False,L1_Location=Canberra|L2_RainToday=rain_today_yes
1,L1_Location=Canberra|L2_RainToday=others,L1_Location=Canberra,2,L2_RainToday,category_group,others,13,11,2,3.0,True,True,ROOT
1,L1_Location=Cobar|L2_RainToday=rain_today_no,L1_Location=Cobar,2,L2_RainToday,category_group,rain_today_no,2073,587,278,,False,True,L1_Location=Cobar
1,L1_Location=Cobar|L2_RainToday=others,L1_Location=Cobar,2,L2_RainToday,category_group,others,297,214,83,95.0,True,True,L1_Location=Cobar
1,L1_Location=CoffsHarbour|L2_RainToday=rain_today_no,L1_Location=CoffsHarbour,2,L2_RainToday,category_group,rain_today_no,1666,233,196,,False,False,L1_Location=CoffsHarbour|L2_RainToday=rain_today_no
1,L1_Location=CoffsHarbour|L2_RainToday=rain_today_yes,L1_Location=CoffsHarbour,2,L2_RainToday,category_group,rain_today_yes,698,513,185,,False,False,L1_Location=CoffsHarbour|L2_RainToday=rain_today_yes
1,L1_Location=CoffsHarbour|L2_RainToday=others,L1_Location=CoffsHarbour,2,L2_RainToday,category_group,others,9,6,3,4.0,True,True,ROOT
1,L1_Location=Dartmoor|L2_RainToday=rain_today_no,L1_Location=Dartmoor,2,L2_RainToday,category_group,rain_today_no,1620,667,499,,False,True,L1_Location=Dartmoor
1,L1_Location=Dartmoor|L2_RainToday=rain_today_yes,L1_Location=Dartmoor,2,L2_RainToday,category_group,rain_today_yes,742,507,235,,False,False,L1_Location=Dartmoor|L2_RainToday=rain_today_yes
1,L1_Location=Dartmoor|L2_RainToday=others,L1_Location=Dartmoor,2,L2_RainToday,category_group,others,4,1,3,,True,True,L1_Location=Dartmoor
1,L1_Location=Darwin|L2_RainToday=rain_today_no,L1_Location=Darwin,2,L2_RainToday,category_group,rain_today_no,1845,309,311,,False,False,L1_Location=Darwin|L2_RainToday=rain_today_no
1,L1_Location=Darwin|L2_RainToday=rain_today_yes,L1_Location=Darwin,2,L2_RainToday,category_group,rain_today_yes,690,504,186,,False,True,L1_Location=Darwin
1,L1_Location=GoldCoast|L2_RainToday=rain_today_no,L1_Location=GoldCoast,2,L2_RainToday,category_group,rain_today_no,1747,243,216,,False,True,ROOT
1,L1_Location=GoldCoast|L2_RainToday=rain_today_yes,L1_Location=GoldCoast,2,L2_RainToday,category_group,rain_today_yes,602,430,172,,False,False,L1_Location=GoldCoast|L2_RainToday=rain_today_yes
1,L1_Location=GoldCoast|L2_RainToday=others,L1_Location=GoldCoast,2,L2_RainToday,category_group,others,45,30,15,11.0,True,True,ROOT
1,L1_Location=Hobart|L2_RainToday=rain_today_no,L1_Location=Hobart,2,L2_RainToday,category_group,rain_today_no,1913,615,271,,False,True,ROOT
1,L1_Location=Hobart|L2_RainToday=rain_today_yes,L1_Location=Hobart,2,L2_RainToday,category_group,rain_today_yes,599,403,196,,False,True,ROOT
1,L1_Location=Hobart|L2_RainToday=others,L1_Location=Hobart,2,L2_RainToday,category_group,others,4,1,3,1.0,True,True,ROOT
1,L1_Location=Katherine|L2_RainToday=rain_today_no,L1_Location=Katherine,2,L2_RainToday,category_group,rain_today_no,1052,402,358,,False,True,L1_Location=Katherine
1,L1_Location=Katherine|L2_RainToday=others,L1_Location=Katherine,2,L2_RainToday,category_group,others,229,154,75,,True,True,L1_Location=Katherine
1,L1_Location=Launceston|L2_RainToday=rain_today_no,L1_Location=Launceston,2,L2_RainToday,category_group,rain_today_no,1824,643,275,,False,True,ROOT
1,L1_Location=Launceston|L2_RainToday=rain_today_yes,L1_Location=Launceston,2,L2_RainToday,category_group,rain_today_yes,554,402,152,143.0,True,False,L1_Location=Launceston|L2_RainToday=rain_today_yes
1,L1_Location=Launceston|L2_RainToday=others,L1_Location=Launceston,2,L2_RainToday,category_group,others,5,2,3,3.0,True,True,ROOT
1,L1_Location=Melbourne|L2_RainToday=rain_today_no,L1_Location=Melbourne,2,L2_RainToday,category_group,rain_today_no,1390,488,389,,False,False,L1_Location=Melbourne|L2_RainToday=rain_today_no
1,L1_Location=Melbourne|L2_RainToday=rain_today_yes,L1_Location=Melbourne,2,L2_RainToday,category_group,rain_today_yes,474,347,127,,False,False,L1_Location=Melbourne|L2_RainToday=rain_today_yes
1,L1_Location=Melbourne|L2_RainToday=others,L1_Location=Melbourne,2,L2_RainToday,category_group,others,103,73,30,,True,True,ROOT
1,L1_Location=MelbourneAirport|L2_RainToday=rain_today_no,L1_Location=MelbourneAirport,2,L2_RainToday,category_group,rain_today_no,1933,389,297,,False,False,L1_Location=MelbourneAirport|L2_RainToday=rain_today_no
1,L1_Location=MelbourneAirport|L2_RainToday=rain_today_yes,L1_Location=MelbourneAirport,2,L2_RainToday,category_group,rain_today_yes,520,380,140,,False,True,ROOT
1,L1_Location=Mildura|L2_RainToday=rain_today_no,L1_Location=Mildura,2,L2_RainToday,category_group,rain_today_no,2151,341,280,,False,False,L1_Location=Mildura|L2_RainToday=rain_today_no
1,L1_Location=Mildura|L2_RainToday=others,L1_Location=Mildura,2,L2_RainToday,category_group,others,264,189,75,64.0,True,True,L1_Location=Mildura
1,L1_Location=Moree|L2_RainToday=rain_today_no,L1_Location=Moree,2,L2_RainToday,category_group,rain_today_no,1918,506,208,,False,False,L1_Location=Moree|L2_RainToday=rain_today_no
1,L1_Location=Moree|L2_RainToday=others,L1_Location=Moree,2,L2_RainToday,category_group,others,354,247,107,91.0,True,True,ROOT
1,L1_Location=MountGambier|L2_RainToday=rain_today_no,L1_Location=MountGambier,2,L2_RainToday,category_group,rain_today_no,1677,416,491,,False,True,L1_Location=MountGambier
1,L1_Location=MountGambier|L2_RainToday=rain_today_yes,L1_Location=MountGambier,2,L2_RainToday,category_group,rain_today_yes,727,503,224,,False,False,L1_Location=MountGambier|L2_RainToday=rain_today_yes
1,L1_Location=MountGambier|L2_RainToday=others,L1_Location=MountGambier,2,L2_RainToday,category_group,others,6,6,0,2.0,True,True,L1_Location=MountGambier
1,L1_Location=MountGinini|L2_RainToday=rain_today_no,L1_Location=MountGinini,2,L2_RainToday,category_group,rain_today_no,1648,446,445,,False,True,L1_Location=MountGinini
1,L1_Location=MountGinini|L2_RainToday=rain_today_yes,L1_Location=MountGinini,2,L2_RainToday,category_group,rain_today_yes,630,198,187,,False,True,L1_Location=MountGinini
1,L1_Location=MountGinini|L2_RainToday=others,L1_Location=MountGinini,2,L2_RainToday,category_group,others,71,49,22,20.0,True,True,L1_Location=MountGinini
1,L1_Location=Newcastle|L2_RainToday=rain_today_no,L1_Location=Newcastle,2,L2_RainToday,category_group,rain_today_no,1752,466,572,,False,True,ROOT
1,L1_Location=Newcastle|L2_RainToday=rain_today_yes,L1_Location=Newcastle,2,L2_RainToday,category_group,rain_today_yes,571,389,182,150.0,True,True,ROOT
1,L1_Location=Newcastle|L2_RainToday=others,L1_Location=Newcastle,2,L2_RainToday,category_group,others,20,15,5,6.0,True,True,ROOT
1,L1_Location=Nhil|L2_RainToday=rain_today_no,L1_Location=Nhil,2,L2_RainToday,category_group,rain_today_no,1062,422,336,,False,False,L1_Location=Nhil|L2_RainToday=rain_today_no
1,L1_Location=Nhil|L2_RainToday=others,L1_Location=Nhil,2,L2_RainToday,category_group,others,198,152,46,,True,True,L1_Location=Nhil
1,L1_Location=NorahHead|L2_RainToday=rain_today_no,L1_Location=NorahHead,2,L2_RainToday,category_group,rain_today_no,1671,316,479,,False,True,L1_Location=NorahHead
1,L1_Location=NorahHead|L2_RainToday=rain_today_yes,L1_Location=NorahHead,2,L2_RainToday,category_group,rain_today_yes,648,453,195,,False,False,L1_Location=NorahHead|L2_RainToday=rain_today_yes
1,L1_Location=NorahHead|L2_RainToday=others,L1_Location=NorahHead,2,L2_RainToday,category_group,others,31,23,8,10.0,True,True,L1_Location=NorahHead
1,L1_Location=NorfolkIsland|L2_RainToday=rain_today_no,L1_Location=NorfolkIsland,2,L2_RainToday,category_group,rain_today_no,1636,223,235,,False,True,ROOT
1,L1_Location=NorfolkIsland|L2_RainToday=rain_today_yes,L1_Location=NorfolkIsland,2,L2_RainToday,category_group,rain_today_yes,735,539,196,,False,False,L1_Location=NorfolkIsland|L2_RainToday=rain_today_yes
1,L1_Location=NorfolkIsland|L2_RainToday=others,L1_Location=NorfolkIsland,2,L2_RainToday,category_group,others,16,11,5,4.0,True,True,ROOT
1,L1_Location=Nuriootpa|L2_RainToday=rain_today_no,L1_Location=Nuriootpa,2,L2_RainToday,category_group,rain_today_no,1922,359,587,,False,True,L1_Location=Nuriootpa
1,L1_Location=Nuriootpa|L2_RainToday=rain_today_yes,L1_Location=Nuriootpa,2,L2_RainToday,category_group,rain_today_yes,490,354,136,98.0,True,False,L1_Location=Nuriootpa|L2_RainToday=rain_today_yes
1,L1_Location=Nuriootpa|L2_RainToday=others,L1_Location=Nuriootpa,2,L2_RainToday,category_group,others,6,5,1,,True,True,L1_Location=Nuriootpa
1,L1_Location=PearceRAAF|L2_RainToday=rain_today_no,L1_Location=PearceRAAF,2,L2_RainToday,category_group,rain_today_no,1739,282,259,,False,False,L1_Location=PearceRAAF|L2_RainToday=rain_today_no
1,L1_Location=PearceRAAF|L2_RainToday=rain_today_yes,L1_Location=PearceRAAF,2,L2_RainToday,category_group,rain_today_yes,369,271,98,105.0,True,True,ROOT
1,L1_Location=PearceRAAF|L2_RainToday=others,L1_Location=PearceRAAF,2,L2_RainToday,category_group,others,92,58,34,24.0,True,True,ROOT
1,L1_Location=Penrith|L2_RainToday=rain_today_no,L1_Location=Penrith,2,L2_RainToday,category_group,rain_today_no,1857,366,578,,False,True,ROOT
1,L1_Location=Penrith|L2_RainToday=rain_today_yes,L1_Location=Penrith,2,L2_RainToday,category_group,rain_today_yes,481,334,147,100.0,True,True,ROOT
1,L1_Location=Penrith|L2_RainToday=others,L1_Location=Penrith,2,L2_RainToday,category_group,others,45,32,13,8.0,True,True,ROOT
1,L1_Location=Perth|L2_RainToday=rain_today_no,L1_Location=Perth,2,L2_RainToday,category_group,rain_today_no,2038,322,364,,False,False,L1_Location=Perth|L2_RainToday=rain_today_no
1,L1_Location=Perth|L2_RainToday=rain_today_yes,L1_Location=Perth,2,L2_RainToday,category_group,rain_today_yes,496,348,148,,False,True,L1_Location=Perth
1,L1_Location=PerthAirport|L2_RainToday=rain_today_no,L1_Location=PerthAirport,2,L2_RainToday,category_group,rain_today_no,1968,313,321,,False,True,L1_Location=PerthAirport
1,L1_Location=PerthAirport|L2_RainToday=rain_today_yes,L1_Location=PerthAirport,2,L2_RainToday,category_group,rain_today_yes,455,323,132,,False,True,L1_Location=PerthAirport
1,L1_Location=Portland|L2_RainToday=rain_today_no,L1_Location=Portland,2,L2_RainToday,category_group,rain_today_no,1526,503,481,,False,True,ROOT
1,L1_Location=Portland|L2_RainToday=rain_today_yes,L1_Location=Portland,2,L2_RainToday,category_group,rain_today_yes,854,338,268,,False,False,L1_Location=Portland|L2_RainToday=rain_today_yes
1,L1_Location=Portland|L2_RainToday=others,L1_Location=Portland,2,L2_RainToday,category_group,others,9,5,4,3.0,True,True,ROOT
1,L1_Location=Richmond|L2_RainToday=rain_today_no,L1_Location=Richmond,2,L2_RainToday,category_group,rain_today_no,1903,355,367,,False,True,L1_Location=Richmond
1,L1_Location=Richmond|L2_RainToday=rain_today_yes,L1_Location=Richmond,2,L2_RainToday,category_group,rain_today_yes,449,322,127,106.0,True,True,L1_Location=Richmond
1,L1_Location=Richmond|L2_RainToday=others,L1_Location=Richmond,2,L2_RainToday,category_group,others,37,28,9,8.0,True,True,L1_Location=Richmond
1,L1_Location=Sale|L2_RainToday=rain_today_no,L1_Location=Sale,2,L2_RainToday,category_group,rain_today_no,1864,595,245,,False,True,ROOT
1,L1_Location=Sale|L2_RainToday=rain_today_yes,L1_Location=Sale,2,L2_RainToday,category_group,rain_today_yes,499,356,143,,False,True,ROOT
1,L1_Location=Sale|L2_RainToday=others,L1_Location=Sale,2,L2_RainToday,category_group,others,6,5,1,2.0,True,True,ROOT
1,L1_Location=SalmonGums|L2_RainToday=rain_today_no,L1_Location=SalmonGums,2,L2_RainToday,category_group,rain_today_no,1945,320,291,,False,True,ROOT
1,L1_Location=SalmonGums|L2_RainToday=rain_today_yes,L1_Location=SalmonGums,2,L2_RainToday,category_group,rain_today_yes,373,244,129,96.0,True,False,L1_Location=SalmonGums|L2_RainToday=rain_today_yes
1,L1_Location=SalmonGums|L2_RainToday=others,L1_Location=SalmonGums,2,L2_RainToday,category_group,others,12,9,3,2.0,True,True,ROOT
1,L1_Location=Sydney|L2_RainToday=rain_today_no,L1_Location=Sydney,2,L2_RainToday,category_group,rain_today_no,1980,367,263,,False,True,L1_Location=Sydney
1,L1_Location=Sydney|L2_RainToday=rain_today_yes,L1_Location=Sydney,2,L2_RainToday,category_group,rain_today_yes,700,476,224,,False,False,L1_Location=Sydney|L2_RainToday=rain_today_yes
1,L1_Location=Sydney|L2_RainToday=others,L1_Location=Sydney,2,L2_RainToday,category_group,others,5,2,3,1.0,True,True,L1_Location=Sydney
1,L1_Location=SydneyAirport|L2_RainToday=rain_today_no,L1_Location=SydneyAirport,2,L2_RainToday,category_group,rain_today_no,1785,369,289,,False,False,L1_Location=SydneyAirport|L2_RainToday=rain_today_no
1,L1_Location=SydneyAirport|L2_RainToday=rain_today_yes,L1_Location=SydneyAirport,2,L2_RainToday,category_group,rain_today_yes,611,450,161,161.0,True,False,L1_Location=SydneyAirport|L2_RainToday=rain_today_yes
1,L1_Location=SydneyAirport|L2_RainToday=others,L1_Location=SydneyAirport,2,L2_RainToday,category_group,others,2,2,0,2.0,True,True,L1_Location=SydneyAirport
1,L1_Location=Townsville|L2_RainToday=rain_today_no,L1_Location=Townsville,2,L2_RainToday,category_group,rain_today_no,1984,458,208,,False,False,L1_Location=Townsville|L2_RainToday=rain_today_no
1,L1_Location=Townsville|L2_RainToday=rain_today_yes,L1_Location=Townsville,2,L2_RainToday,category_group,rain_today_yes,405,268,137,113.0,True,True,L1_Location=Townsville
1,L1_Location=Townsville|L2_RainToday=others,L1_Location=Townsville,2,L2_RainToday,category_group,others,4,4,0,2.0,True,True,L1_Location=Townsville
1,L1_Location=Tuggeranong|L2_RainToday=rain_today_no,L1_Location=Tuggeranong,2,L2_RainToday,category_group,rain_today_no,1932,333,555,,False,True,L1_Location=Tuggeranong
1,L1_Location=Tuggeranong|L2_RainToday=rain_today_yes,L1_Location=Tuggeranong,2,L2_RainToday,category_group,rain_today_yes,437,307,130,125.0,True,True,L1_Location=Tuggeranong
1,L1_Location=Tuggeranong|L2_RainToday=others,L1_Location=Tuggeranong,2,L2_RainToday,category_group,others,27,18,9,12.0,True,True,L1_Location=Tuggeranong
1,L1_Location=Uluru|L2_RainToday=rain_today_no,L1_Location=Uluru,2,L2_RainToday,category_group,rain_today_no,1085,192,85,,False,True,ROOT
1,L1_Location=Uluru|L2_RainToday=others,L1_Location=Uluru,2,L2_RainToday,category_group,others,106,71,35,,True,True,ROOT
1,L1_Location=WaggaWagga|L2_RainToday=rain_today_no,L1_Location=WaggaWagga,2,L2_RainToday,category_group,rain_today_no,1945,333,336,,False,True,L1_Location=WaggaWagga
1,L1_Location=WaggaWagga|L2_RainToday=rain_today_yes,L1_Location=WaggaWagga,2,L2_RainToday,category_group,rain_today_yes,422,285,137,111.0,True,True,L1_Location=WaggaWagga
1,L1_Location=WaggaWagga|L2_RainToday=others,L1_Location=WaggaWagga,2,L2_RainToday,category_group,others,14,11,3,4.0,True,True,L1_Location=WaggaWagga
1,L1_Location=Walpole|L2_RainToday=rain_today_no,L1_Location=Walpole,2,L2_RainToday,category_group,rain_today_no,1468,425,198,,False,False,L1_Location=Walpole|L2_RainToday=rain_today_no
1,L1_Location=Walpole|L2_RainToday=rain_today_yes,L1_Location=Walpole,2,L2_RainToday,category_group,rain_today_yes,723,502,221,,False,True,ROOT
1,L1_Location=Walpole|L2_RainToday=others,L1_Location=Walpole,2,L2_RainToday,category_group,others,44,29,15,5.0,True,True,ROOT
1,L1_Location=Watsonia|L2_RainToday=rain_today_no,L1_Location=Watsonia,2,L2_RainToday,category_group,rain_today_no,1791,366,275,,False,False,L1_Location=Watsonia|L2_RainToday=rain_today_no
1,L1_Location=Watsonia|L2_RainToday=rain_today_yes,L1_Location=Watsonia,2,L2_RainToday,category_group,rain_today_yes,592,412,180,,False,False,L1_Location=Watsonia|L2_RainToday=rain_today_yes
1,L1_Location=Watsonia|L2_RainToday=others,L1_Location=Watsonia,2,L2_RainToday,category_group,others,7,5,2,2.0,True,True,L1_Location=Watsonia
1,L1_Location=Williamtown|L2_RainToday=rain_today_no,L1_Location=Williamtown,2,L2_RainToday,category_group,rain_today_no,1416,504,450,,False,False,L1_Location=Williamtown|L2_RainToday=rain_today_no
1,L1_Location=Williamtown|L2_RainToday=rain_today_yes,L1_Location=Williamtown,2,L2_RainToday,category_group,rain_today_yes,508,354,154,,True,False,L1_Location=Williamtown|L2_RainToday=rain_today_yes
1,L1_Location=Williamtown|L2_RainToday=others,L1_Location=Williamtown,2,L2_RainToday,category_group,others,144,102,42,,True,True,ROOT
1,L1_Location=Witchcliffe|L2_RainToday=rain_today_no,L1_Location=Witchcliffe,2,L2_RainToday,category_group,rain_today_no,1641,229,203,,False,True,L1_Location=Witchcliffe
1,L1_Location=Witchcliffe|L2_RainToday=rain_today_yes,L1_Location=Witchcliffe,2,L2_RainToday,category_group,rain_today_yes,700,459,241,,False,False,L1_Location=Witchcliffe|L2_RainToday=rain_today_yes
1,L1_Location=Witchcliffe|L2_RainToday=others,L1_Location=Witchcliffe,2,L2_RainToday,category_group,others,22,17,5,6.0,True,True,L1_Location=Witchcliffe
1,L1_Location=Wollongong|L2_RainToday=rain_today_no,L1_Location=Wollongong,2,L2_RainToday,category_group,rain_today_no,1820,387,556,,False,True,ROOT
1,L1_Location=Wollongong|L2_RainToday=rain_today_yes,L1_Location=Wollongong,2,L2_RainToday,category_group,rain_today_yes,576,413,163,,False,False,L1_Location=Wollongong|L2_RainToday=rain_today_yes
1,L1_Location=Wollongong|L2_RainToday=others,L1_Location=Wollongong,2,L2_RainToday,category_group,others,35,23,12,5.0,True,True,ROOT
1,L1_Location=Woomera|L2_RainToday=rain_today_no,L1_Location=Woomera,2,L2_RainToday,category_group,rain_today_no,2267,545,233,,False,True,ROOT
1,L1_Location=Woomera|L2_RainToday=others,L1_Location=Woomera,2,L2_RainToday,category_group,others,160,115,45,47.0,True,True,ROOT
1,L1_Location=Adelaide|L2_RainToday=rain_today_no|L3_Humidity3pm=hum_low,L1_Location=Adelaide|L2_RainToday=rain_today_no,3,L3_Humidity3pm,numeric_bin,hum_low,971,702,269,239.0,True,True,L1_Location=Adelaide|L2_RainToday=rain_today_no
1,L1_Location=Adelaide|L2_RainToday=rain_today_no|L3_Humidity3pm=hum_mid,L1_Location=Adelaide|L2_RainToday=rain_today_no,3,L3_Humidity3pm,numeric_bin,hum_mid,777,543,234,242.0,True,True,L1_Location=Adelaide|L2_RainToday=rain_today_no
1,L1_Location=Adelaide|L2_RainToday=rain_today_no|L3_Humidity3pm=others,L1_Location=Adelaide|L2_RainToday=rain_today_no,3,L3_Humidity3pm,numeric_bin,others,92,66,26,23.0,True,True,L1_Location=Adelaide|L2_RainToday=rain_today_no
1,L1_Location=Adelaide|L2_RainToday=rain_today_yes|L3_Humidity3pm=hum_mid,L1_Location=Adelaide|L2_RainToday=rain_today_yes,3,L3_Humidity3pm,numeric_bin,hum_mid,361,251,110,85.0,True,True,L1_Location=Adelaide|L2_RainToday=rain_today_yes
1,L1_Location=Adelaide|L2_RainToday=rain_today_yes|L3_Humidity3pm=others,L1_Location=Adelaide|L2_RainToday=rain_today_yes,3,L3_Humidity3pm,numeric_bin,others,182,128,54,48.0,True,True,L1_Location=Adelaide|L2_RainToday=rain_today_yes
1,L1_Location=Albany|L2_RainToday=rain_today_no|L3_Humidity3pm=hum_high,L1_Location=Albany|L2_RainToday=rain_today_no,3,L3_Humidity3pm,numeric_bin,hum_high,492,343,149,96.0,True,False,L1_Location=Albany|L2_RainToday=rain_today_no|L3_Humidity3pm=hum_high
1,L1_Location=Albany|L2_RainToday=rain_today_no|L3_Humidity3pm=hum_mid,L1_Location=Albany|L2_RainToday=rain_today_no,3,L3_Humidity3pm,numeric_bin,hum_mid,779,561,218,209.0,True,True,L1_Location=Albany|L2_RainToday=rain_today_no
1,L1_Location=Albany|L2_RainToday=rain_today_no|L3_Humidity3pm=unknown,L1_Location=Albany|L2_RainToday=rain_today_no,3,L3_Humidity3pm,numeric_bin,unknown,383,270,113,98.0,True,True,L1_Location=Albany|L2_RainToday=rain_today_no
1,L1_Location=Albany|L2_RainToday=rain_today_no|L3_Humidity3pm=others,L1_Location=Albany|L2_RainToday=rain_today_no,3,L3_Humidity3pm,numeric_bin,others,40,29,11,6.0,True,True,L1_Location=Albany|L2_RainToday=rain_today_no
1,L1_Location=Albany|L2_RainToday=rain_today_yes|L3_Humidity3pm=hum_mid,L1_Location=Albany|L2_RainToday=rain_today_yes,3,L3_Humidity3pm,numeric_bin,hum_mid,301,207,94,78.0,True,True,ROOT
1,L1_Location=Albany|L2_RainToday=rain_today_yes|L3_Humidity3pm=others,L1_Location=Albany|L2_RainToday=rain_today_yes,3,L3_Humidity3pm,numeric_bin,others,409,294,115,105.0,True,True,ROOT
1,L1_Location=Albury|L2_RainToday=rain_today_no|L3_Humidity3pm=hum_low,L1_Location=Albury|L2_RainToday=rain_today_no,3,L3_Humidity3pm,numeric_bin,hum_low,873,591,282,203.0,True,True,L1_Location=Albury
1,L1_Location=Albury|L2_RainToday=rain_today_no|L3_Humidity3pm=hum_mid,L1_Location=Albury|L2_RainToday=rain_today_no,3,L3_Humidity3pm,numeric_bin,hum_mid,882,630,252,221.0,True,True,L1_Location=Albury
1,L1_Location=Albury|L2_RainToday=rain_today_no|L3_Humidity3pm=others,L1_Location=Albury|L2_RainToday=rain_today_no,3,L3_Humidity3pm,numeric_bin,others,168,113,55,29.0,True,True,L1_Location=Albury
1,L1_Location=AliceSprings|L2_RainToday=rain_today_no|L3_Humidity3pm=hum_low,L1_Location=AliceSprings|L2_RainToday=rain_today_no,3,L3_Humidity3pm,numeric_bin,hum_low,2040,1416,624,547.0,True,True,L1_Location=AliceSprings
1,L1_Location=AliceSprings|L2_RainToday=rain_today_no|L3_Humidity3pm=others,L1_Location=AliceSprings|L2_RainToday=rain_today_no,3,L3_Humidity3pm,numeric_bin,others,156,118,38,41.0,True,True,L1_Location=AliceSprings
1,L1_Location=BadgerysCreek|L2_RainToday=rain_today_no|L3_Humidity3pm=hum_low,L1_Location=BadgerysCreek|L2_RainToday=rain_today_no,3,L3_Humidity3pm,numeric_bin,hum_low,588,423,165,163.0,True,True,L1_Location=BadgerysCreek|L2_RainToday=rain_today_no
1,L1_Location=BadgerysCreek|L2_RainToday=rain_today_no|L3_Humidity3pm=hum_mid,L1_Location=BadgerysCreek|L2_RainToday=rain_today_no,3,L3_Humidity3pm,numeric_bin,hum_mid,1057,732,325,282.0,True,True,L1_Location=BadgerysCreek|L2_RainToday=rain_today_no
1,L1_Location=BadgerysCreek|L2_RainToday=rain_today_no|L3_Humidity3pm=others,L1_Location=BadgerysCreek|L2_RainToday=rain_today_no,3,L3_Humidity3pm,numeric_bin,others,170,122,48,45.0,True,True,L1_Location=BadgerysCreek|L2_RainToday=rain_today_no
1,L1_Location=Ballarat|L2_RainToday=rain_today_no|L3_Humidity3pm=hum_high,L1_Location=Ballarat|L2_RainToday=rain_today_no,3,L3_Humidity3pm,numeric_bin,hum_high,378,275,103,116.0,True,True,L1_Location=Ballarat
1,L1_Location=Ballarat|L2_RainToday=rain_today_no|L3_Humidity3pm=hum_low,L1_Location=Ballarat|L2_RainToday=rain_today_no,3,L3_Humidity3pm,numeric_bin,hum_low,543,369,174,133.0,True,True,L1_Location=Ballarat
1,L1_Location=Ballarat|L2_RainToday=rain_today_no|L3_Humidity3pm=hum_mid,L1_Location=Ballarat|L2_RainToday=rain_today_no,3,L3_Humidity3pm,numeric_bin,hum_mid,876,633,243,189.0,True,True,L1_Location=Ballarat
1,L1_Location=Ballarat|L2_RainToday=rain_today_no|L3_Humidity3pm=others,L1_Location=Ballarat|L2_RainToday=rain_today_no,3,L3_Humidity3pm,numeric_bin,others,4,3,1,,True,True,L1_Location=Ballarat
1,L1_Location=Ballarat|L2_RainToday=rain_today_yes|L3_Humidity3pm=hum_high,L1_Location=Ballarat|L2_RainToday=rain_today_yes,3,L3_Humidity3pm,numeric_bin,hum_high,337,238,99,105.0,True,True,L1_Location=Ballarat
1,L1_Location=Ballarat|L2_RainToday=rain_today_yes|L3_Humidity3pm=others,L1_Location=Ballarat|L2_RainToday=rain_today_yes,3,L3_Humidity3pm,numeric_bin,others,259,190,69,77.0,True,True,L1_Location=Ballarat
1,L1_Location=Bendigo|L2_RainToday=rain_today_no|L3_Humidity3pm=hum_low,L1_Location=Bendigo|L2_RainToday=rain_today_no,3,L3_Humidity3pm,numeric_bin,hum_low,955,673,282,239.0,True,True,L1_Location=Bendigo
1,L1_Location=Bendigo|L2_RainToday=rain_today_no|L3_Humidity3pm=hum_mid,L1_Location=Bendigo|L2_RainToday=rain_today_no,3,L3_Humidity3pm,numeric_bin,hum_mid,854,621,233,221.0,True,True,L1_Location=Bendigo
1,L1_Location=Bendigo|L2_RainToday=rain_today_no|L3_Humidity3pm=others,L1_Location=Bendigo|L2_RainToday=rain_today_no,3,L3_Humidity3pm,numeric_bin,others,155,108,47,44.0,True,True,L1_Location=Bendigo
1,L1_Location=Brisbane|L2_RainToday=rain_today_no|L3_Humidity3pm=hum_low,L1_Location=Brisbane|L2_RainToday=rain_today_no,3,L3_Humidity3pm,numeric_bin,hum_low,359,258,101,89.0,True,True,L1_Location=Brisbane|L2_RainToday=rain_today_no
1,L1_Location=Brisbane|L2_RainToday=rain_today_no|L3_Humidity3pm=hum_mid,L1_Location=Brisbane|L2_RainToday=rain_today_no,3,L3_Humidity3pm,numeric_bin,hum_mid,1485,1036,449,351.0,True,True,L1_Location=Brisbane|L2_RainToday=rain_today_no
1,L1_Location=Brisbane|L2_RainToday=rain_today_no|L3_Humidity3pm=others,L1_Location=Brisbane|L2_RainToday=rain_today_no,3,L3_Humidity3pm,numeric_bin,others,118,76,42,26.0,True,True,L1_Location=Brisbane|L2_RainToday=rain_today_no
1,L1_Location=Brisbane|L2_RainToday=rain_today_yes|L3_Humidity3pm=hum_mid,L1_Location=Brisbane|L2_RainToday=rain_today_yes,3,L3_Humidity3pm,numeric_bin,hum_mid,357,234,123,78.0,True,True,ROOT
1,L1_Location=Brisbane|L2_RainToday=rain_today_yes|L3_Humidity3pm=others,L1_Location=Brisbane|L2_RainToday=rain_today_yes,3,L3_Humidity3pm,numeric_bin,others,215,156,59,54.0,True,True,ROOT
1,L1_Location=Cairns|L2_RainToday=rain_today_no|L3_Humidity3pm=hum_mid,L1_Location=Cairns|L2_RainToday=rain_today_no,3,L3_Humidity3pm,numeric_bin,hum_mid,1319,979,340,328.0,True,True,L1_Location=Cairns|L2_RainToday=rain_today_no
1,L1_Location=Cairns|L2_RainToday=rain_today_no|L3_Humidity3pm=others,L1_Location=Cairns|L2_RainToday=rain_today_no,3,L3_Humidity3pm,numeric_bin,others,291,221,70,85.0,True,True,L1_Location=Cairns|L2_RainToday=rain_today_no
1,L1_Location=Cairns|L2_RainToday=rain_today_yes|L3_Humidity3pm=hum_high,L1_Location=Cairns|L2_RainToday=rain_today_yes,3,L3_Humidity3pm,numeric_bin,hum_high,372,267,105,82.0,True,False,L1_Location=Cairns|L2_RainToday=rain_today_yes|L3_Humidity3pm=hum_high
1,L1_Location=Cairns|L2_RainToday=rain_today_yes|L3_Humidity3pm=hum_mid,L1_Location=Cairns|L2_RainToday=rain_today_yes,3,L3_Humidity3pm,numeric_bin,hum_mid,388,269,119,91.0,True,True,L1_Location=Cairns|L2_RainToday=rain_today_yes
1,L1_Location=Cairns|L2_RainToday=rain_today_yes|L3_Humidity3pm=others,L1_Location=Cairns|L2_RainToday=rain_today_yes,3,L3_Humidity3pm,numeric_bin,others,6,4,2,2.0,True,True,L1_Location=Cairns|L2_RainToday=rain_today_yes
1,L1_Location=Canberra|L2_RainToday=rain_today_no|L3_Humidity3pm=hum_low,L1_Location=Canberra|L2_RainToday=rain_today_no,3,L3_Humidity3pm,numeric_bin,hum_low,1016,718,298,255.0,True,True,ROOT
1,L1_Location=Canberra|L2_RainToday=rain_today_no|L3_Humidity3pm=hum_mid,L1_Location=Canberra|L2_RainToday=rain_today_no,3,L3_Humidity3pm,numeric_bin,hum_mid,1053,717,336,276.0,True,True,ROOT
1,L1_Location=Canberra|L2_RainToday=rain_today_no|L3_Humidity3pm=others,L1_Location=Canberra|L2_RainToday=rain_today_no,3,L3_Humidity3pm,numeric_bin,others,153,117,36,25.0,True,True,ROOT
1,L1_Location=Cobar|L2_RainToday=rain_today_no|L3_Humidity3pm=hum_low,L1_Location=Cobar|L2_RainToday=rain_today_no,3,L3_Humidity3pm,numeric_bin,hum_low,1509,1024,485,396.0,True,True,L1_Location=Cobar
1,L1_Location=Cobar|L2_RainToday=rain_today_no|L3_Humidity3pm=hum_mid,L1_Location=Cobar|L2_RainToday=rain_today_no,3,L3_Humidity3pm,numeric_bin,hum_mid,425,290,135,93.0,True,True,L1_Location=Cobar
1,L1_Location=Cobar|L2_RainToday=rain_today_no|L3_Humidity3pm=others,L1_Location=Cobar|L2_RainToday=rain_today_no,3,L3_Humidity3pm,numeric_bin,others,139,93,46,34.0,True,True,L1_Location=Cobar
1,L1_Location=CoffsHarbour|L2_RainToday=rain_today_no|L3_Humidity3pm=hum_mid,L1_Location=CoffsHarbour|L2_RainToday=rain_today_no,3,L3_Humidity3pm,numeric_bin,hum_mid,1203,829,374,310.0,True,True,L1_Location=CoffsHarbour|L2_RainToday=rain_today_no
1,L1_Location=CoffsHarbour|L2_RainToday=rain_today_no|L3_Humidity3pm=others,L1_Location=CoffsHarbour|L2_RainToday=rain_today_no,3,L3_Humidity3pm,numeric_bin,others,463,341,122,99.0,True,True,L1_Location=CoffsHarbour|L2_RainToday=rain_today_no
1,L1_Location=CoffsHarbour|L2_RainToday=rain_today_yes|L3_Humidity3pm=hum_high,L1_Location=CoffsHarbour|L2_RainToday=rain_today_yes,3,L3_Humidity3pm,numeric_bin,hum_high,334,253,81,84.0,True,True,L1_Location=CoffsHarbour|L2_RainToday=rain_today_yes
1,L1_Location=CoffsHarbour|L2_RainToday=rain_today_yes|L3_Humidity3pm=hum_mid,L1_Location=CoffsHarbour|L2_RainToday=rain_today_yes,3,L3_Humidity3pm,numeric_bin,hum_mid,345,243,102,77.0,True,True,L1_Location=CoffsHarbour|L2_RainToday=rain_today_yes
1,L1_Location=CoffsHarbour|L2_RainToday=rain_today_yes|L3_Humidity3pm=others,L1_Location=CoffsHarbour|L2_RainToday=rain_today_yes,3,L3_Humidity3pm,numeric_bin,others,19,17,2,6.0,True,True,L1_Location=CoffsHarbour|L2_RainToday=rain_today_yes
1,L1_Location=Dartmoor|L2_RainToday=rain_today_no|L3_Humidity3pm=hum_high,L1_Location=Dartmoor|L2_RainToday=rain_today_no,3,L3_Humidity3pm,numeric_bin,hum_high,389,268,121,95.0,True,True,L1_Location=Dartmoor
1,L1_Location=Dartmoor|L2_RainToday=rain_today_no|L3_Humidity3pm=hum_low,L1_Location=Dartmoor|L2_RainToday=rain_today_no,3,L3_Humidity3pm,numeric_bin,hum_low,324,229,95,70.0,True,True,L1_Location=Dartmoor
1,L1_Location=Dartmoor|L2_RainToday=rain_today_no|L3_Humidity3pm=hum_mid,L1_Location=Dartmoor|L2_RainToday=rain_today_no,3,L3_Humidity3pm,numeric_bin,hum_mid,826,567,259,217.0,True,False,L1_Location=Dartmoor|L2_RainToday=rain_today_no|L3_Humidity3pm=hum_mid
1,L1_Location=Dartmoor|L2_RainToday=rain_today_no|L3_Humidity3pm=others,L1_Location=Dartmoor|L2_RainToday=rain_today_no,3,L3_Humidity3pm,numeric_bin,others,81,57,24,16.0,True,True,L1_Location=Dartmoor
1,L1_Location=Dartmoor|L2_RainToday=rain_today_yes|L3_Humidity3pm=hum_high,L1_Location=Dartmoor|L2_RainToday=rain_today_yes,3,L3_Humidity3pm,numeric_bin,hum_high,434,295,139,107.0,True,False,L1_Location=Dartmoor|L2_RainToday=rain_today_yes|L3_Humidity3pm=hum_high
1,L1_Location=Dartmoor|L2_RainToday=rain_today_yes|L3_Humidity3pm=others,L1_Location=Dartmoor|L2_RainToday=rain_today_yes,3,L3_Humidity3pm,numeric_bin,others,308,212,96,72.0,True,True,L1_Location=Dartmoor|L2_RainToday=rain_today_yes
1,L1_Location=Darwin|L2_RainToday=rain_today_no|L3_Humidity3pm=hum_low,L1_Location=Darwin|L2_RainToday=rain_today_no,3,L3_Humidity3pm,numeric_bin,hum_low,682,466,216,179.0,True,True,L1_Location=Darwin|L2_RainToday=rain_today_no
1,L1_Location=Darwin|L2_RainToday=rain_today_no|L3_Humidity3pm=hum_mid,L1_Location=Darwin|L2_RainToday=rain_today_no,3,L3_Humidity3pm,numeric_bin,hum_mid,1064,755,309,285.0,True,True,L1_Location=Darwin|L2_RainToday=rain_today_no
1,L1_Location=Darwin|L2_RainToday=rain_today_no|L3_Humidity3pm=others,L1_Location=Darwin|L2_RainToday=rain_today_no,3,L3_Humidity3pm,numeric_bin,others,99,65,34,31.0,True,True,L1_Location=Darwin|L2_RainToday=rain_today_no
1,L1_Location=Darwin|L2_RainToday=rain_today_yes|L3_Humidity3pm=hum_mid,L1_Location=Darwin|L2_RainToday=rain_today_yes,3,L3_Humidity3pm,numeric_bin,hum_mid,390,289,101,100.0,True,True,L1_Location=Darwin
1,L1_Location=Darwin|L2_RainToday=rain_today_yes|L3_Humidity3pm=others,L1_Location=Darwin|L2_RainToday=rain_today_yes,3,L3_Humidity3pm,numeric_bin,others,300,215,85,62.0,True,True,L1_Location=Darwin
1,L1_Location=GoldCoast|L2_RainToday=rain_today_no|L3_Humidity3pm=hum_mid,L1_Location=GoldCoast|L2_RainToday=rain_today_no,3,L3_Humidity3pm,numeric_bin,hum_mid,1292,901,391,321.0,True,True,ROOT
1,L1_Location=GoldCoast|L2_RainToday=rain_today_no|L3_Humidity3pm=others,L1_Location=GoldCoast|L2_RainToday=rain_today_no,3,L3_Humidity3pm,numeric_bin,others,455,317,138,99.0,True,True,ROOT
1,L1_Location=GoldCoast|L2_RainToday=rain_today_yes|L3_Humidity3pm=hum_high,L1_Location=GoldCoast|L2_RainToday=rain_today_yes,3,L3_Humidity3pm,numeric_bin,hum_high,313,238,75,83.0,True,True,L1_Location=GoldCoast|L2_RainToday=rain_today_yes
1,L1_Location=GoldCoast|L2_RainToday=rain_today_yes|L3_Humidity3pm=others,L1_Location=GoldCoast|L2_RainToday=rain_today_yes,3,L3_Humidity3pm,numeric_bin,others,289,192,97,72.0,True,True,L1_Location=GoldCoast|L2_RainToday=rain_today_yes
1,L1_Location=Hobart|L2_RainToday=rain_today_no|L3_Humidity3pm=hum_low,L1_Location=Hobart|L2_RainToday=rain_today_no,3,L3_Humidity3pm,numeric_bin,hum_low,434,296,138,106.0,True,True,ROOT
1,L1_Location=Hobart|L2_RainToday=rain_today_no|L3_Humidity3pm=hum_mid,L1_Location=Hobart|L2_RainToday=rain_today_no,3,L3_Humidity3pm,numeric_bin,hum_mid,1282,899,383,342.0,True,True,ROOT
1,L1_Location=Hobart|L2_RainToday=rain_today_no|L3_Humidity3pm=others,L1_Location=Hobart|L2_RainToday=rain_today_no,3,L3_Humidity3pm,numeric_bin,others,197,140,57,60.0,True,True,ROOT
1,L1_Location=Hobart|L2_RainToday=rain_today_yes|L3_Humidity3pm=hum_mid,L1_Location=Hobart|L2_RainToday=rain_today_yes,3,L3_Humidity3pm,numeric_bin,hum_mid,349,243,106,86.0,True,True,ROOT
1,L1_Location=Hobart|L2_RainToday=rain_today_yes|L3_Humidity3pm=others,L1_Location=Hobart|L2_RainToday=rain_today_yes,3,L3_Humidity3pm,numeric_bin,others,250,160,90,77.0,True,True,ROOT
1,L1_Location=Katherine|L2_RainToday=rain_today_no|L3_Humidity3pm=hum_low,L1_Location=Katherine|L2_RainToday=rain_today_no,3,L3_Humidity3pm,numeric_bin,hum_low,317,220,97,,True,True,L1_Location=Katherine
1,L1_Location=Katherine|L2_RainToday=rain_today_no|L3_Humidity3pm=unknown,L1_Location=Katherine|L2_RainToday=rain_today_no,3,L3_Humidity3pm,numeric_bin,unknown,560,364,196,,True,False,L1_Location=Katherine|L2_RainToday=rain_today_no|L3_Humidity3pm=unknown
1,L1_Location=Katherine|L2_RainToday=rain_today_no|L3_Humidity3pm=others,L1_Location=Katherine|L2_RainToday=rain_today_no,3,L3_Humidity3pm,numeric_bin,others,175,110,65,,True,True,L1_Location=Katherine
1,L1_Location=Launceston|L2_RainToday=rain_today_no|L3_Humidity3pm=hum_high,L1_Location=Launceston|L2_RainToday=rain_today_no,3,L3_Humidity3pm,numeric_bin,hum_high,315,217,98,83.0,True,True,ROOT
1,L1_Location=Launceston|L2_RainToday=rain_today_no|L3_Humidity3pm=hum_low,L1_Location=Launceston|L2_RainToday=rain_today_no,3,L3_Humidity3pm,numeric_bin,hum_low,374,264,110,107.0,True,True,ROOT
1,L1_Location=Launceston|L2_RainToday=rain_today_no|L3_Humidity3pm=hum_mid,L1_Location=Launceston|L2_RainToday=rain_today_no,3,L3_Humidity3pm,numeric_bin,hum_mid,1132,801,331,309.0,True,True,ROOT
1,L1_Location=Launceston|L2_RainToday=rain_today_no|L3_Humidity3pm=others,L1_Location=Launceston|L2_RainToday=rain_today_no,3,L3_Humidity3pm,numeric_bin,others,3,2,1,,True,True,ROOT
1,L1_Location=Melbourne|L2_RainToday=rain_today_no|L3_Humidity3pm=hum_low,L1_Location=Melbourne|L2_RainToday=rain_today_no,3,L3_Humidity3pm,numeric_bin,hum_low,387,273,114,,True,True,L1_Location=Melbourne|L2_RainToday=rain_today_no
1,L1_Location=Melbourne|L2_RainToday=rain_today_no|L3_Humidity3pm=hum_mid,L1_Location=Melbourne|L2_RainToday=rain_today_no,3,L3_Humidity3pm,numeric_bin,hum_mid,884,641,243,,True,True,L1_Location=Melbourne|L2_RainToday=rain_today_no
1,L1_Location=Melbourne|L2_RainToday=rain_today_no|L3_Humidity3pm=others,L1_Location=Melbourne|L2_RainToday=rain_today_no,3,L3_Humidity3pm,numeric_bin,others,119,87,32,,True,True,L1_Location=Melbourne|L2_RainToday=rain_today_no
1,L1_Location=Melbourne|L2_RainToday=rain_today_yes|L3_Humidity3pm=hum_mid,L1_Location=Melbourne|L2_RainToday=rain_today_yes,3,L3_Humidity3pm,numeric_bin,hum_mid,327,234,93,,True,True,L1_Location=Melbourne|L2_RainToday=rain_today_yes
1,L1_Location=Melbourne|L2_RainToday=rain_today_yes|L3_Humidity3pm=others,L1_Location=Melbourne|L2_RainToday=rain_today_yes,3,L3_Humidity3pm,numeric_bin,others,147,113,34,,True,True,L1_Location=Melbourne|L2_RainToday=rain_today_yes
1,L1_Location=MelbourneAirport|L2_RainToday=rain_today_no|L3_Humidity3pm=hum_low,L1_Location=MelbourneAirport|L2_RainToday=rain_today_no,3,L3_Humidity3pm,numeric_bin,hum_low,597,426,171,133.0,True,True,L1_Location=MelbourneAirport|L2_RainToday=rain_today_no
1,L1_Location=MelbourneAirport|L2_RainToday=rain_today_no|L3_Humidity3pm=hum_mid,L1_Location=MelbourneAirport|L2_RainToday=rain_today_no,3,L3_Humidity3pm,numeric_bin,hum_mid,1131,788,343,246.0,True,True,L1_Location=MelbourneAirport|L2_RainToday=rain_today_no
1,L1_Location=MelbourneAirport|L2_RainToday=rain_today_no|L3_Humidity3pm=others,L1_Location=MelbourneAirport|L2_RainToday=rain_today_no,3,L3_Humidity3pm,numeric_bin,others,205,147,58,44.0,True,True,L1_Location=MelbourneAirport|L2_RainToday=rain_today_no
1,L1_Location=MelbourneAirport|L2_RainToday=rain_today_yes|L3_Humidity3pm=hum_mid,L1_Location=MelbourneAirport|L2_RainToday=rain_today_yes,3,L3_Humidity3pm,numeric_bin,hum_mid,325,239,86,86.0,True,True,ROOT
1,L1_Location=MelbourneAirport|L2_RainToday=rain_today_yes|L3_Humidity3pm=others,L1_Location=MelbourneAirport|L2_RainToday=rain_today_yes,3,L3_Humidity3pm,numeric_bin,others,195,141,54,47.0,True,True,ROOT
1,L1_Location=Mildura|L2_RainToday=rain_today_no|L3_Humidity3pm=hum_low,L1_Location=Mildura|L2_RainToday=rain_today_no,3,L3_Humidity3pm,numeric_bin,hum_low,1507,1056,451,389.0,True,True,L1_Location=Mildura|L2_RainToday=rain_today_no
1,L1_Location=Mildura|L2_RainToday=rain_today_no|L3_Humidity3pm=hum_mid,L1_Location=Mildura|L2_RainToday=rain_today_no,3,L3_Humidity3pm,numeric_bin,hum_mid,572,405,167,130.0,True,True,L1_Location=Mildura|L2_RainToday=rain_today_no
1,L1_Location=Mildura|L2_RainToday=rain_today_no|L3_Humidity3pm=others,L1_Location=Mildura|L2_RainToday=rain_today_no,3,L3_Humidity3pm,numeric_bin,others,72,49,23,9.0,True,True,L1_Location=Mildura|L2_RainToday=rain_today_no
1,L1_Location=Moree|L2_RainToday=rain_today_no|L3_Humidity3pm=hum_low,L1_Location=Moree|L2_RainToday=rain_today_no,3,L3_Humidity3pm,numeric_bin,hum_low,1504,1068,436,379.0,True,True,L1_Location=Moree|L2_RainToday=rain_today_no
1,L1_Location=Moree|L2_RainToday=rain_today_no|L3_Humidity3pm=hum_mid,L1_Location=Moree|L2_RainToday=rain_today_no,3,L3_Humidity3pm,numeric_bin,hum_mid,350,247,103,91.0,True,True,L1_Location=Moree|L2_RainToday=rain_today_no
1,L1_Location=Moree|L2_RainToday=rain_today_no|L3_Humidity3pm=others,L1_Location=Moree|L2_RainToday=rain_today_no,3,L3_Humidity3pm,numeric_bin,others,64,46,18,21.0,True,True,L1_Location=Moree|L2_RainToday=rain_today_no
1,L1_Location=MountGambier|L2_RainToday=rain_today_no|L3_Humidity3pm=hum_low,L1_Location=MountGambier|L2_RainToday=rain_today_no,3,L3_Humidity3pm,numeric_bin,hum_low,449,302,147,116.0,True,True,L1_Location=MountGambier
1,L1_Location=MountGambier|L2_RainToday=rain_today_no|L3_Humidity3pm=hum_mid,L1_Location=MountGambier|L2_RainToday=rain_today_no,3,L3_Humidity3pm,numeric_bin,hum_mid,923,660,263,239.0,True,True,L1_Location=MountGambier
1,L1_Location=MountGambier|L2_RainToday=rain_today_no|L3_Humidity3pm=others,L1_Location=MountGambier|L2_RainToday=rain_today_no,3,L3_Humidity3pm,numeric_bin,others,305,224,81,71.0,True,True,L1_Location=MountGambier
1,L1_Location=MountGambier|L2_RainToday=rain_today_yes|L3_Humidity3pm=hum_high,L1_Location=MountGambier|L2_RainToday=rain_today_yes,3,L3_Humidity3pm,numeric_bin,hum_high,325,225,100,74.0,True,False,L1_Location=MountGambier|L2_RainToday=rain_today_yes|L3_Humidity3pm=hum_high
1,L1_Location=MountGambier|L2_RainToday=rain_today_yes|L3_Humidity3pm=hum_mid,L1_Location=MountGambier|L2_RainToday=rain_today_yes,3,L3_Humidity3pm,numeric_bin,hum_mid,380,263,117,114.0,True,True,L1_Location=MountGambier|L2_RainToday=rain_today_yes
1,L1_Location=MountGambier|L2_RainToday=rain_today_yes|L3_Humidity3pm=others,L1_Location=MountGambier|L2_RainToday=rain_today_yes,3,L3_Humidity3pm,numeric_bin,others,22,15,7,4.0,True,True,L1_Location=MountGambier|L2_RainToday=rain_today_yes
1,L1_Location=MountGinini|L2_RainToday=rain_today_no|L3_Humidity3pm=hum_high,L1_Location=MountGinini|L2_RainToday=rain_today_no,3,L3_Humidity3pm,numeric_bin,hum_high,590,425,165,133.0,True,True,L1_Location=MountGinini
1,L1_Location=MountGinini|L2_RainToday=rain_today_no|L3_Humidity3pm=hum_mid,L1_Location=MountGinini|L2_RainToday=rain_today_no,3,L3_Humidity3pm,numeric_bin,hum_mid,704,521,183,192.0,True,True,L1_Location=MountGinini
1,L1_Location=MountGinini|L2_RainToday=rain_today_no|L3_Humidity3pm=others,L1_Location=MountGinini|L2_RainToday=rain_today_no,3,L3_Humidity3pm,numeric_bin,others,354,257,97,62.0,True,True,L1_Location=MountGinini
1,L1_Location=MountGinini|L2_RainToday=rain_today_yes|L3_Humidity3pm=hum_high,L1_Location=MountGinini|L2_RainToday=rain_today_yes,3,L3_Humidity3pm,numeric_bin,hum_high,428,306,122,103.0,True,False,L1_Location=MountGinini|L2_RainToday=rain_today_yes|L3_Humidity3pm=hum_high
1,L1_Location=MountGinini|L2_RainToday=rain_today_yes|L3_Humidity3pm=others,L1_Location=MountGinini|L2_RainToday=rain_today_yes,3,L3_Humidity3pm,numeric_bin,others,202,137,65,48.0,True,True,L1_Location=MountGinini
1,L1_Location=Newcastle|L2_RainToday=rain_today_no|L3_Humidity3pm=hum_mid,L1_Location=Newcastle|L2_RainToday=rain_today_no,3,L3_Humidity3pm,numeric_bin,hum_mid,805,541,264,206.0,True,True,ROOT
1,L1_Location=Newcastle|L2_RainToday=rain_today_no|L3_Humidity3pm=unknown,L1_Location=Newcastle|L2_RainToday=rain_today_no,3,L3_Humidity3pm,numeric_bin,unknown,517,351,166,132.0,True,True,ROOT
1,L1_Location=Newcastle|L2_RainToday=rain_today_no|L3_Humidity3pm=others,L1_Location=Newcastle|L2_RainToday=rain_today_no,3,L3_Humidity3pm,numeric_bin,others,430,288,142,118.0,True,True,ROOT
1,L1_Location=Nhil|L2_RainToday=rain_today_no|L3_Humidity3pm=hum_low,L1_Location=Nhil|L2_RainToday=rain_today_no,3,L3_Humidity3pm,numeric_bin,hum_low,566,380,186,,True,True,L1_Location=Nhil|L2_RainToday=rain_today_no
1,L1_Location=Nhil|L2_RainToday=rain_today_no|L3_Humidity3pm=hum_mid,L1_Location=Nhil|L2_RainToday=rain_today_no,3,L3_Humidity3pm,numeric_bin,hum_mid,396,275,121,,True,True,L1_Location=Nhil|L2_RainToday=rain_today_no
1,L1_Location=Nhil|L2_RainToday=rain_today_no|L3_Humidity3pm=others,L1_Location=Nhil|L2_RainToday=rain_today_no,3,L3_Humidity3pm,numeric_bin,others,100,71,29,,True,True,L1_Location=Nhil|L2_RainToday=rain_today_no
1,L1_Location=NorahHead|L2_RainToday=rain_today_no|L3_Humidity3pm=hum_high,L1_Location=NorahHead|L2_RainToday=rain_today_no,3,L3_Humidity3pm,numeric_bin,hum_high,654,463,191,164.0,True,True,L1_Location=NorahHead
1,L1_Location=NorahHead|L2_RainToday=rain_today_no|L3_Humidity3pm=hum_mid,L1_Location=NorahHead|L2_RainToday=rain_today_no,3,L3_Humidity3pm,numeric_bin,hum_mid,885,631,254,230.0,True,True,L1_Location=NorahHead
1,L1_Location=NorahHead|L2_RainToday=rain_today_no|L3_Humidity3pm=others,L1_Location=NorahHead|L2_RainToday=rain_today_no,3,L3_Humidity3pm,numeric_bin,others,132,98,34,28.0,True,True,L1_Location=NorahHead
1,L1_Location=NorahHead|L2_RainToday=rain_today_yes|L3_Humidity3pm=hum_high,L1_Location=NorahHead|L2_RainToday=rain_today_yes,3,L3_Humidity3pm,numeric_bin,hum_high,423,295,128,80.0,True,False,L1_Location=NorahHead|L2_RainToday=rain_today_yes|L3_Humidity3pm=hum_high
1,L1_Location=NorahHead|L2_RainToday=rain_today_yes|L3_Humidity3pm=others,L1_Location=NorahHead|L2_RainToday=rain_today_yes,3,L3_Humidity3pm,numeric_bin,others,225,158,67,67.0,True,True,L1_Location=NorahHead|L2_RainToday=rain_today_yes
1,L1_Location=NorfolkIsland|L2_RainToday=rain_today_no|L3_Humidity3pm=hum_high,L1_Location=NorfolkIsland|L2_RainToday=rain_today_no,3,L3_Humidity3pm,numeric_bin,hum_high,516,353,163,124.0,True,False,L1_Location=NorfolkIsland|L2_RainToday=rain_today_no|L3_Humidity3pm=hum_high
1,L1_Location=NorfolkIsland|L2_RainToday=rain_today_no|L3_Humidity3pm=hum_mid,L1_Location=NorfolkIsland|L2_RainToday=rain_today_no,3,L3_Humidity3pm,numeric_bin,hum_mid,1118,760,358,272.0,True,True,ROOT
1,L1_Location=NorfolkIsland|L2_RainToday=rain_today_no|L3_Humidity3pm=others,L1_Location=NorfolkIsland|L2_RainToday=rain_today_no,3,L3_Humidity3pm,numeric_bin,others,2,1,1,,True,True,ROOT
1,L1_Location=NorfolkIsland|L2_RainToday=rain_today_yes|L3_Humidity3pm=hum_high,L1_Location=NorfolkIsland|L2_RainToday=rain_today_yes,3,L3_Humidity3pm,numeric_bin,hum_high,382,277,105,93.0,True,False,L1_Location=NorfolkIsland|L2_RainToday=rain_today_yes|L3_Humidity3pm=hum_high
1,L1_Location=NorfolkIsland|L2_RainToday=rain_today_yes|L3_Humidity3pm=hum_mid,L1_Location=NorfolkIsland|L2_RainToday=rain_today_yes,3,L3_Humidity3pm,numeric_bin,hum_mid,353,262,91,84.0,True,True,L1_Location=NorfolkIsland|L2_RainToday=rain_today_yes
1,L1_Location=Nuriootpa|L2_RainToday=rain_today_no|L3_Humidity3pm=hum_low,L1_Location=Nuriootpa|L2_RainToday=rain_today_no,3,L3_Humidity3pm,numeric_bin,hum_low,998,710,288,279.0,True,True,L1_Location=Nuriootpa
1,L1_Location=Nuriootpa|L2_RainToday=rain_today_no|L3_Humidity3pm=hum_mid,L1_Location=Nuriootpa|L2_RainToday=rain_today_no,3,L3_Humidity3pm,numeric_bin,hum_mid,747,510,237,164.0,True,True,L1_Location=Nuriootpa
1,L1_Location=Nuriootpa|L2_RainToday=rain_today_no|L3_Humidity3pm=others,L1_Location=Nuriootpa|L2_RainToday=rain_today_no,3,L3_Humidity3pm,numeric_bin,others,177,115,62,43.0,True,True,L1_Location=Nuriootpa
1,L1_Location=PearceRAAF|L2_RainToday=rain_today_no|L3_Humidity3pm=hum_low,L1_Location=PearceRAAF|L2_RainToday=rain_today_no,3,L3_Humidity3pm,numeric_bin,hum_low,1056,747,309,265.0,True,True,L1_Location=PearceRAAF|L2_RainToday=rain_today_no
1,L1_Location=PearceRAAF|L2_RainToday=rain_today_no|L3_Humidity3pm=hum_mid,L1_Location=PearceRAAF|L2_RainToday=rain_today_no,3,L3_Humidity3pm,numeric_bin,hum_mid,612,440,172,155.0,True,True,L1_Location=PearceRAAF|L2_RainToday=rain_today_no
1,L1_Location=PearceRAAF|L2_RainToday=rain_today_no|L3_Humidity3pm=others,L1_Location=PearceRAAF|L2_RainToday=rain_today_no,3,L3_Humidity3pm,numeric_bin,others,71,45,26,13.0,True,True,L1_Location=PearceRAAF|L2_RainToday=rain_today_no
1,L1_Location=Penrith|L2_RainToday=rain_today_no|L3_Humidity3pm=hum_low,L1_Location=Penrith|L2_RainToday=rain_today_no,3,L3_Humidity3pm,numeric_bin,hum_low,815,567,248,220.0,True,True,ROOT
1,L1_Location=Penrith|L2_RainToday=rain_today_no|L3_Humidity3pm=hum_mid,L1_Location=Penrith|L2_RainToday=rain_today_no,3,L3_Humidity3pm,numeric_bin,hum_mid,846,573,273,213.0,True,True,ROOT
1,L1_Location=Penrith|L2_RainToday=rain_today_no|L3_Humidity3pm=others,L1_Location=Penrith|L2_RainToday=rain_today_no,3,L3_Humidity3pm,numeric_bin,others,196,139,57,40.0,True,True,ROOT
1,L1_Location=Perth|L2_RainToday=rain_today_no|L3_Humidity3pm=hum_low,L1_Location=Perth|L2_RainToday=rain_today_no,3,L3_Humidity3pm,numeric_bin,hum_low,810,543,267,211.0,True,True,L1_Location=Perth|L2_RainToday=rain_today_no
1,L1_Location=Perth|L2_RainToday=rain_today_no|L3_Humidity3pm=hum_mid,L1_Location=Perth|L2_RainToday=rain_today_no,3,L3_Humidity3pm,numeric_bin,hum_mid,1145,796,349,271.0,True,True,L1_Location=Perth|L2_RainToday=rain_today_no
1,L1_Location=Perth|L2_RainToday=rain_today_no|L3_Humidity3pm=others,L1_Location=Perth|L2_RainToday=rain_today_no,3,L3_Humidity3pm,numeric_bin,others,83,55,28,28.0,True,True,L1_Location=Perth|L2_RainToday=rain_today_no
1,L1_Location=Perth|L2_RainToday=rain_today_yes|L3_Humidity3pm=hum_mid,L1_Location=Perth|L2_RainToday=rain_today_yes,3,L3_Humidity3pm,numeric_bin,hum_mid,378,263,115,113.0,True,True,L1_Location=Perth
1,L1_Location=Perth|L2_RainToday=rain_today_yes|L3_Humidity3pm=others,L1_Location=Perth|L2_RainToday=rain_today_yes,3,L3_Humidity3pm,numeric_bin,others,118,85,33,36.0,True,True,L1_Location=Perth
1,L1_Location=PerthAirport|L2_RainToday=rain_today_no|L3_Humidity3pm=hum_low,L1_Location=PerthAirport|L2_RainToday=rain_today_no,3,L3_Humidity3pm,numeric_bin,hum_low,1107,782,325,291.0,True,True,L1_Location=PerthAirport
1,L1_Location=PerthAirport|L2_RainToday=rain_today_no|L3_Humidity3pm=hum_mid,L1_Location=PerthAirport|L2_RainToday=rain_today_no,3,L3_Humidity3pm,numeric_bin,hum_mid,790,559,231,168.0,True,True,L1_Location=PerthAirport
1,L1_Location=PerthAirport|L2_RainToday=rain_today_no|L3_Humidity3pm=others,L1_Location=PerthAirport|L2_RainToday=rain_today_no,3,L3_Humidity3pm,numeric_bin,others,71,46,25,15.0,True,True,L1_Location=PerthAirport
1,L1_Location=PerthAirport|L2_RainToday=rain_today_yes|L3_Humidity3pm=hum_mid,L1_Location=PerthAirport|L2_RainToday=rain_today_yes,3,L3_Humidity3pm,numeric_bin,hum_mid,327,234,93,78.0,True,True,L1_Location=PerthAirport
1,L1_Location=PerthAirport|L2_RainToday=rain_today_yes|L3_Humidity3pm=others,L1_Location=PerthAirport|L2_RainToday=rain_today_yes,3,L3_Humidity3pm,numeric_bin,others,128,89,39,34.0,True,True,L1_Location=PerthAirport
1,L1_Location=Portland|L2_RainToday=rain_today_no|L3_Humidity3pm=hum_high,L1_Location=Portland|L2_RainToday=rain_today_no,3,L3_Humidity3pm,numeric_bin,hum_high,413,278,135,105.0,True,False,L1_Location=Portland|L2_RainToday=rain_today_no|L3_Humidity3pm=hum_high
1,L1_Location=Portland|L2_RainToday=rain_today_no|L3_Humidity3pm=hum_mid,L1_Location=Portland|L2_RainToday=rain_today_no,3,L3_Humidity3pm,numeric_bin,hum_mid,973,677,296,231.0,True,True,ROOT
1,L1_Location=Portland|L2_RainToday=rain_today_no|L3_Humidity3pm=others,L1_Location=Portland|L2_RainToday=rain_today_no,3,L3_Humidity3pm,numeric_bin,others,140,90,50,34.0,True,True,ROOT
1,L1_Location=Portland|L2_RainToday=rain_today_yes|L3_Humidity3pm=hum_high,L1_Location=Portland|L2_RainToday=rain_today_yes,3,L3_Humidity3pm,numeric_bin,hum_high,452,309,143,128.0,True,False,L1_Location=Portland|L2_RainToday=rain_today_yes|L3_Humidity3pm=hum_high
1,L1_Location=Portland|L2_RainToday=rain_today_yes|L3_Humidity3pm=hum_mid,L1_Location=Portland|L2_RainToday=rain_today_yes,3,L3_Humidity3pm,numeric_bin,hum_mid,396,273,123,106.0,True,True,L1_Location=Portland|L2_RainToday=rain_today_yes
1,L1_Location=Portland|L2_RainToday=rain_today_yes|L3_Humidity3pm=others,L1_Location=Portland|L2_RainToday=rain_today_yes,3,L3_Humidity3pm,numeric_bin,others,6,4,2,,True,True,L1_Location=Portland|L2_RainToday=rain_today_yes
1,L1_Location=Richmond|L2_RainToday=rain_today_no|L3_Humidity3pm=hum_low,L1_Location=Richmond|L2_RainToday=rain_today_no,3,L3_Humidity3pm,numeric_bin,hum_low,801,543,258,183.0,True,True,L1_Location=Richmond
1,L1_Location=Richmond|L2_RainToday=rain_today_no|L3_Humidity3pm=hum_mid,L1_Location=Richmond|L2_RainToday=rain_today_no,3,L3_Humidity3pm,numeric_bin,hum_mid,932,631,301,228.0,True,True,L1_Location=Richmond
1,L1_Location=Richmond|L2_RainToday=rain_today_no|L3_Humidity3pm=others,L1_Location=Richmond|L2_RainToday=rain_today_no,3,L3_Humidity3pm,numeric_bin,others,170,121,49,37.0,True,True,L1_Location=Richmond
1,L1_Location=Sale|L2_RainToday=rain_today_no|L3_Humidity3pm=hum_low,L1_Location=Sale|L2_RainToday=rain_today_no,3,L3_Humidity3pm,numeric_bin,hum_low,309,221,88,80.0,True,True,ROOT
1,L1_Location=Sale|L2_RainToday=rain_today_no|L3_Humidity3pm=hum_mid,L1_Location=Sale|L2_RainToday=rain_today_no,3,L3_Humidity3pm,numeric_bin,hum_mid,1279,903,376,332.0,True,True,ROOT
1,L1_Location=Sale|L2_RainToday=rain_today_no|L3_Humidity3pm=others,L1_Location=Sale|L2_RainToday=rain_today_no,3,L3_Humidity3pm,numeric_bin,others,276,194,82,75.0,True,True,ROOT
1,L1_Location=Sale|L2_RainToday=rain_today_yes|L3_Humidity3pm=hum_mid,L1_Location=Sale|L2_RainToday=rain_today_yes,3,L3_Humidity3pm,numeric_bin,hum_mid,303,219,84,89.0,True,True,ROOT
1,L1_Location=Sale|L2_RainToday=rain_today_yes|L3_Humidity3pm=others,L1_Location=Sale|L2_RainToday=rain_today_yes,3,L3_Humidity3pm,numeric_bin,others,196,137,59,53.0,True,True,ROOT
1,L1_Location=SalmonGums|L2_RainToday=rain_today_no|L3_Humidity3pm=hum_low,L1_Location=SalmonGums|L2_RainToday=rain_today_no,3,L3_Humidity3pm,numeric_bin,hum_low,1211,843,368,344.0,True,True,ROOT
1,L1_Location=SalmonGums|L2_RainToday=rain_today_no|L3_Humidity3pm=hum_mid,L1_Location=SalmonGums|L2_RainToday=rain_today_no,3,L3_Humidity3pm,numeric_bin,hum_mid,649,455,194,156.0,True,True,ROOT
1,L1_Location=SalmonGums|L2_RainToday=rain_today_no|L3_Humidity3pm=others,L1_Location=SalmonGums|L2_RainToday=rain_today_no,3,L3_Humidity3pm,numeric_bin,others,85,61,24,27.0,True,True,ROOT
1,L1_Location=Sydney|L2_RainToday=rain_today_no|L3_Humidity3pm=hum_low,L1_Location=Sydney|L2_RainToday=rain_today_no,3,L3_Humidity3pm,numeric_bin,hum_low,485,348,137,118.0,True,True,L1_Location=Sydney
1,L1_Location=Sydney|L2_RainToday=rain_today_no|L3_Humidity3pm=hum_mid,L1_Location=Sydney|L2_RainToday=rain_today_no,3,L3_Humidity3pm,numeric_bin,hum_mid,1337,944,393,328.0,True,True,L1_Location=Sydney
1,L1_Location=Sydney|L2_RainToday=rain_today_no|L3_Humidity3pm=others,L1_Location=Sydney|L2_RainToday=rain_today_no,3,L3_Humidity3pm,numeric_bin,others,158,110,48,39.0,True,True,L1_Location=Sydney
1,L1_Location=Sydney|L2_RainToday=rain_today_yes|L3_Humidity3pm=hum_mid,L1_Location=Sydney|L2_RainToday=rain_today_yes,3,L3_Humidity3pm,numeric_bin,hum_mid,408,290,118,95.0,True,True,L1_Location=Sydney|L2_RainToday=rain_today_yes
1,L1_Location=Sydney|L2_RainToday=rain_today_yes|L3_Humidity3pm=others,L1_Location=Sydney|L2_RainToday=rain_today_yes,3,L3_Humidity3pm,numeric_bin,others,292,186,106,71.0,True,True,L1_Location=Sydney|L2_RainToday=rain_today_yes
1,L1_Location=SydneyAirport|L2_RainToday=rain_today_no|L3_Humidity3pm=hum_low,L1_Location=SydneyAirport|L2_RainToday=rain_today_no,3,L3_Humidity3pm,numeric_bin,hum_low,513,359,154,127.0,True,True,L1_Location=SydneyAirport|L2_RainToday=rain_today_no
1,L1_Location=SydneyAirport|L2_RainToday=rain_today_no|L3_Humidity3pm=hum_mid,L1_Location=SydneyAirport|L2_RainToday=rain_today_no,3,L3_Humidity3pm,numeric_bin,hum_mid,1047,724,323,270.0,True,True,L1_Location=SydneyAirport|L2_RainToday=rain_today_no
1,L1_Location=SydneyAirport|L2_RainToday=rain_today_no|L3_Humidity3pm=others,L1_Location=SydneyAirport|L2_RainToday=rain_today_no,3,L3_Humidity3pm,numeric_bin,others,225,154,71,47.0,True,True,L1_Location=SydneyAirport|L2_RainToday=rain_today_no
1,L1_Location=Townsville|L2_RainToday=rain_today_no|L3_Humidity3pm=hum_mid,L1_Location=Townsville|L2_RainToday=rain_today_no,3,L3_Humidity3pm,numeric_bin,hum_mid,1646,1138,508,440.0,True,True,L1_Location=Townsville|L2_RainToday=rain_today_no
1,L1_Location=Townsville|L2_RainToday=rain_today_no|L3_Humidity3pm=others,L1_Location=Townsville|L2_RainToday=rain_today_no,3,L3_Humidity3pm,numeric_bin,others,338,231,107,85.0,True,True,L1_Location=Townsville|L2_RainToday=rain_today_no
1,L1_Location=Tuggeranong|L2_RainToday=rain_today_no|L3_Humidity3pm=hum_low,L1_Location=Tuggeranong|L2_RainToday=rain_today_no,3,L3_Humidity3pm,numeric_bin,hum_low,825,592,233,208.0,True,True,L1_Location=Tuggeranong
1,L1_Location=Tuggeranong|L2_RainToday=rain_today_no|L3_Humidity3pm=hum_mid,L1_Location=Tuggeranong|L2_RainToday=rain_today_no,3,L3_Humidity3pm,numeric_bin,hum_mid,986,712,274,222.0,True,True,L1_Location=Tuggeranong
1,L1_Location=Tuggeranong|L2_RainToday=rain_today_no|L3_Humidity3pm=others,L1_Location=Tuggeranong|L2_RainToday=rain_today_no,3,L3_Humidity3pm,numeric_bin,others,121,73,48,35.0,True,True,L1_Location=Tuggeranong
1,L1_Location=Uluru|L2_RainToday=rain_today_no|L3_Humidity3pm=hum_low,L1_Location=Uluru|L2_RainToday=rain_today_no,3,L3_Humidity3pm,numeric_bin,hum_low,1009,691,318,,True,False,L1_Location=Uluru|L2_RainToday=rain_today_no|L3_Humidity3pm=hum_low
1,L1_Location=Uluru|L2_RainToday=rain_today_no|L3_Humidity3pm=others,L1_Location=Uluru|L2_RainToday=rain_today_no,3,L3_Humidity3pm,numeric_bin,others,76,54,22,,True,True,ROOT
1,L1_Location=WaggaWagga|L2_RainToday=rain_today_no|L3_Humidity3pm=hum_low,L1_Location=WaggaWagga|L2_RainToday=rain_today_no,3,L3_Humidity3pm,numeric_bin,hum_low,1110,760,350,274.0,True,False,L1_Location=WaggaWagga|L2_RainToday=rain_today_no|L3_Humidity3pm=hum_low
1,L1_Location=WaggaWagga|L2_RainToday=rain_today_no|L3_Humidity3pm=hum_mid,L1_Location=WaggaWagga|L2_RainToday=rain_today_no,3,L3_Humidity3pm,numeric_bin,hum_mid,707,484,223,170.0,True,True,L1_Location=WaggaWagga
1,L1_Location=WaggaWagga|L2_RainToday=rain_today_no|L3_Humidity3pm=others,L1_Location=WaggaWagga|L2_RainToday=rain_today_no,3,L3_Humidity3pm,numeric_bin,others,128,85,43,36.0,True,True,L1_Location=WaggaWagga
1,L1_Location=Walpole|L2_RainToday=rain_today_no|L3_Humidity3pm=hum_high,L1_Location=Walpole|L2_RainToday=rain_today_no,3,L3_Humidity3pm,numeric_bin,hum_high,350,244,106,100.0,True,False,L1_Location=Walpole|L2_RainToday=rain_today_no|L3_Humidity3pm=hum_high
1,L1_Location=Walpole|L2_RainToday=rain_today_no|L3_Humidity3pm=hum_mid,L1_Location=Walpole|L2_RainToday=rain_today_no,3,L3_Humidity3pm,numeric_bin,hum_mid,1056,735,321,259.0,True,True,L1_Location=Walpole|L2_RainToday=rain_today_no
1,L1_Location=Walpole|L2_RainToday=rain_today_no|L3_Humidity3pm=others,L1_Location=Walpole|L2_RainToday=rain_today_no,3,L3_Humidity3pm,numeric_bin,others,62,34,28,15.0,True,True,L1_Location=Walpole|L2_RainToday=rain_today_no
1,L1_Location=Walpole|L2_RainToday=rain_today_yes|L3_Humidity3pm=hum_high,L1_Location=Walpole|L2_RainToday=rain_today_yes,3,L3_Humidity3pm,numeric_bin,hum_high,349,243,106,100.0,True,False,L1_Location=Walpole|L2_RainToday=rain_today_yes|L3_Humidity3pm=hum_high
1,L1_Location=Walpole|L2_RainToday=rain_today_yes|L3_Humidity3pm=hum_mid,L1_Location=Walpole|L2_RainToday=rain_today_yes,3,L3_Humidity3pm,numeric_bin,hum_mid,358,247,111,102.0,True,True,ROOT
1,L1_Location=Walpole|L2_RainToday=rain_today_yes|L3_Humidity3pm=others,L1_Location=Walpole|L2_RainToday=rain_today_yes,3,L3_Humidity3pm,numeric_bin,others,16,12,4,3.0,True,True,ROOT
1,L1_Location=Watsonia|L2_RainToday=rain_today_no|L3_Humidity3pm=hum_low,L1_Location=Watsonia|L2_RainToday=rain_today_no,3,L3_Humidity3pm,numeric_bin,hum_low,505,364,141,114.0,True,True,L1_Location=Watsonia|L2_RainToday=rain_today_no
1,L1_Location=Watsonia|L2_RainToday=rain_today_no|L3_Humidity3pm=hum_mid,L1_Location=Watsonia|L2_RainToday=rain_today_no,3,L3_Humidity3pm,numeric_bin,hum_mid,1072,766,306,293.0,True,True,L1_Location=Watsonia|L2_RainToday=rain_today_no
1,L1_Location=Watsonia|L2_RainToday=rain_today_no|L3_Humidity3pm=others,L1_Location=Watsonia|L2_RainToday=rain_today_no,3,L3_Humidity3pm,numeric_bin,others,214,141,73,58.0,True,True,L1_Location=Watsonia|L2_RainToday=rain_today_no
1,L1_Location=Watsonia|L2_RainToday=rain_today_yes|L3_Humidity3pm=hum_mid,L1_Location=Watsonia|L2_RainToday=rain_today_yes,3,L3_Humidity3pm,numeric_bin,hum_mid,363,247,116,84.0,True,True,L1_Location=Watsonia|L2_RainToday=rain_today_yes
1,L1_Location=Watsonia|L2_RainToday=rain_today_yes|L3_Humidity3pm=others,L1_Location=Watsonia|L2_RainToday=rain_today_yes,3,L3_Humidity3pm,numeric_bin,others,229,165,64,58.0,True,True,L1_Location=Watsonia|L2_RainToday=rain_today_yes
1,L1_Location=Williamtown|L2_RainToday=rain_today_no|L3_Humidity3pm=hum_low,L1_Location=Williamtown|L2_RainToday=rain_today_no,3,L3_Humidity3pm,numeric_bin,hum_low,445,299,146,,True,True,L1_Location=Williamtown|L2_RainToday=rain_today_no
1,L1_Location=Williamtown|L2_RainToday=rain_today_no|L3_Humidity3pm=hum_mid,L1_Location=Williamtown|L2_RainToday=rain_today_no,3,L3_Humidity3pm,numeric_bin,hum_mid,828,577,251,,True,True,L1_Location=Williamtown|L2_RainToday=rain_today_no
1,L1_Location=Williamtown|L2_RainToday=rain_today_no|L3_Humidity3pm=others,L1_Location=Williamtown|L2_RainToday=rain_today_no,3,L3_Humidity3pm,numeric_bin,others,143,90,53,,True,True,L1_Location=Williamtown|L2_RainToday=rain_today_no
1,L1_Location=Witchcliffe|L2_RainToday=rain_today_no|L3_Humidity3pm=hum_mid,L1_Location=Witchcliffe|L2_RainToday=rain_today_no,3,L3_Humidity3pm,numeric_bin,hum_mid,1175,817,358,289.0,True,False,L1_Location=Witchcliffe|L2_RainToday=rain_today_no|L3_Humidity3pm=hum_mid
1,L1_Location=Witchcliffe|L2_RainToday=rain_today_no|L3_Humidity3pm=others,L1_Location=Witchcliffe|L2_RainToday=rain_today_no,3,L3_Humidity3pm,numeric_bin,others,466,334,132,123.0,True,True,L1_Location=Witchcliffe
1,L1_Location=Witchcliffe|L2_RainToday=rain_today_yes|L3_Humidity3pm=hum_mid,L1_Location=Witchcliffe|L2_RainToday=rain_today_yes,3,L3_Humidity3pm,numeric_bin,hum_mid,409,274,135,95.0,True,True,L1_Location=Witchcliffe|L2_RainToday=rain_today_yes
1,L1_Location=Witchcliffe|L2_RainToday=rain_today_yes|L3_Humidity3pm=others,L1_Location=Witchcliffe|L2_RainToday=rain_today_yes,3,L3_Humidity3pm,numeric_bin,others,291,185,106,76.0,True,True,L1_Location=Witchcliffe|L2_RainToday=rain_today_yes
1,L1_Location=Wollongong|L2_RainToday=rain_today_no|L3_Humidity3pm=hum_high,L1_Location=Wollongong|L2_RainToday=rain_today_no,3,L3_Humidity3pm,numeric_bin,hum_high,712,496,216,160.0,True,False,L1_Location=Wollongong|L2_RainToday=rain_today_no|L3_Humidity3pm=hum_high
1,L1_Location=Wollongong|L2_RainToday=rain_today_no|L3_Humidity3pm=hum_mid,L1_Location=Wollongong|L2_RainToday=rain_today_no,3,L3_Humidity3pm,numeric_bin,hum_mid,867,599,268,204.0,True,True,ROOT
1,L1_Location=Wollongong|L2_RainToday=rain_today_no|L3_Humidity3pm=others,L1_Location=Wollongong|L2_RainToday=rain_today_no,3,L3_Humidity3pm,numeric_bin,others,241,169,72,55.0,True,True,ROOT
1,L1_Location=Wollongong|L2_RainToday=rain_today_yes|L3_Humidity3pm=hum_high,L1_Location=Wollongong|L2_RainToday=rain_today_yes,3,L3_Humidity3pm,numeric_bin,hum_high,359,250,109,80.0,True,False,L1_Location=Wollongong|L2_RainToday=rain_today_yes|L3_Humidity3pm=hum_high
1,L1_Location=Wollongong|L2_RainToday=rain_today_yes|L3_Humidity3pm=others,L1_Location=Wollongong|L2_RainToday=rain_today_yes,3,L3_Humidity3pm,numeric_bin,others,217,163,54,48.0,True,True,L1_Location=Wollongong|L2_RainToday=rain_today_yes
1,L1_Location=Woomera|L2_RainToday=rain_today_no|L3_Humidity3pm=hum_low,L1_Location=Woomera|L2_RainToday=rain_today_no,3,L3_Humidity3pm,numeric_bin,hum_low,1860,1322,538,420.0,True,True,ROOT
1,L1_Location=Woomera|L2_RainToday=rain_today_no|L3_Humidity3pm=hum_mid,L1_Location=Woomera|L2_RainToday=rain_today_no,3,L3_Humidity3pm,numeric_bin,hum_mid,345,236,109,78.0,True,True,ROOT
1,L1_Location=Woomera|L2_RainToday=rain_today_no|L3_Humidity3pm=others,L1_Location=Woomera|L2_RainToday=rain_today_no,3,L3_Humidity3pm,numeric_bin,others,62,45,17,18.0,True,True,ROOT
2,ROOT,ROOT,0,ROOT,ROOT,all,113754,15906,6806,1465.0,False,False,ROOT
2,L1_Location=Adelaide,ROOT,1,L1_Location,category_group,Adelaide,2468,374,305,,False,False,L1_Location=Adelaide
2,L1_Location=Albany,ROOT,1,L1_Location,category_group,Albany,2392,350,313,,False,True,ROOT
2,L1_Location=Albury,ROOT,1,L1_Location,category_group,Albury,2386,345,249,,False,False,L1_Location=Albury
2,L1_Location=AliceSprings,ROOT,1,L1_Location,category_group,AliceSprings,2422,445,185,,False,False,L1_Location=AliceSprings
2,L1_Location=BadgerysCreek,ROOT,1,L1_Location,category_group,BadgerysCreek,2337,347,264,,False,True,ROOT
2,L1_Location=Ballarat,ROOT,1,L1_Location,category_group,Ballarat,2435,351,288,,False,True,ROOT
2,L1_Location=Bendigo,ROOT,1,L1_Location,category_group,Bendigo,2426,345,260,,False,True,ROOT
2,L1_Location=Brisbane,ROOT,1,L1_Location,category_group,Brisbane,2540,361,303,,False,True,ROOT
2,L1_Location=Cairns,ROOT,1,L1_Location,category_group,Cairns,2384,360,302,,False,True,ROOT
2,L1_Location=Canberra,ROOT,1,L1_Location,category_group,Canberra,2734,387,284,,False,True,ROOT
2,L1_Location=Cobar,ROOT,1,L1_Location,category_group,Cobar,2376,500,229,,False,False,L1_Location=Cobar
2,L1_Location=CoffsHarbour,ROOT,1,L1_Location,category_group,CoffsHarbour,2319,334,281,,False,True,ROOT
2,L1_Location=Dartmoor,ROOT,1,L1_Location,category_group,Dartmoor,2339,322,327,,False,False,L1_Location=Dartmoor
2,L1_Location=Darwin,ROOT,1,L1_Location,category_group,Darwin,2539,354,312,,False,False,L1_Location=Darwin
2,L1_Location=GoldCoast,ROOT,1,L1_Location,category_group,GoldCoast,2376,367,289,,False,False,L1_Location=GoldCoast
2,L1_Location=Hobart,ROOT,1,L1_Location,category_group,Hobart,2574,359,314,,False,True,ROOT
2,L1_Location=Katherine,ROOT,1,L1_Location,category_group,Katherine,1217,285,128,,False,False,L1_Location=Katherine
2,L1_Location=Launceston,ROOT,1,L1_Location,category_group,Launceston,2435,351,255,,False,True,ROOT
2,L1_Location=Melbourne,ROOT,1,L1_Location,category_group,Melbourne,1941,335,232,,False,True,ROOT
2,L1_Location=MelbourneAirport,ROOT,1,L1_Location,category_group,MelbourneAirport,2395,344,253,,False,False,L1_Location=MelbourneAirport
2,L1_Location=Mildura,ROOT,1,L1_Location,category_group,Mildura,2419,489,199,,False,False,L1_Location=Mildura
2,L1_Location=Moree,ROOT,1,L1_Location,category_group,Moree,2232,512,215,,False,False,L1_Location=Moree
2,L1_Location=MountGambier,ROOT,1,L1_Location,category_group,MountGambier,2468,356,332,,False,False,L1_Location=MountGambier
2,L1_Location=MountGinini,ROOT,1,L1_Location,category_group,MountGinini,2292,371,293,,False,False,L1_Location=MountGinini
2,L1_Location=Newcastle,ROOT,1,L1_Location,category_group,Newcastle,2382,332,290,,False,True,ROOT
2,L1_Location=Nhil,ROOT,1,L1_Location,category_group,Nhil,1240,275,122,,False,False,L1_Location=Nhil
2,L1_Location=NorahHead,ROOT,1,L1_Location,category_group,NorahHead,2376,350,303,,False,True,ROOT
2,L1_Location=NorfolkIsland,ROOT,1,L1_Location,category_group,NorfolkIsland,2324,334,308,,False,True,ROOT
2,L1_Location=Nuriootpa,ROOT,1,L1_Location,category_group,Nuriootpa,2429,341,250,,False,False,L1_Location=Nuriootpa
2,L1_Location=PearceRAAF,ROOT,1,L1_Location,category_group,PearceRAAF,2254,590,256,,False,False,L1_Location=PearceRAAF
2,L1_Location=Penrith,ROOT,1,L1_Location,category_group,Penrith,2393,352,266,,False,False,L1_Location=Penrith
2,L1_Location=Perth,ROOT,1,L1_Location,category_group,Perth,2544,349,293,,False,False,L1_Location=Perth
2,L1_Location=PerthAirport,ROOT,1,L1_Location,category_group,PerthAirport,2408,339,238,,False,False,L1_Location=PerthAirport
2,L1_Location=Portland,ROOT,1,L1_Location,category_group,Portland,2414,337,370,,False,False,L1_Location=Portland
2,L1_Location=Richmond,ROOT,1,L1_Location,category_group,Richmond,2357,565,272,,False,False,L1_Location=Richmond
2,L1_Location=Sale,ROOT,1,L1_Location,category_group,Sale,2369,335,254,,False,False,L1_Location=Sale
2,L1_Location=SalmonGums,ROOT,1,L1_Location,category_group,SalmonGums,2409,536,248,,False,True,ROOT
2,L1_Location=Sydney,ROOT,1,L1_Location,category_group,Sydney,2675,378,325,,False,True,ROOT
2,L1_Location=SydneyAirport,ROOT,1,L1_Location,category_group,SydneyAirport,2389,340,276,,False,False,L1_Location=SydneyAirport
2,L1_Location=Townsville,ROOT,1,L1_Location,category_group,Townsville,2419,560,256,,False,False,L1_Location=Townsville
2,L1_Location=Tuggeranong,ROOT,1,L1_Location,category_group,Tuggeranong,2422,364,252,,False,True,ROOT
2,L1_Location=Uluru,ROOT,1,L1_Location,category_group,Uluru,1221,221,97,,False,True,ROOT
2,L1_Location=WaggaWagga,ROOT,1,L1_Location,category_group,WaggaWagga,2371,554,267,,False,False,L1_Location=WaggaWagga
2,L1_Location=Walpole,ROOT,1,L1_Location,category_group,Walpole,2289,340,325,,False,False,L1_Location=Walpole
2,L1_Location=Watsonia,ROOT,1,L1_Location,category_group,Watsonia,2396,343,271,,False,True,ROOT
2,L1_Location=Williamtown,ROOT,1,L1_Location,category_group,Williamtown,2031,359,278,,False,True,ROOT
2,L1_Location=Witchcliffe,ROOT,1,L1_Location,category_group,Witchcliffe,2400,338,333,,False,False,L1_Location=Witchcliffe
2,L1_Location=Wollongong,ROOT,1,L1_Location,category_group,Wollongong,2357,346,281,,False,False,L1_Location=Wollongong
2,L1_Location=Woomera,ROOT,1,L1_Location,category_group,Woomera,2439,426,195,,False,False,L1_Location=Woomera
2,L1_Location=Adelaide|L2_RainToday=rain_today_no,L1_Location=Adelaide,2,L2_RainToday,category_group,rain_today_no,1869,318,543,,False,True,L1_Location=Adelaide
2,L1_Location=Adelaide|L2_RainToday=rain_today_yes,L1_Location=Adelaide,2,L2_RainToday,category_group,rain_today_yes,545,366,179,,False,True,L1_Location=Adelaide
2,L1_Location=Adelaide|L2_RainToday=others,L1_Location=Adelaide,2,L2_RainToday,category_group,others,54,36,18,16.0,True,True,L1_Location=Adelaide
2,L1_Location=Albany|L2_RainToday=rain_today_no,L1_Location=Albany,2,L2_RainToday,category_group,rain_today_no,1655,482,476,,False,False,L1_Location=Albany|L2_RainToday=rain_today_no
2,L1_Location=Albany|L2_RainToday=rain_today_yes,L1_Location=Albany,2,L2_RainToday,category_group,rain_today_yes,717,505,212,,False,False,L1_Location=Albany|L2_RainToday=rain_today_yes
2,L1_Location=Albany|L2_RainToday=others,L1_Location=Albany,2,L2_RainToday,category_group,others,20,14,6,,True,True,ROOT
2,L1_Location=Albury|L2_RainToday=rain_today_no,L1_Location=Albury,2,L2_RainToday,category_group,rain_today_no,1880,341,335,,False,True,L1_Location=Albury
2,L1_Location=Albury|L2_RainToday=rain_today_yes,L1_Location=Albury,2,L2_RainToday,category_group,rain_today_yes,488,358,130,127.0,True,False,L1_Location=Albury|L2_RainToday=rain_today_yes
2,L1_Location=Albury|L2_RainToday=others,L1_Location=Albury,2,L2_RainToday,category_group,others,18,14,4,2.0,True,True,L1_Location=Albury
2,L1_Location=AliceSprings|L2_RainToday=rain_today_no,L1_Location=AliceSprings,2,L2_RainToday,category_group,rain_today_no,2239,406,170,,False,False,L1_Location=AliceSprings|L2_RainToday=rain_today_no
2,L1_Location=AliceSprings|L2_RainToday=others,L1_Location=AliceSprings,2,L2_RainToday,category_group,others,183,130,53,64.0,True,True,L1_Location=AliceSprings
2,L1_Location=BadgerysCreek|L2_RainToday=rain_today_no,L1_Location=BadgerysCreek,2,L2_RainToday,category_group,rain_today_no,1842,353,293,,False,False,L1_Location=BadgerysCreek|L2_RainToday=rain_today_no
2,L1_Location=BadgerysCreek|L2_RainToday=rain_today_yes,L1_Location=BadgerysCreek,2,L2_RainToday,category_group,rain_today_yes,452,313,139,120.0,True,True,ROOT
2,L1_Location=BadgerysCreek|L2_RainToday=others,L1_Location=BadgerysCreek,2,L2_RainToday,category_group,others,43,28,15,8.0,True,True,ROOT
2,L1_Location=Ballarat|L2_RainToday=rain_today_no,L1_Location=Ballarat,2,L2_RainToday,category_group,rain_today_no,1783,483,514,,False,False,L1_Location=Ballarat|L2_RainToday=rain_today_no
2,L1_Location=Ballarat|L2_RainToday=rain_today_yes,L1_Location=Ballarat,2,L2_RainToday,category_group,rain_today_yes,644,460,184,,False,False,L1_Location=Ballarat|L2_RainToday=rain_today_yes
2,L1_Location=Ballarat|L2_RainToday=others,L1_Location=Ballarat,2,L2_RainToday,category_group,others,8,6,2,3.0,True,True,ROOT
2,L1_Location=Bendigo|L2_RainToday=rain_today_no,L1_Location=Bendigo,2,L2_RainToday,category_group,rain_today_no,1974,379,556,,False,True,ROOT
2,L1_Location=Bendigo|L2_RainToday=rain_today_yes,L1_Location=Bendigo,2,L2_RainToday,category_group,rain_today_yes,449,301,148,113.0,True,True,ROOT
2,L1_Location=Bendigo|L2_RainToday=others,L1_Location=Bendigo,2,L2_RainToday,category_group,others,3,2,1,1.0,True,True,ROOT
2,L1_Location=Brisbane|L2_RainToday=rain_today_no,L1_Location=Brisbane,2,L2_RainToday,category_group,rain_today_no,1966,519,244,,False,False,L1_Location=Brisbane|L2_RainToday=rain_today_no
2,L1_Location=Brisbane|L2_RainToday=rain_today_yes,L1_Location=Brisbane,2,L2_RainToday,category_group,rain_today_yes,551,378,173,,False,False,L1_Location=Brisbane|L2_RainToday=rain_today_yes
2,L1_Location=Brisbane|L2_RainToday=others,L1_Location=Brisbane,2,L2_RainToday,category_group,others,23,14,9,6.0,True,True,ROOT
2,L1_Location=Cairns|L2_RainToday=rain_today_no,L1_Location=Cairns,2,L2_RainToday,category_group,rain_today_no,1601,406,156,,False,True,ROOT
2,L1_Location=Cairns|L2_RainToday=rain_today_yes,L1_Location=Cairns,2,L2_RainToday,category_group,rain_today_yes,763,551,212,,False,False,L1_Location=Cairns|L2_RainToday=rain_today_yes
2,L1_Location=Cairns|L2_RainToday=others,L1_Location=Cairns,2,L2_RainToday,category_group,others,20,18,2,4.0,True,True,ROOT
2,L1_Location=Canberra|L2_RainToday=rain_today_no,L1_Location=Canberra,2,L2_RainToday,category_group,rain_today_no,2233,391,168,,False,False,L1_Location=Canberra|L2_RainToday=rain_today_no
2,L1_Location=Canberra|L2_RainToday=rain_today_yes,L1_Location=Canberra,2,L2_RainToday,category_group,rain_today_yes,491,345,146,133.0,True,False,L1_Location=Canberra|L2_RainToday=rain_today_yes
2,L1_Location=Canberra|L2_RainToday=others,L1_Location=Canberra,2,L2_RainToday,category_group,others,10,8,2,6.0,True,True,ROOT
2,L1_Location=Cobar|L2_RainToday=rain_today_no,L1_Location=Cobar,2,L2_RainToday,category_group,rain_today_no,2058,590,256,,False,False,L1_Location=Cobar|L2_RainToday=rain_today_no
2,L1_Location=Cobar|L2_RainToday=rain_today_yes,L1_Location=Cobar,2,L2_RainToday,category_group,rain_today_yes,312,215,97,72.0,True,True,L1_Location=Cobar
2,L1_Location=Cobar|L2_RainToday=others,L1_Location=Cobar,2,L2_RainToday,category_group,others,6,3,3,2.0,True,True,L1_Location=Cobar
2,L1_Location=CoffsHarbour|L2_RainToday=rain_today_no,L1_Location=CoffsHarbour,2,L2_RainToday,category_group,rain_today_no,1644,230,200,,False,True,ROOT
2,L1_Location=CoffsHarbour|L2_RainToday=rain_today_yes,L1_Location=CoffsHarbour,2,L2_RainToday,category_group,rain_today_yes,666,485,181,,False,False,L1_Location=CoffsHarbour|L2_RainToday=rain_today_yes
2,L1_Location=CoffsHarbour|L2_RainToday=others,L1_Location=CoffsHarbour,2,L2_RainToday,category_group,others,9,6,3,4.0,True,True,ROOT
2,L1_Location=Dartmoor|L2_RainToday=rain_today_no,L1_Location=Dartmoor,2,L2_RainToday,category_group,rain_today_no,1590,635,503,,False,True,L1_Location=Dartmoor
2,L1_Location=Dartmoor|L2_RainToday=rain_today_yes,L1_Location=Dartmoor,2,L2_RainToday,category_group,rain_today_yes,746,274,225,,False,False,L1_Location=Dartmoor|L2_RainToday=rain_today_yes
2,L1_Location=Dartmoor|L2_RainToday=others,L1_Location=Dartmoor,2,L2_RainToday,category_group,others,3,1,2,1.0,True,True,L1_Location=Dartmoor
2,L1_Location=Darwin|L2_RainToday=rain_today_no,L1_Location=Darwin,2,L2_RainToday,category_group,rain_today_no,1870,308,313,,False,False,L1_Location=Darwin|L2_RainToday=rain_today_no
2,L1_Location=Darwin|L2_RainToday=rain_today_yes,L1_Location=Darwin,2,L2_RainToday,category_group,rain_today_yes,669,470,199,,False,True,L1_Location=Darwin
2,L1_Location=GoldCoast|L2_RainToday=rain_today_no,L1_Location=GoldCoast,2,L2_RainToday,category_group,rain_today_no,1724,245,191,,False,True,L1_Location=GoldCoast
2,L1_Location=GoldCoast|L2_RainToday=rain_today_yes,L1_Location=GoldCoast,2,L2_RainToday,category_group,rain_today_yes,605,425,180,,False,True,L1_Location=GoldCoast
2,L1_Location=GoldCoast|L2_RainToday=others,L1_Location=GoldCoast,2,L2_RainToday,category_group,others,47,36,11,9.0,True,True,L1_Location=GoldCoast
2,L1_Location=Hobart|L2_RainToday=rain_today_no,L1_Location=Hobart,2,L2_RainToday,category_group,rain_today_no,1950,378,266,,False,True,ROOT
2,L1_Location=Hobart|L2_RainToday=rain_today_yes,L1_Location=Hobart,2,L2_RainToday,category_group,rain_today_yes,620,426,194,,False,False,L1_Location=Hobart|L2_RainToday=rain_today_yes
2,L1_Location=Hobart|L2_RainToday=others,L1_Location=Hobart,2,L2_RainToday,category_group,others,4,2,2,1.0,True,True,ROOT
2,L1_Location=Katherine|L2_RainToday=rain_today_no,L1_Location=Katherine,2,L2_RainToday,category_group,rain_today_no,1005,135,325,,False,True,L1_Location=Katherine
2,L1_Location=Katherine|L2_RainToday=others,L1_Location=Katherine,2,L2_RainToday,category_group,others,212,149,63,,True,True,L1_Location=Katherine
2,L1_Location=Launceston|L2_RainToday=rain_today_no,L1_Location=Launceston,2,L2_RainToday,category_group,rain_today_no,1878,669,275,,False,False,L1_Location=Launceston|L2_RainToday=rain_today_no
2,L1_Location=Launceston|L2_RainToday=rain_today_yes,L1_Location=Launceston,2,L2_RainToday,category_group,rain_today_yes,552,407,145,145.0,True,False,L1_Location=Launceston|L2_RainToday=rain_today_yes
2,L1_Location=Launceston|L2_RainToday=others,L1_Location=Launceston,2,L2_RainToday,category_group,others,5,3,2,3.0,True,True,ROOT
2,L1_Location=Melbourne|L2_RainToday=rain_today_no,L1_Location=Melbourne,2,L2_RainToday,category_group,rain_today_no,1375,491,404,,False,False,L1_Location=Melbourne|L2_RainToday=rain_today_no
2,L1_Location=Melbourne|L2_RainToday=rain_today_yes,L1_Location=Melbourne,2,L2_RainToday,category_group,rain_today_yes,453,341,112,,False,False,L1_Location=Melbourne|L2_RainToday=rain_today_yes
2,L1_Location=Melbourne|L2_RainToday=others,L1_Location=Melbourne,2,L2_RainToday,category_group,others,113,73,40,,True,True,ROOT
2,L1_Location=MelbourneAirport|L2_RainToday=rain_today_no,L1_Location=MelbourneAirport,2,L2_RainToday,category_group,rain_today_no,1864,384,264,,False,True,L1_Location=MelbourneAirport
2,L1_Location=MelbourneAirport|L2_RainToday=rain_today_yes,L1_Location=MelbourneAirport,2,L2_RainToday,category_group,rain_today_yes,531,382,149,,False,True,L1_Location=MelbourneAirport
2,L1_Location=Mildura|L2_RainToday=rain_today_no,L1_Location=Mildura,2,L2_RainToday,category_group,rain_today_no,2162,341,269,,False,True,L1_Location=Mildura
2,L1_Location=Mildura|L2_RainToday=others,L1_Location=Mildura,2,L2_RainToday,category_group,others,257,181,76,71.0,True,True,L1_Location=Mildura
2,L1_Location=Moree|L2_RainToday=rain_today_no,L1_Location=Moree,2,L2_RainToday,category_group,rain_today_no,1880,499,206,,False,False,L1_Location=Moree|L2_RainToday=rain_today_no
2,L1_Location=Moree|L2_RainToday=rain_today_yes,L1_Location=Moree,2,L2_RainToday,category_group,rain_today_yes,302,210,92,80.0,True,True,L1_Location=Moree
2,L1_Location=Moree|L2_RainToday=others,L1_Location=Moree,2,L2_RainToday,category_group,others,50,36,14,13.0,True,True,L1_Location=Moree
2,L1_Location=MountGambier|L2_RainToday=rain_today_no,L1_Location=MountGambier,2,L2_RainToday,category_group,rain_today_no,1705,427,476,,False,True,L1_Location=MountGambier
2,L1_Location=MountGambier|L2_RainToday=rain_today_yes,L1_Location=MountGambier,2,L2_RainToday,category_group,rain_today_yes,755,518,237,,False,False,L1_Location=MountGambier|L2_RainToday=rain_today_yes
2,L1_Location=MountGambier|L2_RainToday=others,L1_Location=MountGambier,2,L2_RainToday,category_group,others,8,8,0,,True,True,L1_Location=MountGambier
2,L1_Location=MountGinini|L2_RainToday=rain_today_no,L1_Location=MountGinini,2,L2_RainToday,category_group,rain_today_no,1583,414,444,,False,True,L1_Location=MountGinini
2,L1_Location=MountGinini|L2_RainToday=rain_today_yes,L1_Location=MountGinini,2,L2_RainToday,category_group,rain_today_yes,636,204,187,,False,False,L1_Location=MountGinini|L2_RainToday=rain_today_yes
2,L1_Location=MountGinini|L2_RainToday=others,L1_Location=MountGinini,2,L2_RainToday,category_group,others,73,55,18,18.0,True,True,L1_Location=MountGinini
2,L1_Location=Newcastle|L2_RainToday=rain_today_no,L1_Location=Newcastle,2,L2_RainToday,category_group,rain_today_no,1775,234,598,,False,True,ROOT
2,L1_Location=Newcastle|L2_RainToday=rain_today_yes,L1_Location=Newcastle,2,L2_RainToday,category_group,rain_today_yes,588,423,165,133.0,True,False,L1_Location=Newcastle|L2_RainToday=rain_today_yes
2,L1_Location=Newcastle|L2_RainToday=others,L1_Location=Newcastle,2,L2_RainToday,category_group,others,19,13,6,7.0,True,True,ROOT
2,L1_Location=Nhil|L2_RainToday=rain_today_no,L1_Location=Nhil,2,L2_RainToday,category_group,rain_today_no,1053,420,342,,False,True,L1_Location=Nhil
2,L1_Location=Nhil|L2_RainToday=others,L1_Location=Nhil,2,L2_RainToday,category_group,others,187,133,54,,True,True,L1_Location=Nhil
2,L1_Location=NorahHead|L2_RainToday=rain_today_no,L1_Location=NorahHead,2,L2_RainToday,category_group,rain_today_no,1705,317,488,,False,True,ROOT
2,L1_Location=NorahHead|L2_RainToday=rain_today_yes,L1_Location=NorahHead,2,L2_RainToday,category_group,rain_today_yes,638,447,191,,False,False,L1_Location=NorahHead|L2_RainToday=rain_today_yes
2,L1_Location=NorahHead|L2_RainToday=others,L1_Location=NorahHead,2,L2_RainToday,category_group,others,33,18,15,8.0,True,True,ROOT
2,L1_Location=NorfolkIsland|L2_RainToday=rain_today_no,L1_Location=NorfolkIsland,2,L2_RainToday,category_group,rain_today_no,1588,220,218,,False,False,L1_Location=NorfolkIsland|L2_RainToday=rain_today_no
2,L1_Location=NorfolkIsland|L2_RainToday=rain_today_yes,L1_Location=NorfolkIsland,2,L2_RainToday,category_group,rain_today_yes,720,513,207,,False,False,L1_Location=NorfolkIsland|L2_RainToday=rain_today_yes
2,L1_Location=NorfolkIsland|L2_RainToday=others,L1_Location=NorfolkIsland,2,L2_RainToday,category_group,others,16,13,3,4.0,True,True,ROOT
2,L1_Location=Nuriootpa|L2_RainToday=rain_today_no,L1_Location=Nuriootpa,2,L2_RainToday,category_group,rain_today_no,1960,367,343,,False,True,L1_Location=Nuriootpa
2,L1_Location=Nuriootpa|L2_RainToday=rain_today_yes,L1_Location=Nuriootpa,2,L2_RainToday,category_group,rain_today_yes,464,336,128,124.0,True,True,L1_Location=Nuriootpa
2,L1_Location=Nuriootpa|L2_RainToday=others,L1_Location=Nuriootpa,2,L2_RainToday,category_group,others,5,5,0,1.0,True,True,L1_Location=Nuriootpa
2,L1_Location=PearceRAAF|L2_RainToday=rain_today_no,L1_Location=PearceRAAF,2,L2_RainToday,category_group,rain_today_no,1759,285,273,,False,False,L1_Location=PearceRAAF|L2_RainToday=rain_today_no
2,L1_Location=PearceRAAF|L2_RainToday=rain_today_yes,L1_Location=PearceRAAF,2,L2_RainToday,category_group,rain_today_yes,395,276,119,79.0,True,False,L1_Location=PearceRAAF|L2_RainToday=rain_today_yes
2,L1_Location=PearceRAAF|L2_RainToday=others,L1_Location=PearceRAAF,2,L2_RainToday,category_group,others,100,67,33,16.0,True,True,L1_Location=PearceRAAF
2,L1_Location=Penrith|L2_RainToday=rain_today_no,L1_Location=Penrith,2,L2_RainToday,category_group,rain_today_no,1876,352,596,,False,True,L1_Location=Penrith
2,L1_Location=Penrith|L2_RainToday=rain_today_yes,L1_Location=Penrith,2,L2_RainToday,category_group,rain_today_yes,477,342,135,104.0,True,True,L1_Location=Penrith
2,L1_Location=Penrith|L2_RainToday=others,L1_Location=Penrith,2,L2_RainToday,category_group,others,40,28,12,13.0,True,True,L1_Location=Penrith
2,L1_Location=Perth|L2_RainToday=rain_today_no,L1_Location=Perth,2,L2_RainToday,category_group,rain_today_no,2027,328,340,,False,False,L1_Location=Perth|L2_RainToday=rain_today_no
2,L1_Location=Perth|L2_RainToday=rain_today_yes,L1_Location=Perth,2,L2_RainToday,category_group,rain_today_yes,517,348,169,,False,True,L1_Location=Perth
2,L1_Location=PerthAirport|L2_RainToday=rain_today_no,L1_Location=PerthAirport,2,L2_RainToday,category_group,rain_today_no,1969,310,321,,False,False,L1_Location=PerthAirport|L2_RainToday=rain_today_no
2,L1_Location=PerthAirport|L2_RainToday=rain_today_yes,L1_Location=PerthAirport,2,L2_RainToday,category_group,rain_today_yes,439,318,121,,False,True,L1_Location=PerthAirport
2,L1_Location=Portland|L2_RainToday=rain_today_no,L1_Location=Portland,2,L2_RainToday,category_group,rain_today_no,1515,501,471,,False,True,L1_Location=Portland
2,L1_Location=Portland|L2_RainToday=rain_today_yes,L1_Location=Portland,2,L2_RainToday,category_group,rain_today_yes,889,358,272,,False,True,L1_Location=Portland
2,L1_Location=Portland|L2_RainToday=others,L1_Location=Portland,2,L2_RainToday,category_group,others,10,6,4,2.0,True,True,L1_Location=Portland
2,L1_Location=Richmond|L2_RainToday=rain_today_no,L1_Location=Richmond,2,L2_RainToday,category_group,rain_today_no,1900,348,585,,False,True,L1_Location=Richmond
2,L1_Location=Richmond|L2_RainToday=rain_today_yes,L1_Location=Richmond,2,L2_RainToday,category_group,rain_today_yes,424,281,143,131.0,True,False,L1_Location=Richmond|L2_RainToday=rain_today_yes
2,L1_Location=Richmond|L2_RainToday=others,L1_Location=Richmond,2,L2_RainToday,category_group,others,33,21,12,12.0,True,True,L1_Location=Richmond
2,L1_Location=Sale|L2_RainToday=rain_today_no,L1_Location=Sale,2,L2_RainToday,category_group,rain_today_no,1838,252,268,,False,True,L1_Location=Sale
2,L1_Location=Sale|L2_RainToday=rain_today_yes,L1_Location=Sale,2,L2_RainToday,category_group,rain_today_yes,523,386,137,,False,True,L1_Location=Sale
2,L1_Location=Sale|L2_RainToday=others,L1_Location=Sale,2,L2_RainToday,category_group,others,8,5,3,,True,True,L1_Location=Sale
2,L1_Location=SalmonGums|L2_RainToday=rain_today_no,L1_Location=SalmonGums,2,L2_RainToday,category_group,rain_today_no,2030,335,307,,False,True,ROOT
2,L1_Location=SalmonGums|L2_RainToday=rain_today_yes,L1_Location=SalmonGums,2,L2_RainToday,category_group,rain_today_yes,366,248,118,103.0,True,False,L1_Location=SalmonGums|L2_RainToday=rain_today_yes
2,L1_Location=SalmonGums|L2_RainToday=others,L1_Location=SalmonGums,2,L2_RainToday,category_group,others,13,10,3,1.0,True,True,ROOT
2,L1_Location=Sydney|L2_RainToday=rain_today_no,L1_Location=Sydney,2,L2_RainToday,category_group,rain_today_no,1976,365,273,,False,True,ROOT
2,L1_Location=Sydney|L2_RainToday=rain_today_yes,L1_Location=Sydney,2,L2_RainToday,category_group,rain_today_yes,694,487,207,,False,False,L1_Location=Sydney|L2_RainToday=rain_today_yes
2,L1_Location=Sydney|L2_RainToday=others,L1_Location=Sydney,2,L2_RainToday,category_group,others,5,5,0,1.0,True,True,ROOT
2,L1_Location=SydneyAirport|L2_RainToday=rain_today_no,L1_Location=SydneyAirport,2,L2_RainToday,category_group,rain_today_no,1768,364,267,,False,False,L1_Location=SydneyAirport|L2_RainToday=rain_today_no
2,L1_Location=SydneyAirport|L2_RainToday=rain_today_yes,L1_Location=SydneyAirport,2,L2_RainToday,category_group,rain_today_yes,618,447,171,,False,False,L1_Location=SydneyAirport|L2_RainToday=rain_today_yes
2,L1_Location=SydneyAirport|L2_RainToday=others,L1_Location=SydneyAirport,2,L2_RainToday,category_group,others,3,3,0,1.0,True,True,L1_Location=SydneyAirport
2,L1_Location=Townsville|L2_RainToday=rain_today_no,L1_Location=Townsville,2,L2_RainToday,category_group,rain_today_no,2003,465,206,,False,False,L1_Location=Townsville|L2_RainToday=rain_today_no
2,L1_Location=Townsville|L2_RainToday=rain_today_yes,L1_Location=Townsville,2,L2_RainToday,category_group,rain_today_yes,413,284,129,105.0,True,True,L1_Location=Townsville
2,L1_Location=Townsville|L2_RainToday=others,L1_Location=Townsville,2,L2_RainToday,category_group,others,3,1,2,3.0,True,True,L1_Location=Townsville
2,L1_Location=Tuggeranong|L2_RainToday=rain_today_no,L1_Location=Tuggeranong,2,L2_RainToday,category_group,rain_today_no,1933,356,551,,False,False,L1_Location=Tuggeranong|L2_RainToday=rain_today_no
2,L1_Location=Tuggeranong|L2_RainToday=rain_today_yes,L1_Location=Tuggeranong,2,L2_RainToday,category_group,rain_today_yes,455,323,132,107.0,True,False,L1_Location=Tuggeranong|L2_RainToday=rain_today_yes
2,L1_Location=Tuggeranong|L2_RainToday=others,L1_Location=Tuggeranong,2,L2_RainToday,category_group,others,34,24,10,5.0,True,True,ROOT
2,L1_Location=Uluru|L2_RainToday=rain_today_no,L1_Location=Uluru,2,L2_RainToday,category_group,rain_today_no,1128,200,87,,False,True,ROOT
2,L1_Location=Uluru|L2_RainToday=others,L1_Location=Uluru,2,L2_RainToday,category_group,others,93,68,25,,True,True,ROOT
2,L1_Location=WaggaWagga|L2_RainToday=rain_today_no,L1_Location=WaggaWagga,2,L2_RainToday,category_group,rain_today_no,1936,333,316,,False,True,L1_Location=WaggaWagga
2,L1_Location=WaggaWagga|L2_RainToday=rain_today_yes,L1_Location=WaggaWagga,2,L2_RainToday,category_group,rain_today_yes,421,281,140,112.0,True,True,L1_Location=WaggaWagga
2,L1_Location=WaggaWagga|L2_RainToday=others,L1_Location=WaggaWagga,2,L2_RainToday,category_group,others,14,10,4,4.0,True,True,L1_Location=WaggaWagga
2,L1_Location=Walpole|L2_RainToday=rain_today_no,L1_Location=Walpole,2,L2_RainToday,category_group,rain_today_no,1503,453,197,,False,True,L1_Location=Walpole
2,L1_Location=Walpole|L2_RainToday=rain_today_yes,L1_Location=Walpole,2,L2_RainToday,category_group,rain_today_yes,745,525,220,,False,False,L1_Location=Walpole|L2_RainToday=rain_today_yes
2,L1_Location=Walpole|L2_RainToday=others,L1_Location=Walpole,2,L2_RainToday,category_group,others,41,28,13,8.0,True,True,L1_Location=Walpole
2,L1_Location=Watsonia|L2_RainToday=rain_today_no,L1_Location=Watsonia,2,L2_RainToday,category_group,rain_today_no,1792,378,271,,False,False,L1_Location=Watsonia|L2_RainToday=rain_today_no
2,L1_Location=Watsonia|L2_RainToday=rain_today_yes,L1_Location=Watsonia,2,L2_RainToday,category_group,rain_today_yes,597,434,163,,False,False,L1_Location=Watsonia|L2_RainToday=rain_today_yes
2,L1_Location=Watsonia|L2_RainToday=others,L1_Location=Watsonia,2,L2_RainToday,category_group,others,7,5,2,2.0,True,True,ROOT
2,L1_Location=Williamtown|L2_RainToday=rain_today_no,L1_Location=Williamtown,2,L2_RainToday,category_group,rain_today_no,1381,504,431,,False,False,L1_Location=Williamtown|L2_RainToday=rain_today_no
2,L1_Location=Williamtown|L2_RainToday=rain_today_yes,L1_Location=Williamtown,2,L2_RainToday,category_group,rain_today_yes,509,361,148,126.0,True,False,L1_Location=Williamtown|L2_RainToday=rain_today_yes
2,L1_Location=Williamtown|L2_RainToday=others,L1_Location=Williamtown,2,L2_RainToday,category_group,others,141,97,44,36.0,True,True,ROOT
2,L1_Location=Witchcliffe|L2_RainToday=rain_today_no,L1_Location=Witchcliffe,2,L2_RainToday,category_group,rain_today_no,1678,230,230,,False,False,L1_Location=Witchcliffe|L2_RainToday=rain_today_no
2,L1_Location=Witchcliffe|L2_RainToday=rain_today_yes,L1_Location=Witchcliffe,2,L2_RainToday,category_group,rain_today_yes,700,482,218,,False,True,L1_Location=Witchcliffe
2,L1_Location=Witchcliffe|L2_RainToday=others,L1_Location=Witchcliffe,2,L2_RainToday,category_group,others,22,12,10,6.0,True,True,L1_Location=Witchcliffe
2,L1_Location=Wollongong|L2_RainToday=rain_today_no,L1_Location=Wollongong,2,L2_RainToday,category_group,rain_today_no,1764,376,528,,False,True,L1_Location=Wollongong
2,L1_Location=Wollongong|L2_RainToday=rain_today_yes,L1_Location=Wollongong,2,L2_RainToday,category_group,rain_today_yes,565,397,168,,False,True,L1_Location=Wollongong
2,L1_Location=Wollongong|L2_RainToday=others,L1_Location=Wollongong,2,L2_RainToday,category_group,others,28,20,8,12.0,True,True,L1_Location=Wollongong
2,L1_Location=Woomera|L2_RainToday=rain_today_no,L1_Location=Woomera,2,L2_RainToday,category_group,rain_today_no,2272,552,234,,False,False,L1_Location=Woomera|L2_RainToday=rain_today_no
2,L1_Location=Woomera|L2_RainToday=others,L1_Location=Woomera,2,L2_RainToday,category_group,others,167,105,62,40.0,True,True,L1_Location=Woomera
2,L1_Location=Adelaide|L2_RainToday=rain_today_no|L3_Humidity3pm=hum_low,L1_Location=Adelaide|L2_RainToday=rain_today_no,3,L3_Humidity3pm,numeric_bin,hum_low,971,696,275,239.0,True,True,L1_Location=Adelaide
2,L1_Location=Adelaide|L2_RainToday=rain_today_no|L3_Humidity3pm=hum_mid,L1_Location=Adelaide|L2_RainToday=rain_today_no,3,L3_Humidity3pm,numeric_bin,hum_mid,809,563,246,210.0,True,True,L1_Location=Adelaide
2,L1_Location=Adelaide|L2_RainToday=rain_today_no|L3_Humidity3pm=others,L1_Location=Adelaide|L2_RainToday=rain_today_no,3,L3_Humidity3pm,numeric_bin,others,89,67,22,26.0,True,True,L1_Location=Adelaide
2,L1_Location=Adelaide|L2_RainToday=rain_today_yes|L3_Humidity3pm=hum_mid,L1_Location=Adelaide|L2_RainToday=rain_today_yes,3,L3_Humidity3pm,numeric_bin,hum_mid,357,241,116,89.0,True,True,L1_Location=Adelaide
2,L1_Location=Adelaide|L2_RainToday=rain_today_yes|L3_Humidity3pm=others,L1_Location=Adelaide|L2_RainToday=rain_today_yes,3,L3_Humidity3pm,numeric_bin,others,188,125,63,42.0,True,True,L1_Location=Adelaide
2,L1_Location=Albany|L2_RainToday=rain_today_no|L3_Humidity3pm=hum_high,L1_Location=Albany|L2_RainToday=rain_today_no,3,L3_Humidity3pm,numeric_bin,hum_high,451,323,128,137.0,True,False,L1_Location=Albany|L2_RainToday=rain_today_no|L3_Humidity3pm=hum_high
2,L1_Location=Albany|L2_RainToday=rain_today_no|L3_Humidity3pm=hum_mid,L1_Location=Albany|L2_RainToday=rain_today_no,3,L3_Humidity3pm,numeric_bin,hum_mid,778,547,231,210.0,True,True,L1_Location=Albany|L2_RainToday=rain_today_no
2,L1_Location=Albany|L2_RainToday=rain_today_no|L3_Humidity3pm=unknown,L1_Location=Albany|L2_RainToday=rain_today_no,3,L3_Humidity3pm,numeric_bin,unknown,391,287,104,90.0,True,False,L1_Location=Albany|L2_RainToday=rain_today_no|L3_Humidity3pm=unknown
2,L1_Location=Albany|L2_RainToday=rain_today_no|L3_Humidity3pm=others,L1_Location=Albany|L2_RainToday=rain_today_no,3,L3_Humidity3pm,numeric_bin,others,35,22,13,11.0,True,True,L1_Location=Albany|L2_RainToday=rain_today_no
2,L1_Location=Albany|L2_RainToday=rain_today_yes|L3_Humidity3pm=hum_mid,L1_Location=Albany|L2_RainToday=rain_today_yes,3,L3_Humidity3pm,numeric_bin,hum_mid,308,222,86,71.0,True,True,L1_Location=Albany|L2_RainToday=rain_today_yes
2,L1_Location=Albany|L2_RainToday=rain_today_yes|L3_Humidity3pm=others,L1_Location=Albany|L2_RainToday=rain_today_yes,3,L3_Humidity3pm,numeric_bin,others,409,283,126,105.0,True,True,L1_Location=Albany|L2_RainToday=rain_today_yes
2,L1_Location=Albury|L2_RainToday=rain_today_no|L3_Humidity3pm=hum_low,L1_Location=Albury|L2_RainToday=rain_today_no,3,L3_Humidity3pm,numeric_bin,hum_low,870,567,303,206.0,True,False,L1_Location=Albury|L2_RainToday=rain_today_no|L3_Humidity3pm=hum_low
2,L1_Location=Albury|L2_RainToday=rain_today_no|L3_Humidity3pm=hum_mid,L1_Location=Albury|L2_RainToday=rain_today_no,3,L3_Humidity3pm,numeric_bin,hum_mid,871,633,238,232.0,True,True,L1_Location=Albury
2,L1_Location=Albury|L2_RainToday=rain_today_no|L3_Humidity3pm=others,L1_Location=Albury|L2_RainToday=rain_today_no,3,L3_Humidity3pm,numeric_bin,others,139,102,37,58.0,True,True,L1_Location=Albury
2,L1_Location=AliceSprings|L2_RainToday=rain_today_no|L3_Humidity3pm=hum_low,L1_Location=AliceSprings|L2_RainToday=rain_today_no,3,L3_Humidity3pm,numeric_bin,hum_low,2078,1461,617,509.0,True,True,L1_Location=AliceSprings|L2_RainToday=rain_today_no
2,L1_Location=AliceSprings|L2_RainToday=rain_today_no|L3_Humidity3pm=others,L1_Location=AliceSprings|L2_RainToday=rain_today_no,3,L3_Humidity3pm,numeric_bin,others,161,114,47,36.0,True,True,L1_Location=AliceSprings|L2_RainToday=rain_today_no
2,L1_Location=BadgerysCreek|L2_RainToday=rain_today_no|L3_Humidity3pm=hum_low,L1_Location=BadgerysCreek|L2_RainToday=rain_today_no,3,L3_Humidity3pm,numeric_bin,hum_low,587,408,179,164.0,True,True,L1_Location=BadgerysCreek|L2_RainToday=rain_today_no
2,L1_Location=BadgerysCreek|L2_RainToday=rain_today_no|L3_Humidity3pm=hum_mid,L1_Location=BadgerysCreek|L2_RainToday=rain_today_no,3,L3_Humidity3pm,numeric_bin,hum_mid,1086,760,326,253.0,True,True,L1_Location=BadgerysCreek|L2_RainToday=rain_today_no
2,L1_Location=BadgerysCreek|L2_RainToday=rain_today_no|L3_Humidity3pm=others,L1_Location=BadgerysCreek|L2_RainToday=rain_today_no,3,L3_Humidity3pm,numeric_bin,others,169,120,49,46.0,True,True,L1_Location=BadgerysCreek|L2_RainToday=rain_today_no
2,L1_Location=Ballarat|L2_RainToday=rain_today_no|L3_Humidity3pm=hum_high,L1_Location=Ballarat|L2_RainToday=rain_today_no,3,L3_Humidity3pm,numeric_bin,hum_high,402,287,115,92.0,True,True,L1_Location=Ballarat|L2_RainToday=rain_today_no
2,L1_Location=Ballarat|L2_RainToday=rain_today_no|L3_Humidity3pm=hum_low,L1_Location=Ballarat|L2_RainToday=rain_today_no,3,L3_Humidity3pm,numeric_bin,hum_low,518,364,154,158.0,True,True,L1_Location=Ballarat|L2_RainToday=rain_today_no
2,L1_Location=Ballarat|L2_RainToday=rain_today_no|L3_Humidity3pm=hum_mid,L1_Location=Ballarat|L2_RainToday=rain_today_no,3,L3_Humidity3pm,numeric_bin,hum_mid,861,617,244,204.0,True,True,L1_Location=Ballarat|L2_RainToday=rain_today_no
2,L1_Location=Ballarat|L2_RainToday=rain_today_no|L3_Humidity3pm=others,L1_Location=Ballarat|L2_RainToday=rain_today_no,3,L3_Humidity3pm,numeric_bin,others,2,1,1,2.0,True,True,L1_Location=Ballarat|L2_RainToday=rain_today_no
2,L1_Location=Ballarat|L2_RainToday=rain_today_yes|L3_Humidity3pm=hum_high,L1_Location=Ballarat|L2_RainToday=rain_today_yes,3,L3_Humidity3pm,numeric_bin,hum_high,368,261,107,74.0,True,False,L1_Location=Ballarat|L2_RainToday=rain_today_yes|L3_Humidity3pm=hum_high
2,L1_Location=Ballarat|L2_RainToday=rain_today_yes|L3_Humidity3pm=others,L1_Location=Ballarat|L2_RainToday=rain_today_yes,3,L3_Humidity3pm,numeric_bin,others,276,199,77,60.0,True,True,L1_Location=Ballarat|L2_RainToday=rain_today_yes
2,L1_Location=Bendigo|L2_RainToday=rain_today_no|L3_Humidity3pm=hum_low,L1_Location=Bendigo|L2_RainToday=rain_today_no,3,L3_Humidity3pm,numeric_bin,hum_low,943,673,270,251.0,True,True,ROOT
2,L1_Location=Bendigo|L2_RainToday=rain_today_no|L3_Humidity3pm=hum_mid,L1_Location=Bendigo|L2_RainToday=rain_today_no,3,L3_Humidity3pm,numeric_bin,hum_mid,869,625,244,206.0,True,True,ROOT
2,L1_Location=Bendigo|L2_RainToday=rain_today_no|L3_Humidity3pm=others,L1_Location=Bendigo|L2_RainToday=rain_today_no,3,L3_Humidity3pm,numeric_bin,others,162,120,42,37.0,True,True,ROOT
2,L1_Location=Brisbane|L2_RainToday=rain_today_no|L3_Humidity3pm=hum_low,L1_Location=Brisbane|L2_RainToday=rain_today_no,3,L3_Humidity3pm,numeric_bin,hum_low,353,240,113,95.0,True,True,L1_Location=Brisbane|L2_RainToday=rain_today_no
2,L1_Location=Brisbane|L2_RainToday=rain_today_no|L3_Humidity3pm=hum_mid,L1_Location=Brisbane|L2_RainToday=rain_today_no,3,L3_Humidity3pm,numeric_bin,hum_mid,1503,1052,451,333.0,True,True,L1_Location=Brisbane|L2_RainToday=rain_today_no
2,L1_Location=Brisbane|L2_RainToday=rain_today_no|L3_Humidity3pm=others,L1_Location=Brisbane|L2_RainToday=rain_today_no,3,L3_Humidity3pm,numeric_bin,others,110,69,41,34.0,True,True,L1_Location=Brisbane|L2_RainToday=rain_today_no
2,L1_Location=Brisbane|L2_RainToday=rain_today_yes|L3_Humidity3pm=hum_mid,L1_Location=Brisbane|L2_RainToday=rain_today_yes,3,L3_Humidity3pm,numeric_bin,hum_mid,340,230,110,95.0,True,True,L1_Location=Brisbane|L2_RainToday=rain_today_yes
2,L1_Location=Brisbane|L2_RainToday=rain_today_yes|L3_Humidity3pm=others,L1_Location=Brisbane|L2_RainToday=rain_today_yes,3,L3_Humidity3pm,numeric_bin,others,211,148,63,58.0,True,True,L1_Location=Brisbane|L2_RainToday=rain_today_yes
2,L1_Location=Cairns|L2_RainToday=rain_today_no|L3_Humidity3pm=hum_mid,L1_Location=Cairns|L2_RainToday=rain_today_no,3,L3_Humidity3pm,numeric_bin,hum_mid,1298,942,356,349.0,True,True,ROOT
2,L1_Location=Cairns|L2_RainToday=rain_today_no|L3_Humidity3pm=others,L1_Location=Cairns|L2_RainToday=rain_today_no,3,L3_Humidity3pm,numeric_bin,others,303,218,85,73.0,True,True,ROOT
2,L1_Location=Cairns|L2_RainToday=rain_today_yes|L3_Humidity3pm=hum_high,L1_Location=Cairns|L2_RainToday=rain_today_yes,3,L3_Humidity3pm,numeric_bin,hum_high,366,263,103,88.0,True,False,L1_Location=Cairns|L2_RainToday=rain_today_yes|L3_Humidity3pm=hum_high
2,L1_Location=Cairns|L2_RainToday=rain_today_yes|L3_Humidity3pm=hum_mid,L1_Location=Cairns|L2_RainToday=rain_today_yes,3,L3_Humidity3pm,numeric_bin,hum_mid,389,282,107,90.0,True,True,L1_Location=Cairns|L2_RainToday=rain_today_yes
2,L1_Location=Cairns|L2_RainToday=rain_today_yes|L3_Humidity3pm=others,L1_Location=Cairns|L2_RainToday=rain_today_yes,3,L3_Humidity3pm,numeric_bin,others,8,6,2,,True,True,L1_Location=Cairns|L2_RainToday=rain_today_yes
2,L1_Location=Canberra|L2_RainToday=rain_today_no|L3_Humidity3pm=hum_low,L1_Location=Canberra|L2_RainToday=rain_today_no,3,L3_Humidity3pm,numeric_bin,hum_low,1030,712,318,241.0,True,True,L1_Location=Canberra|L2_RainToday=rain_today_no
2,L1_Location=Canberra|L2_RainToday=rain_today_no|L3_Humidity3pm=hum_mid,L1_Location=Canberra|L2_RainToday=rain_today_no,3,L3_Humidity3pm,numeric_bin,hum_mid,1060,736,324,269.0,True,True,L1_Location=Canberra|L2_RainToday=rain_today_no
2,L1_Location=Canberra|L2_RainToday=rain_today_no|L3_Humidity3pm=others,L1_Location=Canberra|L2_RainToday=rain_today_no,3,L3_Humidity3pm,numeric_bin,others,143,102,41,35.0,True,True,L1_Location=Canberra|L2_RainToday=rain_today_no
2,L1_Location=Cobar|L2_RainToday=rain_today_no|L3_Humidity3pm=hum_low,L1_Location=Cobar|L2_RainToday=rain_today_no,3,L3_Humidity3pm,numeric_bin,hum_low,1514,1025,489,391.0,True,True,L1_Location=Cobar|L2_RainToday=rain_today_no
2,L1_Location=Cobar|L2_RainToday=rain_today_no|L3_Humidity3pm=hum_mid,L1_Location=Cobar|L2_RainToday=rain_today_no,3,L3_Humidity3pm,numeric_bin,hum_mid,404,299,105,114.0,True,True,L1_Location=Cobar|L2_RainToday=rain_today_no
2,L1_Location=Cobar|L2_RainToday=rain_today_no|L3_Humidity3pm=others,L1_Location=Cobar|L2_RainToday=rain_today_no,3,L3_Humidity3pm,numeric_bin,others,140,86,54,33.0,True,True,L1_Location=Cobar|L2_RainToday=rain_today_no
2,L1_Location=CoffsHarbour|L2_RainToday=rain_today_no|L3_Humidity3pm=hum_mid,L1_Location=CoffsHarbour|L2_RainToday=rain_today_no,3,L3_Humidity3pm,numeric_bin,hum_mid,1205,844,361,308.0,True,True,ROOT
2,L1_Location=CoffsHarbour|L2_RainToday=rain_today_no|L3_Humidity3pm=others,L1_Location=CoffsHarbour|L2_RainToday=rain_today_no,3,L3_Humidity3pm,numeric_bin,others,439,311,128,123.0,True,True,ROOT
2,L1_Location=CoffsHarbour|L2_RainToday=rain_today_yes|L3_Humidity3pm=hum_high,L1_Location=CoffsHarbour|L2_RainToday=rain_today_yes,3,L3_Humidity3pm,numeric_bin,hum_high,317,232,85,101.0,True,True,L1_Location=CoffsHarbour|L2_RainToday=rain_today_yes
2,L1_Location=CoffsHarbour|L2_RainToday=rain_today_yes|L3_Humidity3pm=hum_mid,L1_Location=CoffsHarbour|L2_RainToday=rain_today_yes,3,L3_Humidity3pm,numeric_bin,hum_mid,327,235,92,95.0,True,True,L1_Location=CoffsHarbour|L2_RainToday=rain_today_yes
2,L1_Location=CoffsHarbour|L2_RainToday=rain_today_yes|L3_Humidity3pm=others,L1_Location=CoffsHarbour|L2_RainToday=rain_today_yes,3,L3_Humidity3pm,numeric_bin,others,22,18,4,3.0,True,True,L1_Location=CoffsHarbour|L2_RainToday=rain_today_yes
2,L1_Location=Dartmoor|L2_RainToday=rain_today_no|L3_Humidity3pm=hum_high,L1_Location=Dartmoor|L2_RainToday=rain_today_no,3,L3_Humidity3pm,numeric_bin,hum_high,396,275,121,88.0,True,False,L1_Location=Dartmoor|L2_RainToday=rain_today_no|L3_Humidity3pm=hum_high
2,L1_Location=Dartmoor|L2_RainToday=rain_today_no|L3_Humidity3pm=hum_low,L1_Location=Dartmoor|L2_RainToday=rain_today_no,3,L3_Humidity3pm,numeric_bin,hum_low,306,195,111,88.0,True,True,L1_Location=Dartmoor
2,L1_Location=Dartmoor|L2_RainToday=rain_today_no|L3_Humidity3pm=hum_mid,L1_Location=Dartmoor|L2_RainToday=rain_today_no,3,L3_Humidity3pm,numeric_bin,hum_mid,817,565,252,226.0,True,True,L1_Location=Dartmoor
2,L1_Location=Dartmoor|L2_RainToday=rain_today_no|L3_Humidity3pm=others,L1_Location=Dartmoor|L2_RainToday=rain_today_no,3,L3_Humidity3pm,numeric_bin,others,71,52,19,26.0,True,True,L1_Location=Dartmoor
2,L1_Location=Dartmoor|L2_RainToday=rain_today_yes|L3_Humidity3pm=hum_high,L1_Location=Dartmoor|L2_RainToday=rain_today_yes,3,L3_Humidity3pm,numeric_bin,hum_high,439,308,131,102.0,True,False,L1_Location=Dartmoor|L2_RainToday=rain_today_yes|L3_Humidity3pm=hum_high
2,L1_Location=Dartmoor|L2_RainToday=rain_today_yes|L3_Humidity3pm=others,L1_Location=Dartmoor|L2_RainToday=rain_today_yes,3,L3_Humidity3pm,numeric_bin,others,307,213,94,73.0,True,True,L1_Location=Dartmoor|L2_RainToday=rain_today_yes
2,L1_Location=Darwin|L2_RainToday=rain_today_no|L3_Humidity3pm=hum_low,L1_Location=Darwin|L2_RainToday=rain_today_no,3,L3_Humidity3pm,numeric_bin,hum_low,677,467,210,184.0,True,True,L1_Location=Darwin|L2_RainToday=rain_today_no
2,L1_Location=Darwin|L2_RainToday=rain_today_no|L3_Humidity3pm=hum_mid,L1_Location=Darwin|L2_RainToday=rain_today_no,3,L3_Humidity3pm,numeric_bin,hum_mid,1093,773,320,256.0,True,True,L1_Location=Darwin|L2_RainToday=rain_today_no
2,L1_Location=Darwin|L2_RainToday=rain_today_no|L3_Humidity3pm=others,L1_Location=Darwin|L2_RainToday=rain_today_no,3,L3_Humidity3pm,numeric_bin,others,100,61,39,30.0,True,True,L1_Location=Darwin|L2_RainToday=rain_today_no
2,L1_Location=Darwin|L2_RainToday=rain_today_yes|L3_Humidity3pm=hum_mid,L1_Location=Darwin|L2_RainToday=rain_today_yes,3,L3_Humidity3pm,numeric_bin,hum_mid,385,274,111,105.0,True,True,L1_Location=Darwin
2,L1_Location=Darwin|L2_RainToday=rain_today_yes|L3_Humidity3pm=others,L1_Location=Darwin|L2_RainToday=rain_today_yes,3,L3_Humidity3pm,numeric_bin,others,284,196,88,78.0,True,True,L1_Location=Darwin
2,L1_Location=GoldCoast|L2_RainToday=rain_today_no|L3_Humidity3pm=hum_mid,L1_Location=GoldCoast|L2_RainToday=rain_today_no,3,L3_Humidity3pm,numeric_bin,hum_mid,1289,911,378,324.0,True,True,L1_Location=GoldCoast
2,L1_Location=GoldCoast|L2_RainToday=rain_today_no|L3_Humidity3pm=others,L1_Location=GoldCoast|L2_RainToday=rain_today_no,3,L3_Humidity3pm,numeric_bin,others,435,319,116,119.0,True,True,L1_Location=GoldCoast
2,L1_Location=GoldCoast|L2_RainToday=rain_today_yes|L3_Humidity3pm=hum_high,L1_Location=GoldCoast|L2_RainToday=rain_today_yes,3,L3_Humidity3pm,numeric_bin,hum_high,316,221,95,80.0,True,True,L1_Location=GoldCoast
2,L1_Location=GoldCoast|L2_RainToday=rain_today_yes|L3_Humidity3pm=others,L1_Location=GoldCoast|L2_RainToday=rain_today_yes,3,L3_Humidity3pm,numeric_bin,others,289,204,85,72.0,True,True,L1_Location=GoldCoast
2,L1_Location=Hobart|L2_RainToday=rain_today_no|L3_Humidity3pm=hum_low,L1_Location=Hobart|L2_RainToday=rain_today_no,3,L3_Humidity3pm,numeric_bin,hum_low,432,319,113,108.0,True,True,ROOT
2,L1_Location=Hobart|L2_RainToday=rain_today_no|L3_Humidity3pm=hum_mid,L1_Location=Hobart|L2_RainToday=rain_today_no,3,L3_Humidity3pm,numeric_bin,hum_mid,1311,907,404,313.0,True,False,L1_Location=Hobart|L2_RainToday=rain_today_no|L3_Humidity3pm=hum_mid
2,L1_Location=Hobart|L2_RainToday=rain_today_no|L3_Humidity3pm=others,L1_Location=Hobart|L2_RainToday=rain_today_no,3,L3_Humidity3pm,numeric_bin,others,207,134,73,50.0,True,True,ROOT
2,L1_Location=Hobart|L2_RainToday=rain_today_yes|L3_Humidity3pm=hum_mid,L1_Location=Hobart|L2_RainToday=rain_today_yes,3,L3_Humidity3pm,numeric_bin,hum_mid,359,243,116,76.0,True,True,L1_Location=Hobart|L2_RainToday=rain_today_yes
2,L1_Location=Hobart|L2_RainToday=rain_today_yes|L3_Humidity3pm=others,L1_Location=Hobart|L2_RainToday=rain_today_yes,3,L3_Humidity3pm,numeric_bin,others,261,183,78,66.0,True,True,L1_Location=Hobart|L2_RainToday=rain_today_yes
2,L1_Location=Katherine|L2_RainToday=rain_today_no|L3_Humidity3pm=unknown,L1_Location=Katherine|L2_RainToday=rain_today_no,3,L3_Humidity3pm,numeric_bin,unknown,532,354,178,,True,True,L1_Location=Katherine
2,L1_Location=Katherine|L2_RainToday=rain_today_no|L3_Humidity3pm=others,L1_Location=Katherine|L2_RainToday=rain_today_no,3,L3_Humidity3pm,numeric_bin,others,473,326,147,,True,True,L1_Location=Katherine
2,L1_Location=Launceston|L2_RainToday=rain_today_no|L3_Humidity3pm=hum_high,L1_Location=Launceston|L2_RainToday=rain_today_no,3,L3_Humidity3pm,numeric_bin,hum_high,319,222,97,79.0,True,True,L1_Location=Launceston|L2_RainToday=rain_today_no
2,L1_Location=Launceston|L2_RainToday=rain_today_no|L3_Humidity3pm=hum_low,L1_Location=Launceston|L2_RainToday=rain_today_no,3,L3_Humidity3pm,numeric_bin,hum_low,389,278,111,92.0,True,True,L1_Location=Launceston|L2_RainToday=rain_today_no
2,L1_Location=Launceston|L2_RainToday=rain_today_no|L3_Humidity3pm=hum_mid,L1_Location=Launceston|L2_RainToday=rain_today_no,3,L3_Humidity3pm,numeric_bin,hum_mid,1167,832,335,274.0,True,True,L1_Location=Launceston|L2_RainToday=rain_today_no
2,L1_Location=Launceston|L2_RainToday=rain_today_no|L3_Humidity3pm=others,L1_Location=Launceston|L2_RainToday=rain_today_no,3,L3_Humidity3pm,numeric_bin,others,3,3,0,,True,True,L1_Location=Launceston|L2_RainToday=rain_today_no
2,L1_Location=Melbourne|L2_RainToday=rain_today_no|L3_Humidity3pm=hum_low,L1_Location=Melbourne|L2_RainToday=rain_today_no,3,L3_Humidity3pm,numeric_bin,hum_low,401,286,115,,True,True,L1_Location=Melbourne|L2_RainToday=rain_today_no
2,L1_Location=Melbourne|L2_RainToday=rain_today_no|L3_Humidity3pm=hum_mid,L1_Location=Melbourne|L2_RainToday=rain_today_no,3,L3_Humidity3pm,numeric_bin,hum_mid,855,600,255,,True,False,L1_Location=Melbourne|L2_RainToday=rain_today_no|L3_Humidity3pm=hum_mid
2,L1_Location=Melbourne|L2_RainToday=rain_today_no|L3_Humidity3pm=others,L1_Location=Melbourne|L2_RainToday=rain_today_no,3,L3_Humidity3pm,numeric_bin,others,119,85,34,,True,True,L1_Location=Melbourne|L2_RainToday=rain_today_no
2,L1_Location=Melbourne|L2_RainToday=rain_today_yes|L3_Humidity3pm=hum_mid,L1_Location=Melbourne|L2_RainToday=rain_today_yes,3,L3_Humidity3pm,numeric_bin,hum_mid,309,224,85,,True,True,L1_Location=Melbourne|L2_RainToday=rain_today_yes
2,L1_Location=Melbourne|L2_RainToday=rain_today_yes|L3_Humidity3pm=others,L1_Location=Melbourne|L2_RainToday=rain_today_yes,3,L3_Humidity3pm,numeric_bin,others,144,117,27,,True,True,L1_Location=Melbourne|L2_RainToday=rain_today_yes
2,L1_Location=MelbourneAirport|L2_RainToday=rain_today_no|L3_Humidity3pm=hum_low,L1_Location=MelbourneAirport|L2_RainToday=rain_today_no,3,L3_Humidity3pm,numeric_bin,hum_low,586,443,143,144.0,True,True,L1_Location=MelbourneAirport
2,L1_Location=MelbourneAirport|L2_RainToday=rain_today_no|L3_Humidity3pm=hum_mid,L1_Location=MelbourneAirport|L2_RainToday=rain_today_no,3,L3_Humidity3pm,numeric_bin,hum_mid,1076,756,320,301.0,True,True,L1_Location=MelbourneAirport
2,L1_Location=MelbourneAirport|L2_RainToday=rain_today_no|L3_Humidity3pm=others,L1_Location=MelbourneAirport|L2_RainToday=rain_today_no,3,L3_Humidity3pm,numeric_bin,others,202,145,57,47.0,True,True,L1_Location=MelbourneAirport
2,L1_Location=MelbourneAirport|L2_RainToday=rain_today_yes|L3_Humidity3pm=hum_mid,L1_Location=MelbourneAirport|L2_RainToday=rain_today_yes,3,L3_Humidity3pm,numeric_bin,hum_mid,339,239,100,72.0,True,True,L1_Location=MelbourneAirport
2,L1_Location=MelbourneAirport|L2_RainToday=rain_today_yes|L3_Humidity3pm=others,L1_Location=MelbourneAirport|L2_RainToday=rain_today_yes,3,L3_Humidity3pm,numeric_bin,others,192,143,49,50.0,True,True,L1_Location=MelbourneAirport
2,L1_Location=Mildura|L2_RainToday=rain_today_no|L3_Humidity3pm=hum_low,L1_Location=Mildura|L2_RainToday=rain_today_no,3,L3_Humidity3pm,numeric_bin,hum_low,1536,1099,437,360.0,True,True,L1_Location=Mildura
2,L1_Location=Mildura|L2_RainToday=rain_today_no|L3_Humidity3pm=hum_mid,L1_Location=Mildura|L2_RainToday=rain_today_no,3,L3_Humidity3pm,numeric_bin,hum_mid,560,402,158,142.0,True,True,L1_Location=Mildura
2,L1_Location=Mildura|L2_RainToday=rain_today_no|L3_Humidity3pm=others,L1_Location=Mildura|L2_RainToday=rain_today_no,3,L3_Humidity3pm,numeric_bin,others,66,42,24,15.0,True,True,L1_Location=Mildura
2,L1_Location=Moree|L2_RainToday=rain_today_no|L3_Humidity3pm=hum_low,L1_Location=Moree|L2_RainToday=rain_today_no,3,L3_Humidity3pm,numeric_bin,hum_low,1467,1043,424,416.0,True,True,L1_Location=Moree|L2_RainToday=rain_today_no
2,L1_Location=Moree|L2_RainToday=rain_today_no|L3_Humidity3pm=hum_mid,L1_Location=Moree|L2_RainToday=rain_today_no,3,L3_Humidity3pm,numeric_bin,hum_mid,345,249,96,96.0,True,True,L1_Location=Moree|L2_RainToday=rain_today_no
2,L1_Location=Moree|L2_RainToday=rain_today_no|L3_Humidity3pm=others,L1_Location=Moree|L2_RainToday=rain_today_no,3,L3_Humidity3pm,numeric_bin,others,68,42,26,17.0,True,True,L1_Location=Moree|L2_RainToday=rain_today_no
2,L1_Location=MountGambier|L2_RainToday=rain_today_no|L3_Humidity3pm=hum_low,L1_Location=MountGambier|L2_RainToday=rain_today_no,3,L3_Humidity3pm,numeric_bin,hum_low,461,315,146,104.0,True,False,L1_Location=MountGambier|L2_RainToday=rain_today_no|L3_Humidity3pm=hum_low
2,L1_Location=MountGambier|L2_RainToday=rain_today_no|L3_Humidity3pm=hum_mid,L1_Location=MountGambier|L2_RainToday=rain_today_no,3,L3_Humidity3pm,numeric_bin,hum_mid,952,687,265,210.0,True,True,L1_Location=MountGambier
2,L1_Location=MountGambier|L2_RainToday=rain_today_no|L3_Humidity3pm=others,L1_Location=MountGambier|L2_RainToday=rain_today_no,3,L3_Humidity3pm,numeric_bin,others,292,227,65,84.0,True,True,L1_Location=MountGambier
2,L1_Location=MountGambier|L2_RainToday=rain_today_yes|L3_Humidity3pm=hum_high,L1_Location=MountGambier|L2_RainToday=rain_today_yes,3,L3_Humidity3pm,numeric_bin,hum_high,325,223,102,74.0,True,False,L1_Location=MountGambier|L2_RainToday=rain_today_yes|L3_Humidity3pm=hum_high
2,L1_Location=MountGambier|L2_RainToday=rain_today_yes|L3_Humidity3pm=hum_mid,L1_Location=MountGambier|L2_RainToday=rain_today_yes,3,L3_Humidity3pm,numeric_bin,hum_mid,411,283,128,83.0,True,True,L1_Location=MountGambier|L2_RainToday=rain_today_yes
2,L1_Location=MountGambier|L2_RainToday=rain_today_yes|L3_Humidity3pm=others,L1_Location=MountGambier|L2_RainToday=rain_today_yes,3,L3_Humidity3pm,numeric_bin,others,19,12,7,7.0,True,True,L1_Location=MountGambier|L2_RainToday=rain_today_yes
2,L1_Location=MountGinini|L2_RainToday=rain_today_no|L3_Humidity3pm=hum_high,L1_Location=MountGinini|L2_RainToday=rain_today_no,3,L3_Humidity3pm,numeric_bin,hum_high,557,412,145,166.0,True,True,L1_Location=MountGinini
2,L1_Location=MountGinini|L2_RainToday=rain_today_no|L3_Humidity3pm=hum_mid,L1_Location=MountGinini|L2_RainToday=rain_today_no,3,L3_Humidity3pm,numeric_bin,hum_mid,697,493,204,199.0,True,True,L1_Location=MountGinini
2,L1_Location=MountGinini|L2_RainToday=rain_today_no|L3_Humidity3pm=others,L1_Location=MountGinini|L2_RainToday=rain_today_no,3,L3_Humidity3pm,numeric_bin,others,329,234,95,87.0,True,True,L1_Location=MountGinini
2,L1_Location=MountGinini|L2_RainToday=rain_today_yes|L3_Humidity3pm=hum_high,L1_Location=MountGinini|L2_RainToday=rain_today_yes,3,L3_Humidity3pm,numeric_bin,hum_high,436,306,130,95.0,True,False,L1_Location=MountGinini|L2_RainToday=rain_today_yes|L3_Humidity3pm=hum_high
2,L1_Location=MountGinini|L2_RainToday=rain_today_yes|L3_Humidity3pm=others,L1_Location=MountGinini|L2_RainToday=rain_today_yes,3,L3_Humidity3pm,numeric_bin,others,200,143,57,50.0,True,True,L1_Location=MountGinini|L2_RainToday=rain_today_yes
2,L1_Location=Newcastle|L2_RainToday=rain_today_no|L3_Humidity3pm=hum_mid,L1_Location=Newcastle|L2_RainToday=rain_today_no,3,L3_Humidity3pm,numeric_bin,hum_mid,800,528,272,211.0,True,True,ROOT
2,L1_Location=Newcastle|L2_RainToday=rain_today_no|L3_Humidity3pm=unknown,L1_Location=Newcastle|L2_RainToday=rain_today_no,3,L3_Humidity3pm,numeric_bin,unknown,525,346,179,124.0,True,True,ROOT
2,L1_Location=Newcastle|L2_RainToday=rain_today_no|L3_Humidity3pm=others,L1_Location=Newcastle|L2_RainToday=rain_today_no,3,L3_Humidity3pm,numeric_bin,others,450,303,147,98.0,True,True,ROOT
2,L1_Location=Nhil|L2_RainToday=rain_today_no|L3_Humidity3pm=hum_low,L1_Location=Nhil|L2_RainToday=rain_today_no,3,L3_Humidity3pm,numeric_bin,hum_low,536,363,173,,True,True,L1_Location=Nhil
2,L1_Location=Nhil|L2_RainToday=rain_today_no|L3_Humidity3pm=hum_mid,L1_Location=Nhil|L2_RainToday=rain_today_no,3,L3_Humidity3pm,numeric_bin,hum_mid,413,277,136,,True,False,L1_Location=Nhil|L2_RainToday=rain_today_no|L3_Humidity3pm=hum_mid
2,L1_Location=Nhil|L2_RainToday=rain_today_no|L3_Humidity3pm=others,L1_Location=Nhil|L2_RainToday=rain_today_no,3,L3_Humidity3pm,numeric_bin,others,104,71,33,,True,True,L1_Location=Nhil
2,L1_Location=NorahHead|L2_RainToday=rain_today_no|L3_Humidity3pm=hum_high,L1_Location=NorahHead|L2_RainToday=rain_today_no,3,L3_Humidity3pm,numeric_bin,hum_high,668,473,195,150.0,True,True,ROOT
2,L1_Location=NorahHead|L2_RainToday=rain_today_no|L3_Humidity3pm=hum_mid,L1_Location=NorahHead|L2_RainToday=rain_today_no,3,L3_Humidity3pm,numeric_bin,hum_mid,909,651,258,206.0,True,True,ROOT
2,L1_Location=NorahHead|L2_RainToday=rain_today_no|L3_Humidity3pm=others,L1_Location=NorahHead|L2_RainToday=rain_today_no,3,L3_Humidity3pm,numeric_bin,others,128,93,35,32.0,True,True,ROOT
2,L1_Location=NorahHead|L2_RainToday=rain_today_yes|L3_Humidity3pm=hum_high,L1_Location=NorahHead|L2_RainToday=rain_today_yes,3,L3_Humidity3pm,numeric_bin,hum_high,398,283,115,105.0,True,False,L1_Location=NorahHead|L2_RainToday=rain_today_yes|L3_Humidity3pm=hum_high
2,L1_Location=NorahHead|L2_RainToday=rain_today_yes|L3_Humidity3pm=others,L1_Location=NorahHead|L2_RainToday=rain_today_yes,3,L3_Humidity3pm,numeric_bin,others,240,164,76,52.0,True,True,L1_Location=NorahHead|L2_RainToday=rain_today_yes
2,L1_Location=NorfolkIsland|L2_RainToday=rain_today_no|L3_Humidity3pm=hum_high,L1_Location=NorfolkIsland|L2_RainToday=rain_today_no,3,L3_Humidity3pm,numeric_bin,hum_high,496,346,150,144.0,True,True,L1_Location=NorfolkIsland|L2_RainToday=rain_today_no
2,L1_Location=NorfolkIsland|L2_RainToday=rain_today_no|L3_Humidity3pm=hum_mid,L1_Location=NorfolkIsland|L2_RainToday=rain_today_no,3,L3_Humidity3pm,numeric_bin,hum_mid,1091,751,340,299.0,True,True,L1_Location=NorfolkIsland|L2_RainToday=rain_today_no
2,L1_Location=NorfolkIsland|L2_RainToday=rain_today_no|L3_Humidity3pm=others,L1_Location=NorfolkIsland|L2_RainToday=rain_today_no,3,L3_Humidity3pm,numeric_bin,others,1,1,0,1.0,True,True,L1_Location=NorfolkIsland|L2_RainToday=rain_today_no
2,L1_Location=NorfolkIsland|L2_RainToday=rain_today_yes|L3_Humidity3pm=hum_high,L1_Location=NorfolkIsland|L2_RainToday=rain_today_yes,3,L3_Humidity3pm,numeric_bin,hum_high,370,266,104,105.0,True,False,L1_Location=NorfolkIsland|L2_RainToday=rain_today_yes|L3_Humidity3pm=hum_high
2,L1_Location=NorfolkIsland|L2_RainToday=rain_today_yes|L3_Humidity3pm=hum_mid,L1_Location=NorfolkIsland|L2_RainToday=rain_today_yes,3,L3_Humidity3pm,numeric_bin,hum_mid,350,247,103,87.0,True,True,L1_Location=NorfolkIsland|L2_RainToday=rain_today_yes
2,L1_Location=Nuriootpa|L2_RainToday=rain_today_no|L3_Humidity3pm=hum_low,L1_Location=Nuriootpa|L2_RainToday=rain_today_no,3,L3_Humidity3pm,numeric_bin,hum_low,1062,728,334,215.0,True,True,L1_Location=Nuriootpa
2,L1_Location=Nuriootpa|L2_RainToday=rain_today_no|L3_Humidity3pm=hum_mid,L1_Location=Nuriootpa|L2_RainToday=rain_today_no,3,L3_Humidity3pm,numeric_bin,hum_mid,723,498,225,188.0,True,True,L1_Location=Nuriootpa
2,L1_Location=Nuriootpa|L2_RainToday=rain_today_no|L3_Humidity3pm=others,L1_Location=Nuriootpa|L2_RainToday=rain_today_no,3,L3_Humidity3pm,numeric_bin,others,175,123,52,45.0,True,True,L1_Location=Nuriootpa
2,L1_Location=PearceRAAF|L2_RainToday=rain_today_no|L3_Humidity3pm=hum_low,L1_Location=PearceRAAF|L2_RainToday=rain_today_no,3,L3_Humidity3pm,numeric_bin,hum_low,1073,760,313,248.0,True,True,L1_Location=PearceRAAF|L2_RainToday=rain_today_no
2,L1_Location=PearceRAAF|L2_RainToday=rain_today_no|L3_Humidity3pm=hum_mid,L1_Location=PearceRAAF|L2_RainToday=rain_today_no,3,L3_Humidity3pm,numeric_bin,hum_mid,616,427,189,151.0,True,True,L1_Location=PearceRAAF|L2_RainToday=rain_today_no
2,L1_Location=PearceRAAF|L2_RainToday=rain_today_no|L3_Humidity3pm=others,L1_Location=PearceRAAF|L2_RainToday=rain_today_no,3,L3_Humidity3pm,numeric_bin,others,70,48,22,14.0,True,True,L1_Location=PearceRAAF|L2_RainToday=rain_today_no
2,L1_Location=Penrith|L2_RainToday=rain_today_no|L3_Humidity3pm=hum_low,L1_Location=Penrith|L2_RainToday=rain_today_no,3,L3_Humidity3pm,numeric_bin,hum_low,836,565,271,199.0,True,True,L1_Location=Penrith
2,L1_Location=Penrith|L2_RainToday=rain_today_no|L3_Humidity3pm=hum_mid,L1_Location=Penrith|L2_RainToday=rain_today_no,3,L3_Humidity3pm,numeric_bin,hum_mid,861,595,266,198.0,True,True,L1_Location=Penrith
2,L1_Location=Penrith|L2_RainToday=rain_today_no|L3_Humidity3pm=others,L1_Location=Penrith|L2_RainToday=rain_today_no,3,L3_Humidity3pm,numeric_bin,others,179,120,59,57.0,True,True,L1_Location=Penrith
2,L1_Location=Perth|L2_RainToday=rain_today_no|L3_Humidity3pm=hum_low,L1_Location=Perth|L2_RainToday=rain_today_no,3,L3_Humidity3pm,numeric_bin,hum_low,805,562,243,216.0,True,True,L1_Location=Perth|L2_RainToday=rain_today_no
2,L1_Location=Perth|L2_RainToday=rain_today_no|L3_Humidity3pm=hum_mid,L1_Location=Perth|L2_RainToday=rain_today_no,3,L3_Humidity3pm,numeric_bin,hum_mid,1135,781,354,281.0,True,True,L1_Location=Perth|L2_RainToday=rain_today_no
2,L1_Location=Perth|L2_RainToday=rain_today_no|L3_Humidity3pm=others,L1_Location=Perth|L2_RainToday=rain_today_no,3,L3_Humidity3pm,numeric_bin,others,87,60,27,24.0,True,True,L1_Location=Perth|L2_RainToday=rain_today_no
2,L1_Location=Perth|L2_RainToday=rain_today_yes|L3_Humidity3pm=hum_mid,L1_Location=Perth|L2_RainToday=rain_today_yes,3,L3_Humidity3pm,numeric_bin,hum_mid,404,268,136,87.0,True,True,L1_Location=Perth
2,L1_Location=Perth|L2_RainToday=rain_today_yes|L3_Humidity3pm=others,L1_Location=Perth|L2_RainToday=rain_today_yes,3,L3_Humidity3pm,numeric_bin,others,113,80,33,41.0,True,True,L1_Location=Perth
2,L1_Location=PerthAirport|L2_RainToday=rain_today_no|L3_Humidity3pm=hum_low,L1_Location=PerthAirport|L2_RainToday=rain_today_no,3,L3_Humidity3pm,numeric_bin,hum_low,1130,798,332,268.0,True,True,L1_Location=PerthAirport|L2_RainToday=rain_today_no
2,L1_Location=PerthAirport|L2_RainToday=rain_today_no|L3_Humidity3pm=hum_mid,L1_Location=PerthAirport|L2_RainToday=rain_today_no,3,L3_Humidity3pm,numeric_bin,hum_mid,768,541,227,190.0,True,True,L1_Location=PerthAirport|L2_RainToday=rain_today_no
2,L1_Location=PerthAirport|L2_RainToday=rain_today_no|L3_Humidity3pm=others,L1_Location=PerthAirport|L2_RainToday=rain_today_no,3,L3_Humidity3pm,numeric_bin,others,71,43,28,15.0,True,True,L1_Location=PerthAirport|L2_RainToday=rain_today_no
2,L1_Location=PerthAirport|L2_RainToday=rain_today_yes|L3_Humidity3pm=hum_mid,L1_Location=PerthAirport|L2_RainToday=rain_today_yes,3,L3_Humidity3pm,numeric_bin,hum_mid,315,232,83,90.0,True,True,L1_Location=PerthAirport
2,L1_Location=PerthAirport|L2_RainToday=rain_today_yes|L3_Humidity3pm=others,L1_Location=PerthAirport|L2_RainToday=rain_today_yes,3,L3_Humidity3pm,numeric_bin,others,124,86,38,38.0,True,True,L1_Location=PerthAirport
2,L1_Location=Portland|L2_RainToday=rain_today_no|L3_Humidity3pm=hum_high,L1_Location=Portland|L2_RainToday=rain_today_no,3,L3_Humidity3pm,numeric_bin,hum_high,405,279,126,113.0,True,True,L1_Location=Portland
2,L1_Location=Portland|L2_RainToday=rain_today_no|L3_Humidity3pm=hum_mid,L1_Location=Portland|L2_RainToday=rain_today_no,3,L3_Humidity3pm,numeric_bin,hum_mid,975,678,297,229.0,True,True,L1_Location=Portland
2,L1_Location=Portland|L2_RainToday=rain_today_no|L3_Humidity3pm=others,L1_Location=Portland|L2_RainToday=rain_today_no,3,L3_Humidity3pm,numeric_bin,others,135,87,48,39.0,True,True,L1_Location=Portland
2,L1_Location=Portland|L2_RainToday=rain_today_yes|L3_Humidity3pm=hum_high,L1_Location=Portland|L2_RainToday=rain_today_yes,3,L3_Humidity3pm,numeric_bin,hum_high,473,323,150,107.0,True,False,L1_Location=Portland|L2_RainToday=rain_today_yes|L3_Humidity3pm=hum_high
2,L1_Location=Portland|L2_RainToday=rain_today_yes|L3_Humidity3pm=hum_mid,L1_Location=Portland|L2_RainToday=rain_today_yes,3,L3_Humidity3pm,numeric_bin,hum_mid,411,290,121,91.0,True,True,L1_Location=Portland
2,L1_Location=Portland|L2_RainToday=rain_today_yes|L3_Humidity3pm=others,L1_Location=Portland|L2_RainToday=rain_today_yes,3,L3_Humidity3pm,numeric_bin,others,5,4,1,1.0,True,True,L1_Location=Portland
2,L1_Location=Richmond|L2_RainToday=rain_today_no|L3_Humidity3pm=hum_low,L1_Location=Richmond|L2_RainToday=rain_today_no,3,L3_Humidity3pm,numeric_bin,hum_low,792,561,231,192.0,True,False,L1_Location=Richmond|L2_RainToday=rain_today_no|L3_Humidity3pm=hum_low
2,L1_Location=Richmond|L2_RainToday=rain_today_no|L3_Humidity3pm=hum_mid,L1_Location=Richmond|L2_RainToday=rain_today_no,3,L3_Humidity3pm,numeric_bin,hum_mid,941,647,294,219.0,True,True,L1_Location=Richmond
2,L1_Location=Richmond|L2_RainToday=rain_today_no|L3_Humidity3pm=others,L1_Location=Richmond|L2_RainToday=rain_today_no,3,L3_Humidity3pm,numeric_bin,others,167,107,60,40.0,True,True,L1_Location=Richmond
2,L1_Location=Sale|L2_RainToday=rain_today_no|L3_Humidity3pm=hum_mid,L1_Location=Sale|L2_RainToday=rain_today_no,3,L3_Humidity3pm,numeric_bin,hum_mid,1252,872,380,359.0,True,False,L1_Location=Sale|L2_RainToday=rain_today_no|L3_Humidity3pm=hum_mid
2,L1_Location=Sale|L2_RainToday=rain_today_no|L3_Humidity3pm=others,L1_Location=Sale|L2_RainToday=rain_today_no,3,L3_Humidity3pm,numeric_bin,others,586,394,192,154.0,True,True,L1_Location=Sale
2,L1_Location=Sale|L2_RainToday=rain_today_yes|L3_Humidity3pm=hum_mid,L1_Location=Sale|L2_RainToday=rain_today_yes,3,L3_Humidity3pm,numeric_bin,hum_mid,321,240,81,71.0,True,True,L1_Location=Sale
2,L1_Location=Sale|L2_RainToday=rain_today_yes|L3_Humidity3pm=others,L1_Location=Sale|L2_RainToday=rain_today_yes,3,L3_Humidity3pm,numeric_bin,others,202,146,56,47.0,True,True,L1_Location=Sale
2,L1_Location=SalmonGums|L2_RainToday=rain_today_no|L3_Humidity3pm=hum_low,L1_Location=SalmonGums|L2_RainToday=rain_today_no,3,L3_Humidity3pm,numeric_bin,hum_low,1279,867,412,276.0,True,True,ROOT
2,L1_Location=SalmonGums|L2_RainToday=rain_today_no|L3_Humidity3pm=hum_mid,L1_Location=SalmonGums|L2_RainToday=rain_today_no,3,L3_Humidity3pm,numeric_bin,hum_mid,657,454,203,148.0,True,True,ROOT
2,L1_Location=SalmonGums|L2_RainToday=rain_today_no|L3_Humidity3pm=others,L1_Location=SalmonGums|L2_RainToday=rain_today_no,3,L3_Humidity3pm,numeric_bin,others,94,72,22,18.0,True,True,ROOT
2,L1_Location=Sydney|L2_RainToday=rain_today_no|L3_Humidity3pm=hum_low,L1_Location=Sydney|L2_RainToday=rain_today_no,3,L3_Humidity3pm,numeric_bin,hum_low,479,337,142,124.0,True,True,ROOT
2,L1_Location=Sydney|L2_RainToday=rain_today_no|L3_Humidity3pm=hum_mid,L1_Location=Sydney|L2_RainToday=rain_today_no,3,L3_Humidity3pm,numeric_bin,hum_mid,1334,935,399,331.0,True,True,ROOT
2,L1_Location=Sydney|L2_RainToday=rain_today_no|L3_Humidity3pm=others,L1_Location=Sydney|L2_RainToday=rain_today_no,3,L3_Humidity3pm,numeric_bin,others,163,111,52,34.0,True,True,ROOT
2,L1_Location=Sydney|L2_RainToday=rain_today_yes|L3_Humidity3pm=hum_mid,L1_Location=Sydney|L2_RainToday=rain_today_yes,3,L3_Humidity3pm,numeric_bin,hum_mid,395,279,116,108.0,True,True,L1_Location=Sydney|L2_RainToday=rain_today_yes
2,L1_Location=Sydney|L2_RainToday=rain_today_yes|L3_Humidity3pm=others,L1_Location=Sydney|L2_RainToday=rain_today_yes,3,L3_Humidity3pm,numeric_bin,others,299,208,91,64.0,True,True,L1_Location=Sydney|L2_RainToday=rain_today_yes
2,L1_Location=SydneyAirport|L2_RainToday=rain_today_no|L3_Humidity3pm=hum_low,L1_Location=SydneyAirport|L2_RainToday=rain_today_no,3,L3_Humidity3pm,numeric_bin,hum_low,497,360,137,143.0,True,True,L1_Location=SydneyAirport|L2_RainToday=rain_today_no
2,L1_Location=SydneyAirport|L2_RainToday=rain_today_no|L3_Humidity3pm=hum_mid,L1_Location=SydneyAirport|L2_RainToday=rain_today_no,3,L3_Humidity3pm,numeric_bin,hum_mid,1061,735,326,256.0,True,True,L1_Location=SydneyAirport|L2_RainToday=rain_today_no
2,L1_Location=SydneyAirport|L2_RainToday=rain_today_no|L3_Humidity3pm=others,L1_Location=SydneyAirport|L2_RainToday=rain_today_no,3,L3_Humidity3pm,numeric_bin,others,210,145,65,62.0,True,True,L1_Location=SydneyAirport|L2_RainToday=rain_today_no
2,L1_Location=SydneyAirport|L2_RainToday=rain_today_yes|L3_Humidity3pm=hum_mid,L1_Location=SydneyAirport|L2_RainToday=rain_today_yes,3,L3_Humidity3pm,numeric_bin,hum_mid,309,227,82,78.0,True,True,L1_Location=SydneyAirport|L2_RainToday=rain_today_yes
2,L1_Location=SydneyAirport|L2_RainToday=rain_today_yes|L3_Humidity3pm=others,L1_Location=SydneyAirport|L2_RainToday=rain_today_yes,3,L3_Humidity3pm,numeric_bin,others,309,220,89,76.0,True,True,L1_Location=SydneyAirport|L2_RainToday=rain_today_yes
2,L1_Location=Townsville|L2_RainToday=rain_today_no|L3_Humidity3pm=hum_mid,L1_Location=Townsville|L2_RainToday=rain_today_no,3,L3_Humidity3pm,numeric_bin,hum_mid,1663,1139,524,423.0,True,True,L1_Location=Townsville|L2_RainToday=rain_today_no
2,L1_Location=Townsville|L2_RainToday=rain_today_no|L3_Humidity3pm=others,L1_Location=Townsville|L2_RainToday=rain_today_no,3,L3_Humidity3pm,numeric_bin,others,340,238,102,83.0,True,True,L1_Location=Townsville|L2_RainToday=rain_today_no
2,L1_Location=Tuggeranong|L2_RainToday=rain_today_no|L3_Humidity3pm=hum_low,L1_Location=Tuggeranong|L2_RainToday=rain_today_no,3,L3_Humidity3pm,numeric_bin,hum_low,828,607,221,205.0,True,True,L1_Location=Tuggeranong|L2_RainToday=rain_today_no
2,L1_Location=Tuggeranong|L2_RainToday=rain_today_no|L3_Humidity3pm=hum_mid,L1_Location=Tuggeranong|L2_RainToday=rain_today_no,3,L3_Humidity3pm,numeric_bin,hum_mid,969,674,295,239.0,True,True,L1_Location=Tuggeranong|L2_RainToday=rain_today_no
2,L1_Location=Tuggeranong|L2_RainToday=rain_today_no|L3_Humidity3pm=others,L1_Location=Tuggeranong|L2_RainToday=rain_today_no,3,L3_Humidity3pm,numeric_bin,others,136,101,35,20.0,True,True,L1_Location=Tuggeranong|L2_RainToday=rain_today_no
2,L1_Location=Uluru|L2_RainToday=rain_today_no|L3_Humidity3pm=hum_low,L1_Location=Uluru|L2_RainToday=rain_today_no,3,L3_Humidity3pm,numeric_bin,hum_low,1051,706,345,,True,False,L1_Location=Uluru|L2_RainToday=rain_today_no|L3_Humidity3pm=hum_low
2,L1_Location=Uluru|L2_RainToday=rain_today_no|L3_Humidity3pm=others,L1_Location=Uluru|L2_RainToday=rain_today_no,3,L3_Humidity3pm,numeric_bin,others,77,59,18,,True,True,ROOT
2,L1_Location=WaggaWagga|L2_RainToday=rain_today_no|L3_Humidity3pm=hum_low,L1_Location=WaggaWagga|L2_RainToday=rain_today_no,3,L3_Humidity3pm,numeric_bin,hum_low,1108,730,378,276.0,True,False,L1_Location=WaggaWagga|L2_RainToday=rain_today_no|L3_Humidity3pm=hum_low
2,L1_Location=WaggaWagga|L2_RainToday=rain_today_no|L3_Humidity3pm=hum_mid,L1_Location=WaggaWagga|L2_RainToday=rain_today_no,3,L3_Humidity3pm,numeric_bin,hum_mid,702,499,203,175.0,True,True,L1_Location=WaggaWagga
2,L1_Location=WaggaWagga|L2_RainToday=rain_today_no|L3_Humidity3pm=others,L1_Location=WaggaWagga|L2_RainToday=rain_today_no,3,L3_Humidity3pm,numeric_bin,others,126,88,38,38.0,True,True,L1_Location=WaggaWagga
2,L1_Location=Walpole|L2_RainToday=rain_today_no|L3_Humidity3pm=hum_high,L1_Location=Walpole|L2_RainToday=rain_today_no,3,L3_Humidity3pm,numeric_bin,hum_high,381,263,118,69.0,True,True,L1_Location=Walpole
2,L1_Location=Walpole|L2_RainToday=rain_today_no|L3_Humidity3pm=hum_mid,L1_Location=Walpole|L2_RainToday=rain_today_no,3,L3_Humidity3pm,numeric_bin,hum_mid,1065,732,333,250.0,True,True,L1_Location=Walpole
2,L1_Location=Walpole|L2_RainToday=rain_today_no|L3_Humidity3pm=others,L1_Location=Walpole|L2_RainToday=rain_today_no,3,L3_Humidity3pm,numeric_bin,others,57,44,13,20.0,True,True,L1_Location=Walpole
2,L1_Location=Walpole|L2_RainToday=rain_today_yes|L3_Humidity3pm=hum_high,L1_Location=Walpole|L2_RainToday=rain_today_yes,3,L3_Humidity3pm,numeric_bin,hum_high,356,255,101,93.0,True,False,L1_Location=Walpole|L2_RainToday=rain_today_yes|L3_Humidity3pm=hum_high
2,L1_Location=Walpole|L2_RainToday=rain_today_yes|L3_Humidity3pm=hum_mid,L1_Location=Walpole|L2_RainToday=rain_today_yes,3,L3_Humidity3pm,numeric_bin,hum_mid,374,259,115,86.0,True,True,L1_Location=Walpole|L2_RainToday=rain_today_yes
2,L1_Location=Walpole|L2_RainToday=rain_today_yes|L3_Humidity3pm=others,L1_Location=Walpole|L2_RainToday=rain_today_yes,3,L3_Humidity3pm,numeric_bin,others,15,11,4,4.0,True,True,L1_Location=Walpole|L2_RainToday=rain_today_yes
2,L1_Location=Watsonia|L2_RainToday=rain_today_no|L3_Humidity3pm=hum_low,L1_Location=Watsonia|L2_RainToday=rain_today_no,3,L3_Humidity3pm,numeric_bin,hum_low,492,354,138,127.0,True,True,L1_Location=Watsonia|L2_RainToday=rain_today_no
2,L1_Location=Watsonia|L2_RainToday=rain_today_no|L3_Humidity3pm=hum_mid,L1_Location=Watsonia|L2_RainToday=rain_today_no,3,L3_Humidity3pm,numeric_bin,hum_mid,1072,749,323,293.0,True,True,L1_Location=Watsonia|L2_RainToday=rain_today_no
2,L1_Location=Watsonia|L2_RainToday=rain_today_no|L3_Humidity3pm=others,L1_Location=Watsonia|L2_RainToday=rain_today_no,3,L3_Humidity3pm,numeric_bin,others,228,159,69,44.0,True,True,L1_Location=Watsonia|L2_RainToday=rain_today_no
2,L1_Location=Watsonia|L2_RainToday=rain_today_yes|L3_Humidity3pm=hum_mid,L1_Location=Watsonia|L2_RainToday=rain_today_yes,3,L3_Humidity3pm,numeric_bin,hum_mid,357,253,104,90.0,True,True,L1_Location=Watsonia|L2_RainToday=rain_today_yes
2,L1_Location=Watsonia|L2_RainToday=rain_today_yes|L3_Humidity3pm=others,L1_Location=Watsonia|L2_RainToday=rain_today_yes,3,L3_Humidity3pm,numeric_bin,others,240,181,59,47.0,True,True,L1_Location=Watsonia|L2_RainToday=rain_today_yes
2,L1_Location=Williamtown|L2_RainToday=rain_today_no|L3_Humidity3pm=hum_low,L1_Location=Williamtown|L2_RainToday=rain_today_no,3,L3_Humidity3pm,numeric_bin,hum_low,427,300,127,125.0,True,False,L1_Location=Williamtown|L2_RainToday=rain_today_no|L3_Humidity3pm=hum_low
2,L1_Location=Williamtown|L2_RainToday=rain_today_no|L3_Humidity3pm=hum_mid,L1_Location=Williamtown|L2_RainToday=rain_today_no,3,L3_Humidity3pm,numeric_bin,hum_mid,811,557,254,209.0,True,True,L1_Location=Williamtown|L2_RainToday=rain_today_no
2,L1_Location=Williamtown|L2_RainToday=rain_today_no|L3_Humidity3pm=others,L1_Location=Williamtown|L2_RainToday=rain_today_no,3,L3_Humidity3pm,numeric_bin,others,143,93,50,26.0,True,True,L1_Location=Williamtown|L2_RainToday=rain_today_no
2,L1_Location=Witchcliffe|L2_RainToday=rain_today_no|L3_Humidity3pm=hum_mid,L1_Location=Witchcliffe|L2_RainToday=rain_today_no,3,L3_Humidity3pm,numeric_bin,hum_mid,1201,830,371,263.0,True,True,L1_Location=Witchcliffe|L2_RainToday=rain_today_no
2,L1_Location=Witchcliffe|L2_RainToday=rain_today_no|L3_Humidity3pm=others,L1_Location=Witchcliffe|L2_RainToday=rain_today_no,3,L3_Humidity3pm,numeric_bin,others,477,321,156,112.0,True,True,L1_Location=Witchcliffe|L2_RainToday=rain_today_no
2,L1_Location=Witchcliffe|L2_RainToday=rain_today_yes|L3_Humidity3pm=hum_mid,L1_Location=Witchcliffe|L2_RainToday=rain_today_yes,3,L3_Humidity3pm,numeric_bin,hum_mid,406,293,113,98.0,True,True,L1_Location=Witchcliffe
2,L1_Location=Witchcliffe|L2_RainToday=rain_today_yes|L3_Humidity3pm=others,L1_Location=Witchcliffe|L2_RainToday=rain_today_yes,3,L3_Humidity3pm,numeric_bin,others,294,189,105,73.0,True,True,L1_Location=Witchcliffe
2,L1_Location=Wollongong|L2_RainToday=rain_today_no|L3_Humidity3pm=hum_high,L1_Location=Wollongong|L2_RainToday=rain_today_no,3,L3_Humidity3pm,numeric_bin,hum_high,681,475,206,191.0,True,True,L1_Location=Wollongong
2,L1_Location=Wollongong|L2_RainToday=rain_today_no|L3_Humidity3pm=hum_mid,L1_Location=Wollongong|L2_RainToday=rain_today_no,3,L3_Humidity3pm,numeric_bin,hum_mid,852,600,252,219.0,True,True,L1_Location=Wollongong
2,L1_Location=Wollongong|L2_RainToday=rain_today_no|L3_Humidity3pm=others,L1_Location=Wollongong|L2_RainToday=rain_today_no,3,L3_Humidity3pm,numeric_bin,others,231,161,70,65.0,True,True,L1_Location=Wollongong
2,L1_Location=Wollongong|L2_RainToday=rain_today_yes|L3_Humidity3pm=hum_high,L1_Location=Wollongong|L2_RainToday=rain_today_yes,3,L3_Humidity3pm,numeric_bin,hum_high,352,242,110,87.0,True,False,L1_Location=Wollongong|L2_RainToday=rain_today_yes|L3_Humidity3pm=hum_high
2,L1_Location=Wollongong|L2_RainToday=rain_today_yes|L3_Humidity3pm=others,L1_Location=Wollongong|L2_RainToday=rain_today_yes,3,L3_Humidity3pm,numeric_bin,others,213,155,58,52.0,True,True,L1_Location=Wollongong
2,L1_Location=Woomera|L2_RainToday=rain_today_no|L3_Humidity3pm=hum_low,L1_Location=Woomera|L2_RainToday=rain_today_no,3,L3_Humidity3pm,numeric_bin,hum_low,1856,1318,538,424.0,True,True,L1_Location=Woomera|L2_RainToday=rain_today_no
2,L1_Location=Woomera|L2_RainToday=rain_today_no|L3_Humidity3pm=hum_mid,L1_Location=Woomera|L2_RainToday=rain_today_no,3,L3_Humidity3pm,numeric_bin,hum_mid,352,238,114,71.0,True,True,L1_Location=Woomera|L2_RainToday=rain_today_no
2,L1_Location=Woomera|L2_RainToday=rain_today_no|L3_Humidity3pm=others,L1_Location=Woomera|L2_RainToday=rain_today_no,3,L3_Humidity3pm,numeric_bin,others,64,51,13,16.0,True,True,L1_Location=Woomera|L2_RainToday=rain_today_no
3,ROOT,ROOT,0,ROOT,ROOT,all,113754,15907,6804,1377.0,False,False,ROOT
3,L1_Location=Adelaide,ROOT,1,L1_Location,category_group,Adelaide,2493,382,300,,False,True,ROOT
3,L1_Location=Albany,ROOT,1,L1_Location,category_group,Albany,2422,351,307,,False,True,ROOT
3,L1_Location=Albury,ROOT,1,L1_Location,category_group,Albury,2386,344,258,,False,False,L1_Location=Albury
3,L1_Location=AliceSprings,ROOT,1,L1_Location,category_group,AliceSprings,2451,457,185,,False,True,ROOT
3,L1_Location=BadgerysCreek,ROOT,1,L1_Location,category_group,BadgerysCreek,2335,345,255,,False,True,ROOT
3,L1_Location=Ballarat,ROOT,1,L1_Location,category_group,Ballarat,2415,349,279,,False,True,ROOT
3,L1_Location=Bendigo,ROOT,1,L1_Location,category_group,Bendigo,2409,343,251,,False,False,L1_Location=Bendigo
3,L1_Location=Brisbane,ROOT,1,L1_Location,category_group,Brisbane,2524,359,300,,False,False,L1_Location=Brisbane
3,L1_Location=Cairns,ROOT,1,L1_Location,category_group,Cairns,2407,361,296,,False,False,L1_Location=Cairns
3,L1_Location=Canberra,ROOT,1,L1_Location,category_group,Canberra,2762,392,292,,False,True,ROOT
3,L1_Location=Cobar,ROOT,1,L1_Location,category_group,Cobar,2378,492,232,,False,False,L1_Location=Cobar
3,L1_Location=CoffsHarbour,ROOT,1,L1_Location,category_group,CoffsHarbour,2365,341,293,,False,True,ROOT
3,L1_Location=Dartmoor,ROOT,1,L1_Location,category_group,Dartmoor,2319,320,317,,False,True,ROOT
3,L1_Location=Darwin,ROOT,1,L1_Location,category_group,Darwin,2555,356,330,,False,False,L1_Location=Darwin
3,L1_Location=GoldCoast,ROOT,1,L1_Location,category_group,GoldCoast,2394,366,291,,False,False,L1_Location=GoldCoast
3,L1_Location=Hobart,ROOT,1,L1_Location,category_group,Hobart,2588,362,319,,False,True,ROOT
3,L1_Location=Katherine,ROOT,1,L1_Location,category_group,Katherine,1266,291,143,,False,True,ROOT
3,L1_Location=Launceston,ROOT,1,L1_Location,category_group,Launceston,2433,347,289,,False,True,ROOT
3,L1_Location=Melbourne,ROOT,1,L1_Location,category_group,Melbourne,1942,343,233,,False,True,ROOT
3,L1_Location=MelbourneAirport,ROOT,1,L1_Location,category_group,MelbourneAirport,2429,347,253,,False,True,ROOT
3,L1_Location=Mildura,ROOT,1,L1_Location,category_group,Mildura,2400,493,198,,False,False,L1_Location=Mildura
3,L1_Location=Moree,ROOT,1,L1_Location,category_group,Moree,2269,528,214,,False,False,L1_Location=Moree
3,L1_Location=MountGambier,ROOT,1,L1_Location,category_group,MountGambier,2383,340,303,,False,False,L1_Location=MountGambier
3,L1_Location=MountGinini,ROOT,1,L1_Location,category_group,MountGinini,2324,379,291,,False,False,L1_Location=MountGinini
3,L1_Location=Newcastle,ROOT,1,L1_Location,category_group,Newcastle,2390,335,308,,False,True,ROOT
3,L1_Location=Nhil,ROOT,1,L1_Location,category_group,Nhil,1265,283,128,,False,True,ROOT
3,L1_Location=NorahHead,ROOT,1,L1_Location,category_group,NorahHead,2315,347,295,,False,True,ROOT
3,L1_Location=NorfolkIsland,ROOT,1,L1_Location,category_group,NorfolkIsland,2419,346,336,,False,True,ROOT
3,L1_Location=Nuriootpa,ROOT,1,L1_Location,category_group,Nuriootpa,2375,332,262,,False,False,L1_Location=Nuriootpa
3,L1_Location=PearceRAAF,ROOT,1,L1_Location,category_group,PearceRAAF,2186,573,232,,False,False,L1_Location=PearceRAAF
3,L1_Location=Penrith,ROOT,1,L1_Location,category_group,Penrith,2365,354,266,,False,True,ROOT
3,L1_Location=Perth,ROOT,1,L1_Location,category_group,Perth,2581,355,297,,False,False,L1_Location=Perth
3,L1_Location=PerthAirport,ROOT,1,L1_Location,category_group,PerthAirport,2399,575,266,,False,False,L1_Location=PerthAirport
3,L1_Location=Portland,ROOT,1,L1_Location,category_group,Portland,2379,331,363,,False,False,L1_Location=Portland
3,L1_Location=Richmond,ROOT,1,L1_Location,category_group,Richmond,2350,342,264,,False,True,ROOT
3,L1_Location=Sale,ROOT,1,L1_Location,category_group,Sale,2420,341,272,,False,False,L1_Location=Sale
3,L1_Location=SalmonGums,ROOT,1,L1_Location,category_group,SalmonGums,2351,535,256,,False,True,ROOT
3,L1_Location=Sydney,ROOT,1,L1_Location,category_group,Sydney,2668,375,331,,False,False,L1_Location=Sydney
3,L1_Location=SydneyAirport,ROOT,1,L1_Location,category_group,SydneyAirport,2424,344,280,,False,True,ROOT
3,L1_Location=Townsville,ROOT,1,L1_Location,category_group,Townsville,2458,571,267,,False,False,L1_Location=Townsville
3,L1_Location=Tuggeranong,ROOT,1,L1_Location,category_group,Tuggeranong,2382,357,255,,False,True,ROOT
3,L1_Location=Uluru,ROOT,1,L1_Location,category_group,Uluru,1234,225,110,,False,False,L1_Location=Uluru
3,L1_Location=WaggaWagga,ROOT,1,L1_Location,category_group,WaggaWagga,2362,330,263,,False,False,L1_Location=WaggaWagga
3,L1_Location=Walpole,ROOT,1,L1_Location,category_group,Walpole,2241,328,317,,False,False,L1_Location=Walpole
3,L1_Location=Watsonia,ROOT,1,L1_Location,category_group,Watsonia,2393,344,282,,False,True,ROOT
3,L1_Location=Williamtown,ROOT,1,L1_Location,category_group,Williamtown,2016,354,294,,False,True,ROOT
3,L1_Location=Witchcliffe,ROOT,1,L1_Location,category_group,Witchcliffe,2376,337,341,,False,False,L1_Location=Witchcliffe
3,L1_Location=Wollongong,ROOT,1,L1_Location,category_group,Wollongong,2390,352,295,,False,True,ROOT
3,L1_Location=Woomera,ROOT,1,L1_Location,category_group,Woomera,2366,430,174,,False,False,L1_Location=Woomera
3,L1_Location=Adelaide|L2_RainToday=rain_today_no,L1_Location=Adelaide,2,L2_RainToday,category_group,rain_today_no,1890,319,548,,False,False,L1_Location=Adelaide|L2_RainToday=rain_today_no
3,L1_Location=Adelaide|L2_RainToday=rain_today_yes,L1_Location=Adelaide,2,L2_RainToday,category_group,rain_today_yes,548,372,176,,False,False,L1_Location=Adelaide|L2_RainToday=rain_today_yes
3,L1_Location=Adelaide|L2_RainToday=others,L1_Location=Adelaide,2,L2_RainToday,category_group,others,55,40,15,15.0,True,True,ROOT
3,L1_Location=Albany|L2_RainToday=rain_today_no,L1_Location=Albany,2,L2_RainToday,category_group,rain_today_no,1692,491,497,,False,False,L1_Location=Albany|L2_RainToday=rain_today_no
3,L1_Location=Albany|L2_RainToday=rain_today_yes,L1_Location=Albany,2,L2_RainToday,category_group,rain_today_yes,715,512,203,,False,False,L1_Location=Albany|L2_RainToday=rain_today_yes
3,L1_Location=Albany|L2_RainToday=others,L1_Location=Albany,2,L2_RainToday,category_group,others,15,10,5,5.0,True,True,ROOT
3,L1_Location=Albury|L2_RainToday=rain_today_no,L1_Location=Albury,2,L2_RainToday,category_group,rain_today_no,1879,354,557,,False,True,L1_Location=Albury
3,L1_Location=Albury|L2_RainToday=rain_today_yes,L1_Location=Albury,2,L2_RainToday,category_group,rain_today_yes,492,350,142,123.0,True,True,L1_Location=Albury
3,L1_Location=Albury|L2_RainToday=others,L1_Location=Albury,2,L2_RainToday,category_group,others,15,10,5,5.0,True,True,L1_Location=Albury
3,L1_Location=AliceSprings|L2_RainToday=rain_today_no,L1_Location=AliceSprings,2,L2_RainToday,category_group,rain_today_no,2261,410,165,,False,False,L1_Location=AliceSprings|L2_RainToday=rain_today_no
3,L1_Location=AliceSprings|L2_RainToday=others,L1_Location=AliceSprings,2,L2_RainToday,category_group,others,190,137,53,57.0,True,True,ROOT
3,L1_Location=BadgerysCreek|L2_RainToday=rain_today_no,L1_Location=BadgerysCreek,2,L2_RainToday,category_group,rain_today_no,1846,351,305,,False,True,ROOT
3,L1_Location=BadgerysCreek|L2_RainToday=rain_today_yes,L1_Location=BadgerysCreek,2,L2_RainToday,category_group,rain_today_yes,454,321,133,118.0,True,True,ROOT
3,L1_Location=BadgerysCreek|L2_RainToday=others,L1_Location=BadgerysCreek,2,L2_RainToday,category_group,others,35,28,7,16.0,True,True,ROOT
3,L1_Location=Ballarat|L2_RainToday=rain_today_no,L1_Location=Ballarat,2,L2_RainToday,category_group,rain_today_no,1780,486,522,,False,False,L1_Location=Ballarat|L2_RainToday=rain_today_no
3,L1_Location=Ballarat|L2_RainToday=rain_today_yes,L1_Location=Ballarat,2,L2_RainToday,category_group,rain_today_yes,625,452,173,,False,True,ROOT
3,L1_Location=Ballarat|L2_RainToday=others,L1_Location=Ballarat,2,L2_RainToday,category_group,others,10,8,2,1.0,True,True,ROOT
3,L1_Location=Bendigo|L2_RainToday=rain_today_no,L1_Location=Bendigo,2,L2_RainToday,category_group,rain_today_no,1956,367,563,,False,True,L1_Location=Bendigo
3,L1_Location=Bendigo|L2_RainToday=rain_today_yes,L1_Location=Bendigo,2,L2_RainToday,category_group,rain_today_yes,449,311,138,113.0,True,True,L1_Location=Bendigo
3,L1_Location=Bendigo|L2_RainToday=others,L1_Location=Bendigo,2,L2_RainToday,category_group,others,4,3,1,,True,True,L1_Location=Bendigo
3,L1_Location=Brisbane|L2_RainToday=rain_today_no,L1_Location=Brisbane,2,L2_RainToday,category_group,rain_today_no,1926,521,250,,False,False,L1_Location=Brisbane|L2_RainToday=rain_today_no
3,L1_Location=Brisbane|L2_RainToday=rain_today_yes,L1_Location=Brisbane,2,L2_RainToday,category_group,rain_today_yes,576,404,172,,False,True,L1_Location=Brisbane
3,L1_Location=Brisbane|L2_RainToday=others,L1_Location=Brisbane,2,L2_RainToday,category_group,others,22,16,6,7.0,True,True,L1_Location=Brisbane
3,L1_Location=Cairns|L2_RainToday=rain_today_no,L1_Location=Cairns,2,L2_RainToday,category_group,rain_today_no,1629,408,159,,False,True,L1_Location=Cairns
3,L1_Location=Cairns|L2_RainToday=rain_today_yes,L1_Location=Cairns,2,L2_RainToday,category_group,rain_today_yes,757,557,200,,False,False,L1_Location=Cairns|L2_RainToday=rain_today_yes
3,L1_Location=Cairns|L2_RainToday=others,L1_Location=Cairns,2,L2_RainToday,category_group,others,21,12,9,3.0,True,True,L1_Location=Cairns
3,L1_Location=Canberra|L2_RainToday=rain_today_no,L1_Location=Canberra,2,L2_RainToday,category_group,rain_today_no,2252,395,168,,False,False,L1_Location=Canberra|L2_RainToday=rain_today_no
3,L1_Location=Canberra|L2_RainToday=rain_today_yes,L1_Location=Canberra,2,L2_RainToday,category_group,rain_today_yes,496,343,153,128.0,True,True,ROOT
3,L1_Location=Canberra|L2_RainToday=others,L1_Location=Canberra,2,L2_RainToday,category_group,others,14,8,6,2.0,True,True,ROOT
3,L1_Location=Cobar|L2_RainToday=rain_today_no,L1_Location=Cobar,2,L2_RainToday,category_group,rain_today_no,2066,579,274,,False,True,L1_Location=Cobar
3,L1_Location=Cobar|L2_RainToday=rain_today_yes,L1_Location=Cobar,2,L2_RainToday,category_group,rain_today_yes,307,204,103,77.0,True,True,L1_Location=Cobar
3,L1_Location=Cobar|L2_RainToday=others,L1_Location=Cobar,2,L2_RainToday,category_group,others,5,5,0,3.0,True,True,L1_Location=Cobar
3,L1_Location=CoffsHarbour|L2_RainToday=rain_today_no,L1_Location=CoffsHarbour,2,L2_RainToday,category_group,rain_today_no,1659,233,200,,False,False,L1_Location=CoffsHarbour|L2_RainToday=rain_today_no
3,L1_Location=CoffsHarbour|L2_RainToday=rain_today_yes,L1_Location=CoffsHarbour,2,L2_RainToday,category_group,rain_today_yes,696,503,193,,False,True,ROOT
3,L1_Location=CoffsHarbour|L2_RainToday=others,L1_Location=CoffsHarbour,2,L2_RainToday,category_group,others,10,7,3,3.0,True,True,ROOT
3,L1_Location=Dartmoor|L2_RainToday=rain_today_no,L1_Location=Dartmoor,2,L2_RainToday,category_group,rain_today_no,1601,638,503,,False,True,ROOT
3,L1_Location=Dartmoor|L2_RainToday=rain_today_yes,L1_Location=Dartmoor,2,L2_RainToday,category_group,rain_today_yes,715,499,216,,False,False,L1_Location=Dartmoor|L2_RainToday=rain_today_yes
3,L1_Location=Dartmoor|L2_RainToday=others,L1_Location=Dartmoor,2,L2_RainToday,category_group,others,3,2,1,1.0,True,True,ROOT
3,L1_Location=Darwin|L2_RainToday=rain_today_no,L1_Location=Darwin,2,L2_RainToday,category_group,rain_today_no,1870,320,286,,False,False,L1_Location=Darwin|L2_RainToday=rain_today_no
3,L1_Location=Darwin|L2_RainToday=rain_today_yes,L1_Location=Darwin,2,L2_RainToday,category_group,rain_today_yes,685,464,221,,False,True,L1_Location=Darwin
3,L1_Location=GoldCoast|L2_RainToday=rain_today_no,L1_Location=GoldCoast,2,L2_RainToday,category_group,rain_today_no,1753,247,213,,False,False,L1_Location=GoldCoast|L2_RainToday=rain_today_no
3,L1_Location=GoldCoast|L2_RainToday=rain_today_yes,L1_Location=GoldCoast,2,L2_RainToday,category_group,rain_today_yes,593,417,176,,False,True,L1_Location=GoldCoast
3,L1_Location=GoldCoast|L2_RainToday=others,L1_Location=GoldCoast,2,L2_RainToday,category_group,others,48,35,13,8.0,True,True,L1_Location=GoldCoast
3,L1_Location=Hobart|L2_RainToday=rain_today_no,L1_Location=Hobart,2,L2_RainToday,category_group,rain_today_no,1973,383,288,,False,False,L1_Location=Hobart|L2_RainToday=rain_today_no
3,L1_Location=Hobart|L2_RainToday=rain_today_yes,L1_Location=Hobart,2,L2_RainToday,category_group,rain_today_yes,611,410,201,,False,True,ROOT
3,L1_Location=Hobart|L2_RainToday=others,L1_Location=Hobart,2,L2_RainToday,category_group,others,4,3,1,1.0,True,True,ROOT
3,L1_Location=Katherine|L2_RainToday=rain_today_no,L1_Location=Katherine,2,L2_RainToday,category_group,rain_today_no,1039,424,326,,False,False,L1_Location=Katherine|L2_RainToday=rain_today_no
3,L1_Location=Katherine|L2_RainToday=others,L1_Location=Katherine,2,L2_RainToday,category_group,others,227,149,78,,True,True,ROOT
3,L1_Location=Launceston|L2_RainToday=rain_today_no,L1_Location=Launceston,2,L2_RainToday,category_group,rain_today_no,1860,680,267,,False,False,L1_Location=Launceston|L2_RainToday=rain_today_no
3,L1_Location=Launceston|L2_RainToday=rain_today_yes,L1_Location=Launceston,2,L2_RainToday,category_group,rain_today_yes,567,384,183,130.0,True,False,L1_Location=Launceston|L2_RainToday=rain_today_yes
3,L1_Location=Launceston|L2_RainToday=others,L1_Location=Launceston,2,L2_RainToday,category_group,others,6,3,3,2.0,True,True,ROOT
3,L1_Location=Melbourne|L2_RainToday=rain_today_no,L1_Location=Melbourne,2,L2_RainToday,category_group,rain_today_no,1366,498,378,,False,False,L1_Location=Melbourne|L2_RainToday=rain_today_no
3,L1_Location=Melbourne|L2_RainToday=rain_today_yes,L1_Location=Melbourne,2,L2_RainToday,category_group,rain_today_yes,462,340,122,,False,False,L1_Location=Melbourne|L2_RainToday=rain_today_yes
3,L1_Location=Melbourne|L2_RainToday=others,L1_Location=Melbourne,2,L2_RainToday,category_group,others,114,78,36,,True,True,ROOT
3,L1_Location=MelbourneAirport|L2_RainToday=rain_today_no,L1_Location=MelbourneAirport,2,L2_RainToday,category_group,rain_today_no,1910,387,286,,False,False,L1_Location=MelbourneAirport|L2_RainToday=rain_today_no
3,L1_Location=MelbourneAirport|L2_RainToday=rain_today_yes,L1_Location=MelbourneAirport,2,L2_RainToday,category_group,rain_today_yes,519,376,143,,False,False,L1_Location=MelbourneAirport|L2_RainToday=rain_today_yes
3,L1_Location=Mildura|L2_RainToday=rain_today_no,L1_Location=Mildura,2,L2_RainToday,category_group,rain_today_no,2135,339,278,,False,True,L1_Location=Mildura
3,L1_Location=Mildura|L2_RainToday=others,L1_Location=Mildura,2,L2_RainToday,category_group,others,265,192,73,63.0,True,True,L1_Location=Mildura
3,L1_Location=Moree|L2_RainToday=rain_today_no,L1_Location=Moree,2,L2_RainToday,category_group,rain_today_no,1907,485,230,,False,False,L1_Location=Moree|L2_RainToday=rain_today_no
3,L1_Location=Moree|L2_RainToday=rain_today_yes,L1_Location=Moree,2,L2_RainToday,category_group,rain_today_yes,312,222,90,70.0,True,True,L1_Location=Moree
3,L1_Location=Moree|L2_RainToday=others,L1_Location=Moree,2,L2_RainToday,category_group,others,50,37,13,13.0,True,True,L1_Location=Moree
3,L1_Location=MountGambier|L2_RainToday=rain_today_no,L1_Location=MountGambier,2,L2_RainToday,category_group,rain_today_no,1650,402,500,,False,True,L1_Location=MountGambier
3,L1_Location=MountGambier|L2_RainToday=rain_today_yes,L1_Location=MountGambier,2,L2_RainToday,category_group,rain_today_yes,726,524,202,,False,False,L1_Location=MountGambier|L2_RainToday=rain_today_yes
3,L1_Location=MountGambier|L2_RainToday=others,L1_Location=MountGambier,2,L2_RainToday,category_group,others,7,6,1,1.0,True,True,L1_Location=MountGambier
3,L1_Location=MountGinini|L2_RainToday=rain_today_no,L1_Location=MountGinini,2,L2_RainToday,category_group,rain_today_no,1635,433,447,,False,True,L1_Location=MountGinini
3,L1_Location=MountGinini|L2_RainToday=rain_today_yes,L1_Location=MountGinini,2,L2_RainToday,category_group,rain_today_yes,617,431,186,,False,False,L1_Location=MountGinini|L2_RainToday=rain_today_yes
3,L1_Location=MountGinini|L2_RainToday=others,L1_Location=MountGinini,2,L2_RainToday,category_group,others,72,56,16,19.0,True,True,L1_Location=MountGinini
3,L1_Location=Newcastle|L2_RainToday=rain_today_no,L1_Location=Newcastle,2,L2_RainToday,category_group,rain_today_no,1792,481,583,,False,True,ROOT
3,L1_Location=Newcastle|L2_RainToday=rain_today_yes,L1_Location=Newcastle,2,L2_RainToday,category_group,rain_today_yes,575,389,186,146.0,True,True,ROOT
3,L1_Location=Newcastle|L2_RainToday=others,L1_Location=Newcastle,2,L2_RainToday,category_group,others,23,17,6,3.0,True,True,ROOT
3,L1_Location=Nhil|L2_RainToday=rain_today_no,L1_Location=Nhil,2,L2_RainToday,category_group,rain_today_no,1066,414,342,,False,False,L1_Location=Nhil|L2_RainToday=rain_today_no
3,L1_Location=Nhil|L2_RainToday=others,L1_Location=Nhil,2,L2_RainToday,category_group,others,199,139,60,,True,True,ROOT
3,L1_Location=NorahHead|L2_RainToday=rain_today_no,L1_Location=NorahHead,2,L2_RainToday,category_group,rain_today_no,1646,297,475,,False,True,ROOT
3,L1_Location=NorahHead|L2_RainToday=rain_today_yes,L1_Location=NorahHead,2,L2_RainToday,category_group,rain_today_yes,633,444,189,,False,False,L1_Location=NorahHead|L2_RainToday=rain_today_yes
3,L1_Location=NorahHead|L2_RainToday=others,L1_Location=NorahHead,2,L2_RainToday,category_group,others,36,25,11,5.0,True,True,ROOT
3,L1_Location=NorfolkIsland|L2_RainToday=rain_today_no,L1_Location=NorfolkIsland,2,L2_RainToday,category_group,rain_today_no,1655,233,212,,False,True,ROOT
3,L1_Location=NorfolkIsland|L2_RainToday=rain_today_yes,L1_Location=NorfolkIsland,2,L2_RainToday,category_group,rain_today_yes,747,514,233,,False,True,ROOT
3,L1_Location=NorfolkIsland|L2_RainToday=others,L1_Location=NorfolkIsland,2,L2_RainToday,category_group,others,17,11,6,3.0,True,True,ROOT
3,L1_Location=Nuriootpa|L2_RainToday=rain_today_no,L1_Location=Nuriootpa,2,L2_RainToday,category_group,rain_today_no,1895,367,327,,False,True,L1_Location=Nuriootpa
3,L1_Location=Nuriootpa|L2_RainToday=rain_today_yes,L1_Location=Nuriootpa,2,L2_RainToday,category_group,rain_today_yes,475,329,146,113.0,True,True,L1_Location=Nuriootpa
3,L1_Location=Nuriootpa|L2_RainToday=others,L1_Location=Nuriootpa,2,L2_RainToday,category_group,others,5,3,2,1.0,True,True,L1_Location=Nuriootpa
3,L1_Location=PearceRAAF|L2_RainToday=rain_today_no,L1_Location=PearceRAAF,2,L2_RainToday,category_group,rain_today_no,1725,276,518,,False,False,L1_Location=PearceRAAF|L2_RainToday=rain_today_no
3,L1_Location=PearceRAAF|L2_RainToday=rain_today_yes,L1_Location=PearceRAAF,2,L2_RainToday,category_group,rain_today_yes,377,274,103,97.0,True,False,L1_Location=PearceRAAF|L2_RainToday=rain_today_yes
3,L1_Location=PearceRAAF|L2_RainToday=others,L1_Location=PearceRAAF,2,L2_RainToday,category_group,others,84,58,26,32.0,True,True,L1_Location=PearceRAAF
3,L1_Location=Penrith|L2_RainToday=rain_today_no,L1_Location=Penrith,2,L2_RainToday,category_group,rain_today_no,1876,356,589,,False,True,ROOT
3,L1_Location=Penrith|L2_RainToday=rain_today_yes,L1_Location=Penrith,2,L2_RainToday,category_group,rain_today_yes,444,303,141,137.0,True,False,L1_Location=Penrith|L2_RainToday=rain_today_yes
3,L1_Location=Penrith|L2_RainToday=others,L1_Location=Penrith,2,L2_RainToday,category_group,others,45,37,8,8.0,True,True,ROOT
3,L1_Location=Perth|L2_RainToday=rain_today_no,L1_Location=Perth,2,L2_RainToday,category_group,rain_today_no,2056,339,341,,False,False,L1_Location=Perth|L2_RainToday=rain_today_no
3,L1_Location=Perth|L2_RainToday=rain_today_yes,L1_Location=Perth,2,L2_RainToday,category_group,rain_today_yes,525,355,170,,False,True,L1_Location=Perth
3,L1_Location=PerthAirport|L2_RainToday=rain_today_no,L1_Location=PerthAirport,2,L2_RainToday,category_group,rain_today_no,1946,313,309,,False,True,L1_Location=PerthAirport
3,L1_Location=PerthAirport|L2_RainToday=rain_today_yes,L1_Location=PerthAirport,2,L2_RainToday,category_group,rain_today_yes,453,297,156,,False,True,L1_Location=PerthAirport
3,L1_Location=Portland|L2_RainToday=rain_today_no,L1_Location=Portland,2,L2_RainToday,category_group,rain_today_no,1504,496,479,,False,True,L1_Location=Portland
3,L1_Location=Portland|L2_RainToday=rain_today_yes,L1_Location=Portland,2,L2_RainToday,category_group,rain_today_yes,867,338,266,,False,False,L1_Location=Portland|L2_RainToday=rain_today_yes
3,L1_Location=Portland|L2_RainToday=others,L1_Location=Portland,2,L2_RainToday,category_group,others,8,6,2,4.0,True,True,L1_Location=Portland
3,L1_Location=Richmond|L2_RainToday=rain_today_no,L1_Location=Richmond,2,L2_RainToday,category_group,rain_today_no,1865,352,581,,False,True,ROOT
3,L1_Location=Richmond|L2_RainToday=rain_today_yes,L1_Location=Richmond,2,L2_RainToday,category_group,rain_today_yes,444,313,131,111.0,True,True,ROOT
3,L1_Location=Richmond|L2_RainToday=others,L1_Location=Richmond,2,L2_RainToday,category_group,others,41,24,17,4.0,True,True,ROOT
3,L1_Location=Sale|L2_RainToday=rain_today_no,L1_Location=Sale,2,L2_RainToday,category_group,rain_today_no,1892,604,241,,False,True,L1_Location=Sale
3,L1_Location=Sale|L2_RainToday=rain_today_yes,L1_Location=Sale,2,L2_RainToday,category_group,rain_today_yes,521,365,156,,False,True,L1_Location=Sale
3,L1_Location=Sale|L2_RainToday=others,L1_Location=Sale,2,L2_RainToday,category_group,others,7,3,4,1.0,True,True,L1_Location=Sale
3,L1_Location=SalmonGums|L2_RainToday=rain_today_no,L1_Location=SalmonGums,2,L2_RainToday,category_group,rain_today_no,1950,320,309,,False,True,ROOT
3,L1_Location=SalmonGums|L2_RainToday=rain_today_yes,L1_Location=SalmonGums,2,L2_RainToday,category_group,rain_today_yes,389,261,128,80.0,True,True,ROOT
3,L1_Location=SalmonGums|L2_RainToday=others,L1_Location=SalmonGums,2,L2_RainToday,category_group,others,12,5,7,2.0,True,True,ROOT
3,L1_Location=Sydney|L2_RainToday=rain_today_no,L1_Location=Sydney,2,L2_RainToday,category_group,rain_today_no,1973,364,279,,False,True,L1_Location=Sydney
3,L1_Location=Sydney|L2_RainToday=rain_today_yes,L1_Location=Sydney,2,L2_RainToday,category_group,rain_today_yes,689,478,211,,False,False,L1_Location=Sydney|L2_RainToday=rain_today_yes
3,L1_Location=Sydney|L2_RainToday=others,L1_Location=Sydney,2,L2_RainToday,category_group,others,6,4,2,,True,True,L1_Location=Sydney
3,L1_Location=SydneyAirport|L2_RainToday=rain_today_no,L1_Location=SydneyAirport,2,L2_RainToday,category_group,rain_today_no,1805,371,287,,False,False,L1_Location=SydneyAirport|L2_RainToday=rain_today_no
3,L1_Location=SydneyAirport|L2_RainToday=rain_today_yes,L1_Location=SydneyAirport,2,L2_RainToday,category_group,rain_today_yes,615,443,172,,False,False,L1_Location=SydneyAirport|L2_RainToday=rain_today_yes
3,L1_Location=SydneyAirport|L2_RainToday=others,L1_Location=SydneyAirport,2,L2_RainToday,category_group,others,4,3,1,,True,True,ROOT
3,L1_Location=Townsville|L2_RainToday=rain_today_no,L1_Location=Townsville,2,L2_RainToday,category_group,rain_today_no,2024,468,207,,False,True,L1_Location=Townsville
3,L1_Location=Townsville|L2_RainToday=rain_today_yes,L1_Location=Townsville,2,L2_RainToday,category_group,rain_today_yes,428,288,140,90.0,True,True,L1_Location=Townsville
3,L1_Location=Townsville|L2_RainToday=others,L1_Location=Townsville,2,L2_RainToday,category_group,others,6,2,4,,True,True,L1_Location=Townsville
3,L1_Location=Tuggeranong|L2_RainToday=rain_today_no,L1_Location=Tuggeranong,2,L2_RainToday,category_group,rain_today_no,1893,336,542,,False,True,ROOT
3,L1_Location=Tuggeranong|L2_RainToday=rain_today_yes,L1_Location=Tuggeranong,2,L2_RainToday,category_group,rain_today_yes,457,318,139,105.0,True,True,ROOT
3,L1_Location=Tuggeranong|L2_RainToday=others,L1_Location=Tuggeranong,2,L2_RainToday,category_group,others,32,24,8,7.0,True,True,ROOT
3,L1_Location=Uluru|L2_RainToday=rain_today_no,L1_Location=Uluru,2,L2_RainToday,category_group,rain_today_no,1123,195,85,,False,True,L1_Location=Uluru
3,L1_Location=Uluru|L2_RainToday=others,L1_Location=Uluru,2,L2_RainToday,category_group,others,111,72,39,,True,True,L1_Location=Uluru
3,L1_Location=WaggaWagga|L2_RainToday=rain_today_no,L1_Location=WaggaWagga,2,L2_RainToday,category_group,rain_today_no,1906,336,315,,False,True,L1_Location=WaggaWagga
3,L1_Location=WaggaWagga|L2_RainToday=rain_today_yes,L1_Location=WaggaWagga,2,L2_RainToday,category_group,rain_today_yes,442,304,138,91.0,True,False,L1_Location=WaggaWagga|L2_RainToday=rain_today_yes
3,L1_Location=WaggaWagga|L2_RainToday=others,L1_Location=WaggaWagga,2,L2_RainToday,category_group,others,14,11,3,4.0,True,True,L1_Location=WaggaWagga
3,L1_Location=Walpole|L2_RainToday=rain_today_no,L1_Location=Walpole,2,L2_RainToday,category_group,rain_today_no,1458,423,199,,False,True,L1_Location=Walpole
3,L1_Location=Walpole|L2_RainToday=rain_today_yes,L1_Location=Walpole,2,L2_RainToday,category_group,rain_today_yes,745,536,209,,False,False,L1_Location=Walpole|L2_RainToday=rain_today_yes
3,L1_Location=Walpole|L2_RainToday=others,L1_Location=Walpole,2,L2_RainToday,category_group,others,38,21,17,11.0,True,True,L1_Location=Walpole
3,L1_Location=Watsonia|L2_RainToday=rain_today_no,L1_Location=Watsonia,2,L2_RainToday,category_group,rain_today_no,1816,393,255,,False,False,L1_Location=Watsonia|L2_RainToday=rain_today_no
3,L1_Location=Watsonia|L2_RainToday=rain_today_yes,L1_Location=Watsonia,2,L2_RainToday,category_group,rain_today_yes,569,391,178,,False,False,L1_Location=Watsonia|L2_RainToday=rain_today_yes
3,L1_Location=Watsonia|L2_RainToday=others,L1_Location=Watsonia,2,L2_RainToday,category_group,others,8,7,1,1.0,True,True,ROOT
3,L1_Location=Williamtown|L2_RainToday=rain_today_no,L1_Location=Williamtown,2,L2_RainToday,category_group,rain_today_no,1379,266,415,,False,False,L1_Location=Williamtown|L2_RainToday=rain_today_no
3,L1_Location=Williamtown|L2_RainToday=rain_today_yes,L1_Location=Williamtown,2,L2_RainToday,category_group,rain_today_yes,500,330,170,135.0,True,False,L1_Location=Williamtown|L2_RainToday=rain_today_yes
3,L1_Location=Williamtown|L2_RainToday=others,L1_Location=Williamtown,2,L2_RainToday,category_group,others,137,96,41,40.0,True,True,ROOT
3,L1_Location=Witchcliffe|L2_RainToday=rain_today_no,L1_Location=Witchcliffe,2,L2_RainToday,category_group,rain_today_no,1648,226,229,,False,True,L1_Location=Witchcliffe
3,L1_Location=Witchcliffe|L2_RainToday=rain_today_yes,L1_Location=Witchcliffe,2,L2_RainToday,category_group,rain_today_yes,703,473,230,,False,False,L1_Location=Witchcliffe|L2_RainToday=rain_today_yes
3,L1_Location=Witchcliffe|L2_RainToday=others,L1_Location=Witchcliffe,2,L2_RainToday,category_group,others,25,16,9,3.0,True,True,L1_Location=Witchcliffe
3,L1_Location=Wollongong|L2_RainToday=rain_today_no,L1_Location=Wollongong,2,L2_RainToday,category_group,rain_today_no,1781,389,527,,False,True,ROOT
3,L1_Location=Wollongong|L2_RainToday=rain_today_yes,L1_Location=Wollongong,2,L2_RainToday,category_group,rain_today_yes,580,396,184,,False,False,L1_Location=Wollongong|L2_RainToday=rain_today_yes
3,L1_Location=Wollongong|L2_RainToday=others,L1_Location=Wollongong,2,L2_RainToday,category_group,others,29,23,6,11.0,True,True,ROOT
3,L1_Location=Woomera|L2_RainToday=rain_today_no,L1_Location=Woomera,2,L2_RainToday,category_group,rain_today_no,2201,536,219,,False,False,L1_Location=Woomera|L2_RainToday=rain_today_no
3,L1_Location=Woomera|L2_RainToday=others,L1_Location=Woomera,2,L2_RainToday,category_group,others,165,122,43,42.0,True,True,L1_Location=Woomera
3,L1_Location=Adelaide|L2_RainToday=rain_today_no|L3_Humidity3pm=hum_low,L1_Location=Adelaide|L2_RainToday=rain_today_no,3,L3_Humidity3pm,numeric_bin,hum_low,958,682,276,252.0,True,True,L1_Location=Adelaide|L2_RainToday=rain_today_no
3,L1_Location=Adelaide|L2_RainToday=rain_today_no|L3_Humidity3pm=hum_mid,L1_Location=Adelaide|L2_RainToday=rain_today_no,3,L3_Humidity3pm,numeric_bin,hum_mid,837,596,241,182.0,True,True,L1_Location=Adelaide|L2_RainToday=rain_today_no
3,L1_Location=Adelaide|L2_RainToday=rain_today_no|L3_Humidity3pm=others,L1_Location=Adelaide|L2_RainToday=rain_today_no,3,L3_Humidity3pm,numeric_bin,others,95,64,31,20.0,True,True,L1_Location=Adelaide|L2_RainToday=rain_today_no
3,L1_Location=Adelaide|L2_RainToday=rain_today_yes|L3_Humidity3pm=hum_mid,L1_Location=Adelaide|L2_RainToday=rain_today_yes,3,L3_Humidity3pm,numeric_bin,hum_mid,363,251,112,83.0,True,True,L1_Location=Adelaide|L2_RainToday=rain_today_yes
3,L1_Location=Adelaide|L2_RainToday=rain_today_yes|L3_Humidity3pm=others,L1_Location=Adelaide|L2_RainToday=rain_today_yes,3,L3_Humidity3pm,numeric_bin,others,185,121,64,45.0,True,True,L1_Location=Adelaide|L2_RainToday=rain_today_yes
3,L1_Location=Albany|L2_RainToday=rain_today_no|L3_Humidity3pm=hum_high,L1_Location=Albany|L2_RainToday=rain_today_no,3,L3_Humidity3pm,numeric_bin,hum_high,465,312,153,123.0,True,False,L1_Location=Albany|L2_RainToday=rain_today_no|L3_Humidity3pm=hum_high
3,L1_Location=Albany|L2_RainToday=rain_today_no|L3_Humidity3pm=hum_mid,L1_Location=Albany|L2_RainToday=rain_today_no,3,L3_Humidity3pm,numeric_bin,hum_mid,795,567,228,193.0,True,True,L1_Location=Albany|L2_RainToday=rain_today_no
3,L1_Location=Albany|L2_RainToday=rain_today_no|L3_Humidity3pm=unknown,L1_Location=Albany|L2_RainToday=rain_today_no,3,L3_Humidity3pm,numeric_bin,unknown,392,287,105,89.0,True,False,L1_Location=Albany|L2_RainToday=rain_today_no|L3_Humidity3pm=unknown
3,L1_Location=Albany|L2_RainToday=rain_today_no|L3_Humidity3pm=others,L1_Location=Albany|L2_RainToday=rain_today_no,3,L3_Humidity3pm,numeric_bin,others,40,29,11,6.0,True,True,L1_Location=Albany|L2_RainToday=rain_today_no
3,L1_Location=Albany|L2_RainToday=rain_today_yes|L3_Humidity3pm=hum_mid,L1_Location=Albany|L2_RainToday=rain_today_yes,3,L3_Humidity3pm,numeric_bin,hum_mid,302,225,77,77.0,True,True,L1_Location=Albany|L2_RainToday=rain_today_yes
3,L1_Location=Albany|L2_RainToday=rain_today_yes|L3_Humidity3pm=others,L1_Location=Albany|L2_RainToday=rain_today_yes,3,L3_Humidity3pm,numeric_bin,others,413,287,126,101.0,True,True,L1_Location=Albany|L2_RainToday=rain_today_yes
3,L1_Location=Albury|L2_RainToday=rain_today_no|L3_Humidity3pm=hum_low,L1_Location=Albury|L2_RainToday=rain_today_no,3,L3_Humidity3pm,numeric_bin,hum_low,832,574,258,244.0,True,True,L1_Location=Albury
3,L1_Location=Albury|L2_RainToday=rain_today_no|L3_Humidity3pm=hum_mid,L1_Location=Albury|L2_RainToday=rain_today_no,3,L3_Humidity3pm,numeric_bin,hum_mid,889,634,255,214.0,True,True,L1_Location=Albury
3,L1_Location=Albury|L2_RainToday=rain_today_no|L3_Humidity3pm=others,L1_Location=Albury|L2_RainToday=rain_today_no,3,L3_Humidity3pm,numeric_bin,others,158,114,44,39.0,True,True,L1_Location=Albury
3,L1_Location=AliceSprings|L2_RainToday=rain_today_no|L3_Humidity3pm=hum_low,L1_Location=AliceSprings|L2_RainToday=rain_today_no,3,L3_Humidity3pm,numeric_bin,hum_low,2107,1487,620,480.0,True,True,L1_Location=AliceSprings|L2_RainToday=rain_today_no
3,L1_Location=AliceSprings|L2_RainToday=rain_today_no|L3_Humidity3pm=others,L1_Location=AliceSprings|L2_RainToday=rain_today_no,3,L3_Humidity3pm,numeric_bin,others,154,113,41,43.0,True,True,L1_Location=AliceSprings|L2_RainToday=rain_today_no
3,L1_Location=BadgerysCreek|L2_RainToday=rain_today_no|L3_Humidity3pm=hum_low,L1_Location=BadgerysCreek|L2_RainToday=rain_today_no,3,L3_Humidity3pm,numeric_bin,hum_low,617,426,191,134.0,True,True,ROOT
3,L1_Location=BadgerysCreek|L2_RainToday=rain_today_no|L3_Humidity3pm=hum_mid,L1_Location=BadgerysCreek|L2_RainToday=rain_today_no,3,L3_Humidity3pm,numeric_bin,hum_mid,1061,721,340,278.0,True,True,ROOT
3,L1_Location=BadgerysCreek|L2_RainToday=rain_today_no|L3_Humidity3pm=others,L1_Location=BadgerysCreek|L2_RainToday=rain_today_no,3,L3_Humidity3pm,numeric_bin,others,168,122,46,47.0,True,True,ROOT
3,L1_Location=Ballarat|L2_RainToday=rain_today_no|L3_Humidity3pm=hum_high,L1_Location=Ballarat|L2_RainToday=rain_today_no,3,L3_Humidity3pm,numeric_bin,hum_high,398,292,106,96.0,True,False,L1_Location=Ballarat|L2_RainToday=rain_today_no|L3_Humidity3pm=hum_high
3,L1_Location=Ballarat|L2_RainToday=rain_today_no|L3_Humidity3pm=hum_low,L1_Location=Ballarat|L2_RainToday=rain_today_no,3,L3_Humidity3pm,numeric_bin,hum_low,555,397,158,121.0,True,True,L1_Location=Ballarat|L2_RainToday=rain_today_no
3,L1_Location=Ballarat|L2_RainToday=rain_today_no|L3_Humidity3pm=hum_mid,L1_Location=Ballarat|L2_RainToday=rain_today_no,3,L3_Humidity3pm,numeric_bin,hum_mid,824,567,257,241.0,True,True,L1_Location=Ballarat|L2_RainToday=rain_today_no
3,L1_Location=Ballarat|L2_RainToday=rain_today_no|L3_Humidity3pm=others,L1_Location=Ballarat|L2_RainToday=rain_today_no,3,L3_Humidity3pm,numeric_bin,others,3,2,1,1.0,True,True,L1_Location=Ballarat|L2_RainToday=rain_today_no
3,L1_Location=Ballarat|L2_RainToday=rain_today_yes|L3_Humidity3pm=hum_high,L1_Location=Ballarat|L2_RainToday=rain_today_yes,3,L3_Humidity3pm,numeric_bin,hum_high,352,264,88,90.0,True,True,ROOT
3,L1_Location=Ballarat|L2_RainToday=rain_today_yes|L3_Humidity3pm=others,L1_Location=Ballarat|L2_RainToday=rain_today_yes,3,L3_Humidity3pm,numeric_bin,others,273,188,85,63.0,True,True,ROOT
3,L1_Location=Bendigo|L2_RainToday=rain_today_no|L3_Humidity3pm=hum_low,L1_Location=Bendigo|L2_RainToday=rain_today_no,3,L3_Humidity3pm,numeric_bin,hum_low,940,677,263,254.0,True,True,L1_Location=Bendigo
3,L1_Location=Bendigo|L2_RainToday=rain_today_no|L3_Humidity3pm=hum_mid,L1_Location=Bendigo|L2_RainToday=rain_today_no,3,L3_Humidity3pm,numeric_bin,hum_mid,862,605,257,213.0,True,True,L1_Location=Bendigo
3,L1_Location=Bendigo|L2_RainToday=rain_today_no|L3_Humidity3pm=others,L1_Location=Bendigo|L2_RainToday=rain_today_no,3,L3_Humidity3pm,numeric_bin,others,154,111,43,45.0,True,True,L1_Location=Bendigo
3,L1_Location=Brisbane|L2_RainToday=rain_today_no|L3_Humidity3pm=hum_low,L1_Location=Brisbane|L2_RainToday=rain_today_no,3,L3_Humidity3pm,numeric_bin,hum_low,371,251,120,77.0,True,True,L1_Location=Brisbane|L2_RainToday=rain_today_no
3,L1_Location=Brisbane|L2_RainToday=rain_today_no|L3_Humidity3pm=hum_mid,L1_Location=Brisbane|L2_RainToday=rain_today_no,3,L3_Humidity3pm,numeric_bin,hum_mid,1443,992,451,393.0,True,True,L1_Location=Brisbane|L2_RainToday=rain_today_no
3,L1_Location=Brisbane|L2_RainToday=rain_today_no|L3_Humidity3pm=others,L1_Location=Brisbane|L2_RainToday=rain_today_no,3,L3_Humidity3pm,numeric_bin,others,112,72,40,32.0,True,True,L1_Location=Brisbane|L2_RainToday=rain_today_no
3,L1_Location=Brisbane|L2_RainToday=rain_today_yes|L3_Humidity3pm=hum_mid,L1_Location=Brisbane|L2_RainToday=rain_today_yes,3,L3_Humidity3pm,numeric_bin,hum_mid,355,247,108,80.0,True,True,L1_Location=Brisbane
3,L1_Location=Brisbane|L2_RainToday=rain_today_yes|L3_Humidity3pm=others,L1_Location=Brisbane|L2_RainToday=rain_today_yes,3,L3_Humidity3pm,numeric_bin,others,221,157,64,48.0,True,True,L1_Location=Brisbane
3,L1_Location=Cairns|L2_RainToday=rain_today_no|L3_Humidity3pm=hum_mid,L1_Location=Cairns|L2_RainToday=rain_today_no,3,L3_Humidity3pm,numeric_bin,hum_mid,1327,981,346,320.0,True,True,L1_Location=Cairns
3,L1_Location=Cairns|L2_RainToday=rain_today_no|L3_Humidity3pm=others,L1_Location=Cairns|L2_RainToday=rain_today_no,3,L3_Humidity3pm,numeric_bin,others,302,212,90,74.0,True,True,L1_Location=Cairns
3,L1_Location=Cairns|L2_RainToday=rain_today_yes|L3_Humidity3pm=hum_high,L1_Location=Cairns|L2_RainToday=rain_today_yes,3,L3_Humidity3pm,numeric_bin,hum_high,363,276,87,91.0,True,True,L1_Location=Cairns|L2_RainToday=rain_today_yes
3,L1_Location=Cairns|L2_RainToday=rain_today_yes|L3_Humidity3pm=hum_mid,L1_Location=Cairns|L2_RainToday=rain_today_yes,3,L3_Humidity3pm,numeric_bin,hum_mid,387,276,111,92.0,True,True,L1_Location=Cairns|L2_RainToday=rain_today_yes
3,L1_Location=Cairns|L2_RainToday=rain_today_yes|L3_Humidity3pm=others,L1_Location=Cairns|L2_RainToday=rain_today_yes,3,L3_Humidity3pm,numeric_bin,others,7,5,2,1.0,True,True,L1_Location=Cairns|L2_RainToday=rain_today_yes
3,L1_Location=Canberra|L2_RainToday=rain_today_no|L3_Humidity3pm=hum_low,L1_Location=Canberra|L2_RainToday=rain_today_no,3,L3_Humidity3pm,numeric_bin,hum_low,1036,725,311,235.0,True,True,L1_Location=Canberra|L2_RainToday=rain_today_no
3,L1_Location=Canberra|L2_RainToday=rain_today_no|L3_Humidity3pm=hum_mid,L1_Location=Canberra|L2_RainToday=rain_today_no,3,L3_Humidity3pm,numeric_bin,hum_mid,1075,760,315,254.0,True,True,L1_Location=Canberra|L2_RainToday=rain_today_no
3,L1_Location=Canberra|L2_RainToday=rain_today_no|L3_Humidity3pm=others,L1_Location=Canberra|L2_RainToday=rain_today_no,3,L3_Humidity3pm,numeric_bin,others,141,98,43,37.0,True,True,L1_Location=Canberra|L2_RainToday=rain_today_no
3,L1_Location=Cobar|L2_RainToday=rain_today_no|L3_Humidity3pm=hum_low,L1_Location=Cobar|L2_RainToday=rain_today_no,3,L3_Humidity3pm,numeric_bin,hum_low,1515,1048,467,390.0,True,True,L1_Location=Cobar
3,L1_Location=Cobar|L2_RainToday=rain_today_no|L3_Humidity3pm=hum_mid,L1_Location=Cobar|L2_RainToday=rain_today_no,3,L3_Humidity3pm,numeric_bin,hum_mid,411,277,134,107.0,True,True,L1_Location=Cobar
3,L1_Location=Cobar|L2_RainToday=rain_today_no|L3_Humidity3pm=others,L1_Location=Cobar|L2_RainToday=rain_today_no,3,L3_Humidity3pm,numeric_bin,others,140,93,47,33.0,True,True,L1_Location=Cobar
3,L1_Location=CoffsHarbour|L2_RainToday=rain_today_no|L3_Humidity3pm=hum_mid,L1_Location=CoffsHarbour|L2_RainToday=rain_today_no,3,L3_Humidity3pm,numeric_bin,hum_mid,1216,857,359,297.0,True,True,L1_Location=CoffsHarbour|L2_RainToday=rain_today_no
3,L1_Location=CoffsHarbour|L2_RainToday=rain_today_no|L3_Humidity3pm=others,L1_Location=CoffsHarbour|L2_RainToday=rain_today_no,3,L3_Humidity3pm,numeric_bin,others,443,314,129,119.0,True,True,L1_Location=CoffsHarbour|L2_RainToday=rain_today_no
3,L1_Location=CoffsHarbour|L2_RainToday=rain_today_yes|L3_Humidity3pm=hum_high,L1_Location=CoffsHarbour|L2_RainToday=rain_today_yes,3,L3_Humidity3pm,numeric_bin,hum_high,337,254,83,81.0,True,True,ROOT
3,L1_Location=CoffsHarbour|L2_RainToday=rain_today_yes|L3_Humidity3pm=hum_mid,L1_Location=CoffsHarbour|L2_RainToday=rain_today_yes,3,L3_Humidity3pm,numeric_bin,hum_mid,338,233,105,84.0,True,True,ROOT
3,L1_Location=CoffsHarbour|L2_RainToday=rain_today_yes|L3_Humidity3pm=others,L1_Location=CoffsHarbour|L2_RainToday=rain_today_yes,3,L3_Humidity3pm,numeric_bin,others,21,16,5,4.0,True,True,ROOT
3,L1_Location=Dartmoor|L2_RainToday=rain_today_no|L3_Humidity3pm=hum_high,L1_Location=Dartmoor|L2_RainToday=rain_today_no,3,L3_Humidity3pm,numeric_bin,hum_high,371,266,105,113.0,True,False,L1_Location=Dartmoor|L2_RainToday=rain_today_no|L3_Humidity3pm=hum_high
3,L1_Location=Dartmoor|L2_RainToday=rain_today_no|L3_Humidity3pm=hum_low,L1_Location=Dartmoor|L2_RainToday=rain_today_no,3,L3_Humidity3pm,numeric_bin,hum_low,305,202,103,89.0,True,True,ROOT
3,L1_Location=Dartmoor|L2_RainToday=rain_today_no|L3_Humidity3pm=hum_mid,L1_Location=Dartmoor|L2_RainToday=rain_today_no,3,L3_Humidity3pm,numeric_bin,hum_mid,840,575,265,203.0,True,True,ROOT
3,L1_Location=Dartmoor|L2_RainToday=rain_today_no|L3_Humidity3pm=others,L1_Location=Dartmoor|L2_RainToday=rain_today_no,3,L3_Humidity3pm,numeric_bin,others,85,55,30,12.0,True,True,ROOT
3,L1_Location=Dartmoor|L2_RainToday=rain_today_yes|L3_Humidity3pm=hum_high,L1_Location=Dartmoor|L2_RainToday=rain_today_yes,3,L3_Humidity3pm,numeric_bin,hum_high,410,284,126,131.0,True,False,L1_Location=Dartmoor|L2_RainToday=rain_today_yes|L3_Humidity3pm=hum_high
3,L1_Location=Dartmoor|L2_RainToday=rain_today_yes|L3_Humidity3pm=others,L1_Location=Dartmoor|L2_RainToday=rain_today_yes,3,L3_Humidity3pm,numeric_bin,others,305,215,90,75.0,True,True,L1_Location=Dartmoor|L2_RainToday=rain_today_yes
3,L1_Location=Darwin|L2_RainToday=rain_today_no|L3_Humidity3pm=hum_low,L1_Location=Darwin|L2_RainToday=rain_today_no,3,L3_Humidity3pm,numeric_bin,hum_low,687,503,184,174.0,True,True,L1_Location=Darwin|L2_RainToday=rain_today_no
3,L1_Location=Darwin|L2_RainToday=rain_today_no|L3_Humidity3pm=hum_mid,L1_Location=Darwin|L2_RainToday=rain_today_no,3,L3_Humidity3pm,numeric_bin,hum_mid,1075,748,327,274.0,True,True,L1_Location=Darwin|L2_RainToday=rain_today_no
3,L1_Location=Darwin|L2_RainToday=rain_today_no|L3_Humidity3pm=others,L1_Location=Darwin|L2_RainToday=rain_today_no,3,L3_Humidity3pm,numeric_bin,others,108,71,37,22.0,True,True,L1_Location=Darwin|L2_RainToday=rain_today_no
3,L1_Location=Darwin|L2_RainToday=rain_today_yes|L3_Humidity3pm=hum_mid,L1_Location=Darwin|L2_RainToday=rain_today_yes,3,L3_Humidity3pm,numeric_bin,hum_mid,390,267,123,100.0,True,True,L1_Location=Darwin
3,L1_Location=Darwin|L2_RainToday=rain_today_yes|L3_Humidity3pm=others,L1_Location=Darwin|L2_RainToday=rain_today_yes,3,L3_Humidity3pm,numeric_bin,others,295,197,98,67.0,True,True,L1_Location=Darwin
3,L1_Location=GoldCoast|L2_RainToday=rain_today_no|L3_Humidity3pm=hum_mid,L1_Location=GoldCoast|L2_RainToday=rain_today_no,3,L3_Humidity3pm,numeric_bin,hum_mid,1305,932,373,308.0,True,True,L1_Location=GoldCoast|L2_RainToday=rain_today_no
3,L1_Location=GoldCoast|L2_RainToday=rain_today_no|L3_Humidity3pm=others,L1_Location=GoldCoast|L2_RainToday=rain_today_no,3,L3_Humidity3pm,numeric_bin,others,448,309,139,106.0,True,True,L1_Location=GoldCoast|L2_RainToday=rain_today_no
3,L1_Location=GoldCoast|L2_RainToday=rain_today_yes|L3_Humidity3pm=hum_high,L1_Location=GoldCoast|L2_RainToday=rain_today_yes,3,L3_Humidity3pm,numeric_bin,hum_high,306,216,90,90.0,True,True,L1_Location=GoldCoast
3,L1_Location=GoldCoast|L2_RainToday=rain_today_yes|L3_Humidity3pm=others,L1_Location=GoldCoast|L2_RainToday=rain_today_yes,3,L3_Humidity3pm,numeric_bin,others,287,201,86,74.0,True,True,L1_Location=GoldCoast
3,L1_Location=Hobart|L2_RainToday=rain_today_no|L3_Humidity3pm=hum_low,L1_Location=Hobart|L2_RainToday=rain_today_no,3,L3_Humidity3pm,numeric_bin,hum_low,446,310,136,94.0,True,True,L1_Location=Hobart|L2_RainToday=rain_today_no
3,L1_Location=Hobart|L2_RainToday=rain_today_no|L3_Humidity3pm=hum_mid,L1_Location=Hobart|L2_RainToday=rain_today_no,3,L3_Humidity3pm,numeric_bin,hum_mid,1316,942,374,308.0,True,True,L1_Location=Hobart|L2_RainToday=rain_today_no
3,L1_Location=Hobart|L2_RainToday=rain_today_no|L3_Humidity3pm=others,L1_Location=Hobart|L2_RainToday=rain_today_no,3,L3_Humidity3pm,numeric_bin,others,211,133,78,46.0,True,True,L1_Location=Hobart|L2_RainToday=rain_today_no
3,L1_Location=Hobart|L2_RainToday=rain_today_yes|L3_Humidity3pm=hum_mid,L1_Location=Hobart|L2_RainToday=rain_today_yes,3,L3_Humidity3pm,numeric_bin,hum_mid,341,230,111,94.0,True,True,ROOT
3,L1_Location=Hobart|L2_RainToday=rain_today_yes|L3_Humidity3pm=others,L1_Location=Hobart|L2_RainToday=rain_today_yes,3,L3_Humidity3pm,numeric_bin,others,270,180,90,57.0,True,True,ROOT
3,L1_Location=Katherine|L2_RainToday=rain_today_no|L3_Humidity3pm=hum_low,L1_Location=Katherine|L2_RainToday=rain_today_no,3,L3_Humidity3pm,numeric_bin,hum_low,318,225,93,,True,True,L1_Location=Katherine|L2_RainToday=rain_today_no
3,L1_Location=Katherine|L2_RainToday=rain_today_no|L3_Humidity3pm=unknown,L1_Location=Katherine|L2_RainToday=rain_today_no,3,L3_Humidity3pm,numeric_bin,unknown,535,361,174,,True,False,L1_Location=Katherine|L2_RainToday=rain_today_no|L3_Humidity3pm=unknown
3,L1_Location=Katherine|L2_RainToday=rain_today_no|L3_Humidity3pm=others,L1_Location=Katherine|L2_RainToday=rain_today_no,3,L3_Humidity3pm,numeric_bin,others,186,127,59,,True,True,L1_Location=Katherine|L2_RainToday=rain_today_no
3,L1_Location=Launceston|L2_RainToday=rain_today_no|L3_Humidity3pm=hum_high,L1_Location=Launceston|L2_RainToday=rain_today_no,3,L3_Humidity3pm,numeric_bin,hum_high,328,229,99,70.0,True,True,L1_Location=Launceston|L2_RainToday=rain_today_no
3,L1_Location=Launceston|L2_RainToday=rain_today_no|L3_Humidity3pm=hum_low,L1_Location=Launceston|L2_RainToday=rain_today_no,3,L3_Humidity3pm,numeric_bin,hum_low,389,284,105,92.0,True,True,L1_Location=Launceston|L2_RainToday=rain_today_no
3,L1_Location=Launceston|L2_RainToday=rain_today_no|L3_Humidity3pm=hum_mid,L1_Location=Launceston|L2_RainToday=rain_today_no,3,L3_Humidity3pm,numeric_bin,hum_mid,1140,829,311,301.0,True,True,L1_Location=Launceston|L2_RainToday=rain_today_no
3,L1_Location=Launceston|L2_RainToday=rain_today_no|L3_Humidity3pm=others,L1_Location=Launceston|L2_RainToday=rain_today_no,3,L3_Humidity3pm,numeric_bin,others,3,2,1,,True,True,L1_Location=Launceston|L2_RainToday=rain_today_no
3,L1_Location=Melbourne|L2_RainToday=rain_today_no|L3_Humidity3pm=hum_low,L1_Location=Melbourne|L2_RainToday=rain_today_no,3,L3_Humidity3pm,numeric_bin,hum_low,391,284,107,,True,False,L1_Location=Melbourne|L2_RainToday=rain_today_no|L3_Humidity3pm=hum_low
3,L1_Location=Melbourne|L2_RainToday=rain_today_no|L3_Humidity3pm=hum_mid,L1_Location=Melbourne|L2_RainToday=rain_today_no,3,L3_Humidity3pm,numeric_bin,hum_mid,850,612,238,,True,True,L1_Location=Melbourne|L2_RainToday=rain_today_no
3,L1_Location=Melbourne|L2_RainToday=rain_today_no|L3_Humidity3pm=others,L1_Location=Melbourne|L2_RainToday=rain_today_no,3,L3_Humidity3pm,numeric_bin,others,125,92,33,,True,True,L1_Location=Melbourne|L2_RainToday=rain_today_no
3,L1_Location=Melbourne|L2_RainToday=rain_today_yes|L3_Humidity3pm=hum_mid,L1_Location=Melbourne|L2_RainToday=rain_today_yes,3,L3_Humidity3pm,numeric_bin,hum_mid,312,236,76,,True,True,L1_Location=Melbourne|L2_RainToday=rain_today_yes
3,L1_Location=Melbourne|L2_RainToday=rain_today_yes|L3_Humidity3pm=others,L1_Location=Melbourne|L2_RainToday=rain_today_yes,3,L3_Humidity3pm,numeric_bin,others,150,104,46,,True,True,L1_Location=Melbourne|L2_RainToday=rain_today_yes
3,L1_Location=MelbourneAirport|L2_RainToday=rain_today_no|L3_Humidity3pm=hum_low,L1_Location=MelbourneAirport|L2_RainToday=rain_today_no,3,L3_Humidity3pm,numeric_bin,hum_low,585,425,160,145.0,True,True,L1_Location=MelbourneAirport|L2_RainToday=rain_today_no
3,L1_Location=MelbourneAirport|L2_RainToday=rain_today_no|L3_Humidity3pm=hum_mid,L1_Location=MelbourneAirport|L2_RainToday=rain_today_no,3,L3_Humidity3pm,numeric_bin,hum_mid,1120,791,329,257.0,True,True,L1_Location=MelbourneAirport|L2_RainToday=rain_today_no
3,L1_Location=MelbourneAirport|L2_RainToday=rain_today_no|L3_Humidity3pm=others,L1_Location=MelbourneAirport|L2_RainToday=rain_today_no,3,L3_Humidity3pm,numeric_bin,others,205,144,61,44.0,True,True,L1_Location=MelbourneAirport|L2_RainToday=rain_today_no
3,L1_Location=MelbourneAirport|L2_RainToday=rain_today_yes|L3_Humidity3pm=hum_mid,L1_Location=MelbourneAirport|L2_RainToday=rain_today_yes,3,L3_Humidity3pm,numeric_bin,hum_mid,323,238,85,88.0,True,True,L1_Location=MelbourneAirport|L2_RainToday=rain_today_yes
3,L1_Location=MelbourneAirport|L2_RainToday=rain_today_yes|L3_Humidity3pm=others,L1_Location=MelbourneAirport|L2_RainToday=rain_today_yes,3,L3_Humidity3pm,numeric_bin,others,196,138,58,46.0,True,True,L1_Location=MelbourneAirport|L2_RainToday=rain_today_yes
3,L1_Location=Mildura|L2_RainToday=rain_today_no|L3_Humidity3pm=hum_low,L1_Location=Mildura|L2_RainToday=rain_today_no,3,L3_Humidity3pm,numeric_bin,hum_low,1508,1071,437,388.0,True,True,L1_Location=Mildura
3,L1_Location=Mildura|L2_RainToday=rain_today_no|L3_Humidity3pm=hum_mid,L1_Location=Mildura|L2_RainToday=rain_today_no,3,L3_Humidity3pm,numeric_bin,hum_mid,564,388,176,138.0,True,True,L1_Location=Mildura
3,L1_Location=Mildura|L2_RainToday=rain_today_no|L3_Humidity3pm=others,L1_Location=Mildura|L2_RainToday=rain_today_no,3,L3_Humidity3pm,numeric_bin,others,63,48,15,18.0,True,True,L1_Location=Mildura
3,L1_Location=Moree|L2_RainToday=rain_today_no|L3_Humidity3pm=hum_low,L1_Location=Moree|L2_RainToday=rain_today_no,3,L3_Humidity3pm,numeric_bin,hum_low,1489,1080,409,394.0,True,True,L1_Location=Moree|L2_RainToday=rain_today_no
3,L1_Location=Moree|L2_RainToday=rain_today_no|L3_Humidity3pm=hum_mid,L1_Location=Moree|L2_RainToday=rain_today_no,3,L3_Humidity3pm,numeric_bin,hum_mid,351,231,120,90.0,True,True,L1_Location=Moree|L2_RainToday=rain_today_no
3,L1_Location=Moree|L2_RainToday=rain_today_no|L3_Humidity3pm=others,L1_Location=Moree|L2_RainToday=rain_today_no,3,L3_Humidity3pm,numeric_bin,others,67,38,29,18.0,True,True,L1_Location=Moree|L2_RainToday=rain_today_no
3,L1_Location=MountGambier|L2_RainToday=rain_today_no|L3_Humidity3pm=hum_low,L1_Location=MountGambier|L2_RainToday=rain_today_no,3,L3_Humidity3pm,numeric_bin,hum_low,437,301,136,128.0,True,True,L1_Location=MountGambier
3,L1_Location=MountGambier|L2_RainToday=rain_today_no|L3_Humidity3pm=hum_mid,L1_Location=MountGambier|L2_RainToday=rain_today_no,3,L3_Humidity3pm,numeric_bin,hum_mid,912,633,279,250.0,True,True,L1_Location=MountGambier
3,L1_Location=MountGambier|L2_RainToday=rain_today_no|L3_Humidity3pm=others,L1_Location=MountGambier|L2_RainToday=rain_today_no,3,L3_Humidity3pm,numeric_bin,others,301,216,85,75.0,True,True,L1_Location=MountGambier
3,L1_Location=MountGambier|L2_RainToday=rain_today_yes|L3_Humidity3pm=hum_high,L1_Location=MountGambier|L2_RainToday=rain_today_yes,3,L3_Humidity3pm,numeric_bin,hum_high,315,234,81,84.0,True,True,L1_Location=MountGambier|L2_RainToday=rain_today_yes
3,L1_Location=MountGambier|L2_RainToday=rain_today_yes|L3_Humidity3pm=hum_mid,L1_Location=MountGambier|L2_RainToday=rain_today_yes,3,L3_Humidity3pm,numeric_bin,hum_mid,393,279,114,101.0,True,True,L1_Location=MountGambier|L2_RainToday=rain_today_yes
3,L1_Location=MountGambier|L2_RainToday=rain_today_yes|L3_Humidity3pm=others,L1_Location=MountGambier|L2_RainToday=rain_today_yes,3,L3_Humidity3pm,numeric_bin,others,18,11,7,8.0,True,True,L1_Location=MountGambier|L2_RainToday=rain_today_yes
3,L1_Location=MountGinini|L2_RainToday=rain_today_no|L3_Humidity3pm=hum_high,L1_Location=MountGinini|L2_RainToday=rain_today_no,3,L3_Humidity3pm,numeric_bin,hum_high,586,415,171,137.0,True,True,L1_Location=MountGinini
3,L1_Location=MountGinini|L2_RainToday=rain_today_no|L3_Humidity3pm=hum_mid,L1_Location=MountGinini|L2_RainToday=rain_today_no,3,L3_Humidity3pm,numeric_bin,hum_mid,721,528,193,175.0,True,True,L1_Location=MountGinini
3,L1_Location=MountGinini|L2_RainToday=rain_today_no|L3_Humidity3pm=others,L1_Location=MountGinini|L2_RainToday=rain_today_no,3,L3_Humidity3pm,numeric_bin,others,328,245,83,88.0,True,True,L1_Location=MountGinini
3,L1_Location=MountGinini|L2_RainToday=rain_today_yes|L3_Humidity3pm=hum_high,L1_Location=MountGinini|L2_RainToday=rain_today_yes,3,L3_Humidity3pm,numeric_bin,hum_high,413,279,134,118.0,True,False,L1_Location=MountGinini|L2_RainToday=rain_today_yes|L3_Humidity3pm=hum_high
3,L1_Location=MountGinini|L2_RainToday=rain_today_yes|L3_Humidity3pm=others,L1_Location=MountGinini|L2_RainToday=rain_today_yes,3,L3_Humidity3pm,numeric_bin,others,204,152,52,46.0,True,True,L1_Location=MountGinini|L2_RainToday=rain_today_yes
3,L1_Location=Newcastle|L2_RainToday=rain_today_no|L3_Humidity3pm=hum_mid,L1_Location=Newcastle|L2_RainToday=rain_today_no,3,L3_Humidity3pm,numeric_bin,hum_mid,830,558,272,181.0,True,True,ROOT
3,L1_Location=Newcastle|L2_RainToday=rain_today_no|L3_Humidity3pm=unknown,L1_Location=Newcastle|L2_RainToday=rain_today_no,3,L3_Humidity3pm,numeric_bin,unknown,517,351,166,132.0,True,True,ROOT
3,L1_Location=Newcastle|L2_RainToday=rain_today_no|L3_Humidity3pm=others,L1_Location=Newcastle|L2_RainToday=rain_today_no,3,L3_Humidity3pm,numeric_bin,others,445,300,145,103.0,True,True,ROOT
3,L1_Location=Nhil|L2_RainToday=rain_today_no|L3_Humidity3pm=hum_low,L1_Location=Nhil|L2_RainToday=rain_today_no,3,L3_Humidity3pm,numeric_bin,hum_low,557,387,170,,True,True,L1_Location=Nhil|L2_RainToday=rain_today_no
3,L1_Location=Nhil|L2_RainToday=rain_today_no|L3_Humidity3pm=hum_mid,L1_Location=Nhil|L2_RainToday=rain_today_no,3,L3_Humidity3pm,numeric_bin,hum_mid,409,273,136,,True,True,L1_Location=Nhil|L2_RainToday=rain_today_no
3,L1_Location=Nhil|L2_RainToday=rain_today_no|L3_Humidity3pm=others,L1_Location=Nhil|L2_RainToday=rain_today_no,3,L3_Humidity3pm,numeric_bin,others,100,64,36,,True,True,L1_Location=Nhil|L2_RainToday=rain_today_no
3,L1_Location=NorahHead|L2_RainToday=rain_today_no|L3_Humidity3pm=hum_high,L1_Location=NorahHead|L2_RainToday=rain_today_no,3,L3_Humidity3pm,numeric_bin,hum_high,648,459,189,170.0,True,True,ROOT
3,L1_Location=NorahHead|L2_RainToday=rain_today_no|L3_Humidity3pm=hum_mid,L1_Location=NorahHead|L2_RainToday=rain_today_no,3,L3_Humidity3pm,numeric_bin,hum_mid,880,632,248,235.0,True,True,ROOT
3,L1_Location=NorahHead|L2_RainToday=rain_today_no|L3_Humidity3pm=others,L1_Location=NorahHead|L2_RainToday=rain_today_no,3,L3_Humidity3pm,numeric_bin,others,118,80,38,42.0,True,True,ROOT
3,L1_Location=NorahHead|L2_RainToday=rain_today_yes|L3_Humidity3pm=hum_high,L1_Location=NorahHead|L2_RainToday=rain_today_yes,3,L3_Humidity3pm,numeric_bin,hum_high,394,280,114,109.0,True,False,L1_Location=NorahHead|L2_RainToday=rain_today_yes|L3_Humidity3pm=hum_high
3,L1_Location=NorahHead|L2_RainToday=rain_today_yes|L3_Humidity3pm=others,L1_Location=NorahHead|L2_RainToday=rain_today_yes,3,L3_Humidity3pm,numeric_bin,others,239,164,75,53.0,True,True,L1_Location=NorahHead|L2_RainToday=rain_today_yes
3,L1_Location=NorfolkIsland|L2_RainToday=rain_today_no|L3_Humidity3pm=hum_high,L1_Location=NorfolkIsland|L2_RainToday=rain_today_no,3,L3_Humidity3pm,numeric_bin,hum_high,519,377,142,121.0,True,False,L1_Location=NorfolkIsland|L2_RainToday=rain_today_no|L3_Humidity3pm=hum_high
3,L1_Location=NorfolkIsland|L2_RainToday=rain_today_no|L3_Humidity3pm=hum_mid,L1_Location=NorfolkIsland|L2_RainToday=rain_today_no,3,L3_Humidity3pm,numeric_bin,hum_mid,1134,788,346,256.0,True,True,ROOT
3,L1_Location=NorfolkIsland|L2_RainToday=rain_today_no|L3_Humidity3pm=others,L1_Location=NorfolkIsland|L2_RainToday=rain_today_no,3,L3_Humidity3pm,numeric_bin,others,2,1,1,,True,True,ROOT
3,L1_Location=NorfolkIsland|L2_RainToday=rain_today_yes|L3_Humidity3pm=hum_high,L1_Location=NorfolkIsland|L2_RainToday=rain_today_yes,3,L3_Humidity3pm,numeric_bin,hum_high,394,273,121,81.0,True,False,L1_Location=NorfolkIsland|L2_RainToday=rain_today_yes|L3_Humidity3pm=hum_high
3,L1_Location=NorfolkIsland|L2_RainToday=rain_today_yes|L3_Humidity3pm=hum_mid,L1_Location=NorfolkIsland|L2_RainToday=rain_today_yes,3,L3_Humidity3pm,numeric_bin,hum_mid,353,241,112,84.0,True,True,ROOT
3,L1_Location=Nuriootpa|L2_RainToday=rain_today_no|L3_Humidity3pm=hum_low,L1_Location=Nuriootpa|L2_RainToday=rain_today_no,3,L3_Humidity3pm,numeric_bin,hum_low,990,686,304,287.0,True,True,L1_Location=Nuriootpa
3,L1_Location=Nuriootpa|L2_RainToday=rain_today_no|L3_Humidity3pm=hum_mid,L1_Location=Nuriootpa|L2_RainToday=rain_today_no,3,L3_Humidity3pm,numeric_bin,hum_mid,724,509,215,187.0,True,True,L1_Location=Nuriootpa
3,L1_Location=Nuriootpa|L2_RainToday=rain_today_no|L3_Humidity3pm=others,L1_Location=Nuriootpa|L2_RainToday=rain_today_no,3,L3_Humidity3pm,numeric_bin,others,181,129,52,39.0,True,True,L1_Location=Nuriootpa
3,L1_Location=PearceRAAF|L2_RainToday=rain_today_no|L3_Humidity3pm=hum_low,L1_Location=PearceRAAF|L2_RainToday=rain_today_no,3,L3_Humidity3pm,numeric_bin,hum_low,1051,752,299,270.0,True,True,L1_Location=PearceRAAF|L2_RainToday=rain_today_no
3,L1_Location=PearceRAAF|L2_RainToday=rain_today_no|L3_Humidity3pm=hum_mid,L1_Location=PearceRAAF|L2_RainToday=rain_today_no,3,L3_Humidity3pm,numeric_bin,hum_mid,612,411,201,155.0,True,True,L1_Location=PearceRAAF|L2_RainToday=rain_today_no
3,L1_Location=PearceRAAF|L2_RainToday=rain_today_no|L3_Humidity3pm=others,L1_Location=PearceRAAF|L2_RainToday=rain_today_no,3,L3_Humidity3pm,numeric_bin,others,62,44,18,22.0,True,True,L1_Location=PearceRAAF|L2_RainToday=rain_today_no
3,L1_Location=Penrith|L2_RainToday=rain_today_no|L3_Humidity3pm=hum_low,L1_Location=Penrith|L2_RainToday=rain_today_no,3,L3_Humidity3pm,numeric_bin,hum_low,849,583,266,186.0,True,True,ROOT
3,L1_Location=Penrith|L2_RainToday=rain_today_no|L3_Humidity3pm=hum_mid,L1_Location=Penrith|L2_RainToday=rain_today_no,3,L3_Humidity3pm,numeric_bin,hum_mid,840,580,260,219.0,True,True,ROOT
3,L1_Location=Penrith|L2_RainToday=rain_today_no|L3_Humidity3pm=others,L1_Location=Penrith|L2_RainToday=rain_today_no,3,L3_Humidity3pm,numeric_bin,others,187,124,63,49.0,True,True,ROOT
3,L1_Location=Perth|L2_RainToday=rain_today_no|L3_Humidity3pm=hum_low,L1_Location=Perth|L2_RainToday=rain_today_no,3,L3_Humidity3pm,numeric_bin,hum_low,809,565,244,212.0,True,True,L1_Location=Perth|L2_RainToday=rain_today_no
3,L1_Location=Perth|L2_RainToday=rain_today_no|L3_Humidity3pm=hum_mid,L1_Location=Perth|L2_RainToday=rain_today_no,3,L3_Humidity3pm,numeric_bin,hum_mid,1154,786,368,262.0,True,True,L1_Location=Perth|L2_RainToday=rain_today_no
3,L1_Location=Perth|L2_RainToday=rain_today_no|L3_Humidity3pm=others,L1_Location=Perth|L2_RainToday=rain_today_no,3,L3_Humidity3pm,numeric_bin,others,93,69,24,18.0,True,True,L1_Location=Perth|L2_RainToday=rain_today_no
3,L1_Location=Perth|L2_RainToday=rain_today_yes|L3_Humidity3pm=hum_mid,L1_Location=Perth|L2_RainToday=rain_today_yes,3,L3_Humidity3pm,numeric_bin,hum_mid,400,274,126,91.0,True,True,L1_Location=Perth
3,L1_Location=Perth|L2_RainToday=rain_today_yes|L3_Humidity3pm=others,L1_Location=Perth|L2_RainToday=rain_today_yes,3,L3_Humidity3pm,numeric_bin,others,125,81,44,29.0,True,True,L1_Location=Perth
3,L1_Location=PerthAirport|L2_RainToday=rain_today_no|L3_Humidity3pm=hum_low,L1_Location=PerthAirport|L2_RainToday=rain_today_no,3,L3_Humidity3pm,numeric_bin,hum_low,1125,821,304,273.0,True,True,L1_Location=PerthAirport
3,L1_Location=PerthAirport|L2_RainToday=rain_today_no|L3_Humidity3pm=hum_mid,L1_Location=PerthAirport|L2_RainToday=rain_today_no,3,L3_Humidity3pm,numeric_bin,hum_mid,755,528,227,203.0,True,True,L1_Location=PerthAirport
3,L1_Location=PerthAirport|L2_RainToday=rain_today_no|L3_Humidity3pm=others,L1_Location=PerthAirport|L2_RainToday=rain_today_no,3,L3_Humidity3pm,numeric_bin,others,66,44,22,20.0,True,True,L1_Location=PerthAirport
3,L1_Location=PerthAirport|L2_RainToday=rain_today_yes|L3_Humidity3pm=hum_mid,L1_Location=PerthAirport|L2_RainToday=rain_today_yes,3,L3_Humidity3pm,numeric_bin,hum_mid,327,217,110,78.0,True,True,L1_Location=PerthAirport
3,L1_Location=PerthAirport|L2_RainToday=rain_today_yes|L3_Humidity3pm=others,L1_Location=PerthAirport|L2_RainToday=rain_today_yes,3,L3_Humidity3pm,numeric_bin,others,126,80,46,36.0,True,True,L1_Location=PerthAirport
3,L1_Location=Portland|L2_RainToday=rain_today_no|L3_Humidity3pm=hum_high,L1_Location=Portland|L2_RainToday=rain_today_no,3,L3_Humidity3pm,numeric_bin,hum_high,408,277,131,110.0,True,False,L1_Location=Portland|L2_RainToday=rain_today_no|L3_Humidity3pm=hum_high
3,L1_Location=Portland|L2_RainToday=rain_today_no|L3_Humidity3pm=hum_mid,L1_Location=Portland|L2_RainToday=rain_today_no,3,L3_Humidity3pm,numeric_bin,hum_mid,956,661,295,248.0,True,False,L1_Location=Portland|L2_RainToday=rain_today_no|L3_Humidity3pm=hum_mid
3,L1_Location=Portland|L2_RainToday=rain_today_no|L3_Humidity3pm=others,L1_Location=Portland|L2_RainToday=rain_today_no,3,L3_Humidity3pm,numeric_bin,others,140,87,53,34.0,True,True,L1_Location=Portland
3,L1_Location=Portland|L2_RainToday=rain_today_yes|L3_Humidity3pm=hum_high,L1_Location=Portland|L2_RainToday=rain_today_yes,3,L3_Humidity3pm,numeric_bin,hum_high,465,328,137,115.0,True,False,L1_Location=Portland|L2_RainToday=rain_today_yes|L3_Humidity3pm=hum_high
3,L1_Location=Portland|L2_RainToday=rain_today_yes|L3_Humidity3pm=hum_mid,L1_Location=Portland|L2_RainToday=rain_today_yes,3,L3_Humidity3pm,numeric_bin,hum_mid,397,270,127,105.0,True,True,L1_Location=Portland|L2_RainToday=rain_today_yes
3,L1_Location=Portland|L2_RainToday=rain_today_yes|L3_Humidity3pm=others,L1_Location=Portland|L2_RainToday=rain_today_yes,3,L3_Humidity3pm,numeric_bin,others,5,3,2,1.0,True,True,L1_Location=Portland|L2_RainToday=rain_today_yes
3,L1_Location=Richmond|L2_RainToday=rain_today_no|L3_Humidity3pm=hum_low,L1_Location=Richmond|L2_RainToday=rain_today_no,3,L3_Humidity3pm,numeric_bin,hum_low,779,547,232,205.0,True,True,ROOT
3,L1_Location=Richmond|L2_RainToday=rain_today_no|L3_Humidity3pm=hum_mid,L1_Location=Richmond|L2_RainToday=rain_today_no,3,L3_Humidity3pm,numeric_bin,hum_mid,915,617,298,245.0,True,True,ROOT
3,L1_Location=Richmond|L2_RainToday=rain_today_no|L3_Humidity3pm=others,L1_Location=Richmond|L2_RainToday=rain_today_no,3,L3_Humidity3pm,numeric_bin,others,171,120,51,36.0,True,True,ROOT
3,L1_Location=Sale|L2_RainToday=rain_today_no|L3_Humidity3pm=hum_low,L1_Location=Sale|L2_RainToday=rain_today_no,3,L3_Humidity3pm,numeric_bin,hum_low,319,236,83,70.0,True,True,L1_Location=Sale
3,L1_Location=Sale|L2_RainToday=rain_today_no|L3_Humidity3pm=hum_mid,L1_Location=Sale|L2_RainToday=rain_today_no,3,L3_Humidity3pm,numeric_bin,hum_mid,1308,905,403,303.0,True,True,L1_Location=Sale
3,L1_Location=Sale|L2_RainToday=rain_today_no|L3_Humidity3pm=others,L1_Location=Sale|L2_RainToday=rain_today_no,3,L3_Humidity3pm,numeric_bin,others,265,187,78,86.0,True,True,L1_Location=Sale
3,L1_Location=Sale|L2_RainToday=rain_today_yes|L3_Humidity3pm=hum_mid,L1_Location=Sale|L2_RainToday=rain_today_yes,3,L3_Humidity3pm,numeric_bin,hum_mid,324,223,101,68.0,True,True,L1_Location=Sale
3,L1_Location=Sale|L2_RainToday=rain_today_yes|L3_Humidity3pm=others,L1_Location=Sale|L2_RainToday=rain_today_yes,3,L3_Humidity3pm,numeric_bin,others,197,142,55,52.0,True,True,L1_Location=Sale
3,L1_Location=SalmonGums|L2_RainToday=rain_today_no|L3_Humidity3pm=hum_low,L1_Location=SalmonGums|L2_RainToday=rain_today_no,3,L3_Humidity3pm,numeric_bin,hum_low,1235,866,369,320.0,True,True,ROOT
3,L1_Location=SalmonGums|L2_RainToday=rain_today_no|L3_Humidity3pm=hum_mid,L1_Location=SalmonGums|L2_RainToday=rain_today_no,3,L3_Humidity3pm,numeric_bin,hum_mid,620,415,205,185.0,True,True,ROOT
3,L1_Location=SalmonGums|L2_RainToday=rain_today_no|L3_Humidity3pm=others,L1_Location=SalmonGums|L2_RainToday=rain_today_no,3,L3_Humidity3pm,numeric_bin,others,95,64,31,17.0,True,True,ROOT
3,L1_Location=Sydney|L2_RainToday=rain_today_no|L3_Humidity3pm=hum_low,L1_Location=Sydney|L2_RainToday=rain_today_no,3,L3_Humidity3pm,numeric_bin,hum_low,496,337,159,107.0,True,True,L1_Location=Sydney
3,L1_Location=Sydney|L2_RainToday=rain_today_no|L3_Humidity3pm=hum_mid,L1_Location=Sydney|L2_RainToday=rain_today_no,3,L3_Humidity3pm,numeric_bin,hum_mid,1323,934,389,342.0,True,True,L1_Location=Sydney
3,L1_Location=Sydney|L2_RainToday=rain_today_no|L3_Humidity3pm=others,L1_Location=Sydney|L2_RainToday=rain_today_no,3,L3_Humidity3pm,numeric_bin,others,154,111,43,43.0,True,True,L1_Location=Sydney
3,L1_Location=Sydney|L2_RainToday=rain_today_yes|L3_Humidity3pm=hum_mid,L1_Location=Sydney|L2_RainToday=rain_today_yes,3,L3_Humidity3pm,numeric_bin,hum_mid,395,279,116,108.0,True,True,L1_Location=Sydney|L2_RainToday=rain_today_yes
3,L1_Location=Sydney|L2_RainToday=rain_today_yes|L3_Humidity3pm=others,L1_Location=Sydney|L2_RainToday=rain_today_yes,3,L3_Humidity3pm,numeric_bin,others,294,199,95,69.0,True,True,L1_Location=Sydney|L2_RainToday=rain_today_yes
3,L1_Location=SydneyAirport|L2_RainToday=rain_today_no|L3_Humidity3pm=hum_low,L1_Location=SydneyAirport|L2_RainToday=rain_today_no,3,L3_Humidity3pm,numeric_bin,hum_low,523,363,160,117.0,True,True,L1_Location=SydneyAirport|L2_RainToday=rain_today_no
3,L1_Location=SydneyAirport|L2_RainToday=rain_today_no|L3_Humidity3pm=hum_mid,L1_Location=SydneyAirport|L2_RainToday=rain_today_no,3,L3_Humidity3pm,numeric_bin,hum_mid,1069,757,312,248.0,True,True,L1_Location=SydneyAirport|L2_RainToday=rain_today_no
3,L1_Location=SydneyAirport|L2_RainToday=rain_today_no|L3_Humidity3pm=others,L1_Location=SydneyAirport|L2_RainToday=rain_today_no,3,L3_Humidity3pm,numeric_bin,others,213,148,65,59.0,True,True,L1_Location=SydneyAirport|L2_RainToday=rain_today_no
3,L1_Location=SydneyAirport|L2_RainToday=rain_today_yes|L3_Humidity3pm=hum_mid,L1_Location=SydneyAirport|L2_RainToday=rain_today_yes,3,L3_Humidity3pm,numeric_bin,hum_mid,300,218,82,87.0,True,True,L1_Location=SydneyAirport|L2_RainToday=rain_today_yes
3,L1_Location=SydneyAirport|L2_RainToday=rain_today_yes|L3_Humidity3pm=others,L1_Location=SydneyAirport|L2_RainToday=rain_today_yes,3,L3_Humidity3pm,numeric_bin,others,315,225,90,70.0,True,True,L1_Location=SydneyAirport|L2_RainToday=rain_today_yes
3,L1_Location=Townsville|L2_RainToday=rain_today_no|L3_Humidity3pm=hum_mid,L1_Location=Townsville|L2_RainToday=rain_today_no,3,L3_Humidity3pm,numeric_bin,hum_mid,1685,1172,513,401.0,True,True,L1_Location=Townsville
3,L1_Location=Townsville|L2_RainToday=rain_today_no|L3_Humidity3pm=others,L1_Location=Townsville|L2_RainToday=rain_today_no,3,L3_Humidity3pm,numeric_bin,others,339,234,105,84.0,True,True,L1_Location=Townsville
3,L1_Location=Tuggeranong|L2_RainToday=rain_today_no|L3_Humidity3pm=hum_low,L1_Location=Tuggeranong|L2_RainToday=rain_today_no,3,L3_Humidity3pm,numeric_bin,hum_low,831,587,244,202.0,True,True,ROOT
3,L1_Location=Tuggeranong|L2_RainToday=rain_today_no|L3_Humidity3pm=hum_mid,L1_Location=Tuggeranong|L2_RainToday=rain_today_no,3,L3_Humidity3pm,numeric_bin,hum_mid,942,681,261,266.0,True,True,ROOT
3,L1_Location=Tuggeranong|L2_RainToday=rain_today_no|L3_Humidity3pm=others,L1_Location=Tuggeranong|L2_RainToday=rain_today_no,3,L3_Humidity3pm,numeric_bin,others,120,83,37,36.0,True,True,ROOT
3,L1_Location=Uluru|L2_RainToday=rain_today_no|L3_Humidity3pm=hum_low,L1_Location=Uluru|L2_RainToday=rain_today_no,3,L3_Humidity3pm,numeric_bin,hum_low,1053,716,337,,True,False,L1_Location=Uluru|L2_RainToday=rain_today_no|L3_Humidity3pm=hum_low
3,L1_Location=Uluru|L2_RainToday=rain_today_no|L3_Humidity3pm=others,L1_Location=Uluru|L2_RainToday=rain_today_no,3,L3_Humidity3pm,numeric_bin,others,70,52,18,,True,True,L1_Location=Uluru
3,L1_Location=WaggaWagga|L2_RainToday=rain_today_no|L3_Humidity3pm=hum_low,L1_Location=WaggaWagga|L2_RainToday=rain_today_no,3,L3_Humidity3pm,numeric_bin,hum_low,1083,715,368,301.0,True,True,L1_Location=WaggaWagga
3,L1_Location=WaggaWagga|L2_RainToday=rain_today_no|L3_Humidity3pm=hum_mid,L1_Location=WaggaWagga|L2_RainToday=rain_today_no,3,L3_Humidity3pm,numeric_bin,hum_mid,694,484,210,183.0,True,True,L1_Location=WaggaWagga
3,L1_Location=WaggaWagga|L2_RainToday=rain_today_no|L3_Humidity3pm=others,L1_Location=WaggaWagga|L2_RainToday=rain_today_no,3,L3_Humidity3pm,numeric_bin,others,129,97,32,35.0,True,True,L1_Location=WaggaWagga
3,L1_Location=Walpole|L2_RainToday=rain_today_no|L3_Humidity3pm=hum_high,L1_Location=Walpole|L2_RainToday=rain_today_no,3,L3_Humidity3pm,numeric_bin,hum_high,350,233,117,100.0,True,True,L1_Location=Walpole
3,L1_Location=Walpole|L2_RainToday=rain_today_no|L3_Humidity3pm=hum_mid,L1_Location=Walpole|L2_RainToday=rain_today_no,3,L3_Humidity3pm,numeric_bin,hum_mid,1044,722,322,271.0,True,True,L1_Location=Walpole
3,L1_Location=Walpole|L2_RainToday=rain_today_no|L3_Humidity3pm=others,L1_Location=Walpole|L2_RainToday=rain_today_no,3,L3_Humidity3pm,numeric_bin,others,64,46,18,13.0,True,True,L1_Location=Walpole
3,L1_Location=Walpole|L2_RainToday=rain_today_yes|L3_Humidity3pm=hum_high,L1_Location=Walpole|L2_RainToday=rain_today_yes,3,L3_Humidity3pm,numeric_bin,hum_high,361,266,95,88.0,True,True,L1_Location=Walpole|L2_RainToday=rain_today_yes
3,L1_Location=Walpole|L2_RainToday=rain_today_yes|L3_Humidity3pm=hum_mid,L1_Location=Walpole|L2_RainToday=rain_today_yes,3,L3_Humidity3pm,numeric_bin,hum_mid,369,258,111,91.0,True,True,L1_Location=Walpole|L2_RainToday=rain_today_yes
3,L1_Location=Walpole|L2_RainToday=rain_today_yes|L3_Humidity3pm=others,L1_Location=Walpole|L2_RainToday=rain_today_yes,3,L3_Humidity3pm,numeric_bin,others,15,12,3,4.0,True,True,L1_Location=Walpole|L2_RainToday=rain_today_yes
3,L1_Location=Watsonia|L2_RainToday=rain_today_no|L3_Humidity3pm=hum_low,L1_Location=Watsonia|L2_RainToday=rain_today_no,3,L3_Humidity3pm,numeric_bin,hum_low,485,350,135,134.0,True,True,L1_Location=Watsonia|L2_RainToday=rain_today_no
3,L1_Location=Watsonia|L2_RainToday=rain_today_no|L3_Humidity3pm=hum_mid,L1_Location=Watsonia|L2_RainToday=rain_today_no,3,L3_Humidity3pm,numeric_bin,hum_mid,1109,782,327,256.0,True,True,L1_Location=Watsonia|L2_RainToday=rain_today_no
3,L1_Location=Watsonia|L2_RainToday=rain_today_no|L3_Humidity3pm=others,L1_Location=Watsonia|L2_RainToday=rain_today_no,3,L3_Humidity3pm,numeric_bin,others,222,167,55,50.0,True,True,L1_Location=Watsonia|L2_RainToday=rain_today_no
3,L1_Location=Watsonia|L2_RainToday=rain_today_yes|L3_Humidity3pm=hum_mid,L1_Location=Watsonia|L2_RainToday=rain_today_yes,3,L3_Humidity3pm,numeric_bin,hum_mid,343,241,102,104.0,True,True,L1_Location=Watsonia|L2_RainToday=rain_today_yes
3,L1_Location=Watsonia|L2_RainToday=rain_today_yes|L3_Humidity3pm=others,L1_Location=Watsonia|L2_RainToday=rain_today_yes,3,L3_Humidity3pm,numeric_bin,others,226,150,76,61.0,True,True,L1_Location=Watsonia|L2_RainToday=rain_today_yes
3,L1_Location=Williamtown|L2_RainToday=rain_today_no|L3_Humidity3pm=hum_low,L1_Location=Williamtown|L2_RainToday=rain_today_no,3,L3_Humidity3pm,numeric_bin,hum_low,435,312,123,117.0,True,True,L1_Location=Williamtown|L2_RainToday=rain_today_no
3,L1_Location=Williamtown|L2_RainToday=rain_today_no|L3_Humidity3pm=hum_mid,L1_Location=Williamtown|L2_RainToday=rain_today_no,3,L3_Humidity3pm,numeric_bin,hum_mid,816,560,256,204.0,True,True,L1_Location=Williamtown|L2_RainToday=rain_today_no
3,L1_Location=Williamtown|L2_RainToday=rain_today_no|L3_Humidity3pm=others,L1_Location=Williamtown|L2_RainToday=rain_today_no,3,L3_Humidity3pm,numeric_bin,others,128,92,36,41.0,True,True,L1_Location=Williamtown|L2_RainToday=rain_today_no
3,L1_Location=Witchcliffe|L2_RainToday=rain_today_no|L3_Humidity3pm=hum_mid,L1_Location=Witchcliffe|L2_RainToday=rain_today_no,3,L3_Humidity3pm,numeric_bin,hum_mid,1162,807,355,302.0,True,True,L1_Location=Witchcliffe
3,L1_Location=Witchcliffe|L2_RainToday=rain_today_no|L3_Humidity3pm=others,L1_Location=Witchcliffe|L2_RainToday=rain_today_no,3,L3_Humidity3pm,numeric_bin,others,486,328,158,103.0,True,True,L1_Location=Witchcliffe
3,L1_Location=Witchcliffe|L2_RainToday=rain_today_yes|L3_Humidity3pm=hum_mid,L1_Location=Witchcliffe|L2_RainToday=rain_today_yes,3,L3_Humidity3pm,numeric_bin,hum_mid,402,262,140,102.0,True,True,L1_Location=Witchcliffe|L2_RainToday=rain_today_yes
3,L1_Location=Witchcliffe|L2_RainToday=rain_today_yes|L3_Humidity3pm=others,L1_Location=Witchcliffe|L2_RainToday=rain_today_yes,3,L3_Humidity3pm,numeric_bin,others,301,211,90,66.0,True,True,L1_Location=Witchcliffe|L2_RainToday=rain_today_yes
3,L1_Location=Wollongong|L2_RainToday=rain_today_no|L3_Humidity3pm=hum_high,L1_Location=Wollongong|L2_RainToday=rain_today_no,3,L3_Humidity3pm,numeric_bin,hum_high,682,471,211,190.0,True,True,ROOT
3,L1_Location=Wollongong|L2_RainToday=rain_today_no|L3_Humidity3pm=hum_mid,L1_Location=Wollongong|L2_RainToday=rain_today_no,3,L3_Humidity3pm,numeric_bin,hum_mid,859,609,250,212.0,True,True,ROOT
3,L1_Location=Wollongong|L2_RainToday=rain_today_no|L3_Humidity3pm=others,L1_Location=Wollongong|L2_RainToday=rain_today_no,3,L3_Humidity3pm,numeric_bin,others,240,174,66,56.0,True,True,ROOT
3,L1_Location=Wollongong|L2_RainToday=rain_today_yes|L3_Humidity3pm=hum_high,L1_Location=Wollongong|L2_RainToday=rain_today_yes,3,L3_Humidity3pm,numeric_bin,hum_high,353,234,119,86.0,True,False,L1_Location=Wollongong|L2_RainToday=rain_today_yes|L3_Humidity3pm=hum_high
3,L1_Location=Wollongong|L2_RainToday=rain_today_yes|L3_Humidity3pm=others,L1_Location=Wollongong|L2_RainToday=rain_today_yes,3,L3_Humidity3pm,numeric_bin,others,227,162,65,38.0,True,True,L1_Location=Wollongong|L2_RainToday=rain_today_yes
3,L1_Location=Woomera|L2_RainToday=rain_today_no|L3_Humidity3pm=hum_low,L1_Location=Woomera|L2_RainToday=rain_today_no,3,L3_Humidity3pm,numeric_bin,hum_low,1807,1260,547,473.0,True,True,L1_Location=Woomera|L2_RainToday=rain_today_no
3,L1_Location=Woomera|L2_RainToday=rain_today_no|L3_Humidity3pm=hum_mid,L1_Location=Woomera|L2_RainToday=rain_today_no,3,L3_Humidity3pm,numeric_bin,hum_mid,328,235,93,95.0,True,True,L1_Location=Woomera|L2_RainToday=rain_today_no
3,L1_Location=Woomera|L2_RainToday=rain_today_no|L3_Humidity3pm=others,L1_Location=Woomera|L2_RainToday=rain_today_no,3,L3_Humidity3pm,numeric_bin,others,66,49,17,14.0,True,True,L1_Location=Woomera|L2_RainToday=rain_today_no
4,ROOT,ROOT,0,ROOT,ROOT,all,113755,15905,6804,1413.0,False,False,ROOT
4,L1_Location=Adelaide,ROOT,1,L1_Location,category_group,Adelaide,2464,379,271,,False,True,ROOT
4,L1_Location=Albany,ROOT,1,L1_Location,category_group,Albany,2407,352,304,,False,True,ROOT
4,L1_Location=Albury,ROOT,1,L1_Location,category_group,Albury,2426,349,257,,False,False,L1_Location=Albury
4,L1_Location=AliceSprings,ROOT,1,L1_Location,category_group,AliceSprings,2429,448,196,,False,False,L1_Location=AliceSprings
4,L1_Location=BadgerysCreek,ROOT,1,L1_Location,category_group,BadgerysCreek,2371,350,269,,False,False,L1_Location=BadgerysCreek
4,L1_Location=Ballarat,ROOT,1,L1_Location,category_group,Ballarat,2409,347,267,,False,False,L1_Location=Ballarat
4,L1_Location=Bendigo,ROOT,1,L1_Location,category_group,Bendigo,2452,346,250,,False,False,L1_Location=Bendigo
4,L1_Location=Brisbane,ROOT,1,L1_Location,category_group,Brisbane,2507,354,312,,False,True,ROOT
4,L1_Location=Cairns,ROOT,1,L1_Location,category_group,Cairns,2400,360,290,,False,True,ROOT
4,L1_Location=Canberra,ROOT,1,L1_Location,category_group,Canberra,2697,388,281,,False,True,ROOT
4,L1_Location=Cobar,ROOT,1,L1_Location,category_group,Cobar,2407,515,223,,False,False,L1_Location=Cobar
4,L1_Location=CoffsHarbour,ROOT,1,L1_Location,category_group,CoffsHarbour,2376,344,282,,False,True,ROOT
4,L1_Location=Dartmoor,ROOT,1,L1_Location,category_group,Dartmoor,2357,326,320,,False,False,L1_Location=Dartmoor
4,L1_Location=Darwin,ROOT,1,L1_Location,category_group,Darwin,2571,359,319,,False,False,L1_Location=Darwin
4,L1_Location=GoldCoast,ROOT,1,L1_Location,category_group,GoldCoast,2390,361,289,,False,True,ROOT
4,L1_Location=Hobart,ROOT,1,L1_Location,category_group,Hobart,2523,351,306,,False,True,ROOT
4,L1_Location=Katherine,ROOT,1,L1_Location,category_group,Katherine,1228,269,137,,False,True,ROOT
4,L1_Location=Launceston,ROOT,1,L1_Location,category_group,Launceston,2408,349,265,,False,False,L1_Location=Launceston
4,L1_Location=Melbourne,ROOT,1,L1_Location,category_group,Melbourne,1957,336,228,,False,True,ROOT
4,L1_Location=MelbourneAirport,ROOT,1,L1_Location,category_group,MelbourneAirport,2401,340,253,,False,False,L1_Location=MelbourneAirport
4,L1_Location=Mildura,ROOT,1,L1_Location,category_group,Mildura,2396,491,198,,False,False,L1_Location=Mildura
4,L1_Location=Moree,ROOT,1,L1_Location,category_group,Moree,2305,511,234,,False,True,ROOT
4,L1_Location=MountGambier,ROOT,1,L1_Location,category_group,MountGambier,2425,343,312,,False,False,L1_Location=MountGambier
4,L1_Location=MountGinini,ROOT,1,L1_Location,category_group,MountGinini,2302,373,291,,False,False,L1_Location=MountGinini
4,L1_Location=Newcastle,ROOT,1,L1_Location,category_group,Newcastle,2352,328,299,,False,True,ROOT
4,L1_Location=Nhil,ROOT,1,L1_Location,category_group,Nhil,1270,284,126,,False,True,ROOT
4,L1_Location=NorahHead,ROOT,1,L1_Location,category_group,NorahHead,2343,351,294,,False,True,ROOT
4,L1_Location=NorfolkIsland,ROOT,1,L1_Location,category_group,NorfolkIsland,2394,339,310,,False,True,ROOT
4,L1_Location=Nuriootpa,ROOT,1,L1_Location,category_group,Nuriootpa,2426,339,268,,False,False,L1_Location=Nuriootpa
4,L1_Location=PearceRAAF,ROOT,1,L1_Location,category_group,PearceRAAF,2214,581,243,,False,True,ROOT
4,L1_Location=Penrith,ROOT,1,L1_Location,category_group,Penrith,2370,355,278,,False,True,ROOT
4,L1_Location=Perth,ROOT,1,L1_Location,category_group,Perth,2565,350,289,,False,False,L1_Location=Perth
4,L1_Location=PerthAirport,ROOT,1,L1_Location,category_group,PerthAirport,2393,336,251,,False,False,L1_Location=PerthAirport
4,L1_Location=Portland,ROOT,1,L1_Location,category_group,Portland,2362,331,353,,False,False,L1_Location=Portland
4,L1_Location=Richmond,ROOT,1,L1_Location,category_group,Richmond,2354,344,255,,False,True,ROOT
4,L1_Location=Sale,ROOT,1,L1_Location,category_group,Sale,2418,346,260,,False,True,ROOT
4,L1_Location=SalmonGums,ROOT,1,L1_Location,category_group,SalmonGums,2383,547,239,,False,True,ROOT
4,L1_Location=Sydney,ROOT,1,L1_Location,category_group,Sydney,2663,373,327,,False,False,L1_Location=Sydney
4,L1_Location=SydneyAirport,ROOT,1,L1_Location,category_group,SydneyAirport,2400,337,292,,False,True,ROOT
4,L1_Location=Townsville,ROOT,1,L1_Location,category_group,Townsville,2472,579,260,,False,False,L1_Location=Townsville
4,L1_Location=Tuggeranong,ROOT,1,L1_Location,category_group,Tuggeranong,2391,353,252,,False,False,L1_Location=Tuggeranong
4,L1_Location=Uluru,ROOT,1,L1_Location,category_group,Uluru,1216,226,105,,False,False,L1_Location=Uluru
4,L1_Location=WaggaWagga,ROOT,1,L1_Location,category_group,WaggaWagga,2399,552,268,,False,False,L1_Location=WaggaWagga
4,L1_Location=Walpole,ROOT,1,L1_Location,category_group,Walpole,2272,336,325,,False,True,ROOT
4,L1_Location=Watsonia,ROOT,1,L1_Location,category_group,Watsonia,2410,345,275,,False,True,ROOT
4,L1_Location=Williamtown,ROOT,1,L1_Location,category_group,Williamtown,2021,357,289,,False,True,ROOT
4,L1_Location=Witchcliffe,ROOT,1,L1_Location,category_group,Witchcliffe,2346,330,339,,False,False,L1_Location=Witchcliffe
4,L1_Location=Wollongong,ROOT,1,L1_Location,category_group,Wollongong,2353,347,277,,False,True,ROOT
4,L1_Location=Woomera,ROOT,1,L1_Location,category_group,Woomera,2360,415,187,,False,False,L1_Location=Woomera
4,L1_Location=Adelaide|L2_RainToday=rain_today_no,L1_Location=Adelaide,2,L2_RainToday,category_group,rain_today_no,1888,317,322,,False,False,L1_Location=Adelaide|L2_RainToday=rain_today_no
4,L1_Location=Adelaide|L2_RainToday=rain_today_yes,L1_Location=Adelaide,2,L2_RainToday,category_group,rain_today_yes,520,377,143,,False,False,L1_Location=Adelaide|L2_RainToday=rain_today_yes
4,L1_Location=Adelaide|L2_RainToday=others,L1_Location=Adelaide,2,L2_RainToday,category_group,others,56,41,15,14.0,True,True,ROOT
4,L1_Location=Albany|L2_RainToday=rain_today_no,L1_Location=Albany,2,L2_RainToday,category_group,rain_today_no,1674,468,489,,False,True,ROOT
4,L1_Location=Albany|L2_RainToday=rain_today_yes,L1_Location=Albany,2,L2_RainToday,category_group,rain_today_yes,718,513,205,,False,True,ROOT
4,L1_Location=Albany|L2_RainToday=others,L1_Location=Albany,2,L2_RainToday,category_group,others,15,13,2,5.0,True,True,ROOT
4,L1_Location=Albury|L2_RainToday=rain_today_no,L1_Location=Albury,2,L2_RainToday,category_group,rain_today_no,1914,362,577,,False,False,L1_Location=Albury|L2_RainToday=rain_today_no
4,L1_Location=Albury|L2_RainToday=rain_today_yes,L1_Location=Albury,2,L2_RainToday,category_group,rain_today_yes,498,359,139,117.0,True,False,L1_Location=Albury|L2_RainToday=rain_today_yes
4,L1_Location=Albury|L2_RainToday=others,L1_Location=Albury,2,L2_RainToday,category_group,others,14,11,3,6.0,True,True,L1_Location=Albury
4,L1_Location=AliceSprings|L2_RainToday=rain_today_no,L1_Location=AliceSprings,2,L2_RainToday,category_group,rain_today_no,2230,416,162,,False,True,L1_Location=AliceSprings
4,L1_Location=AliceSprings|L2_RainToday=others,L1_Location=AliceSprings,2,L2_RainToday,category_group,others,199,132,67,48.0,True,True,L1_Location=AliceSprings
4,L1_Location=BadgerysCreek|L2_RainToday=rain_today_no,L1_Location=BadgerysCreek,2,L2_RainToday,category_group,rain_today_no,1857,351,298,,False,True,L1_Location=BadgerysCreek
4,L1_Location=BadgerysCreek|L2_RainToday=rain_today_yes,L1_Location=BadgerysCreek,2,L2_RainToday,category_group,rain_today_yes,472,331,141,100.0,True,True,L1_Location=BadgerysCreek
4,L1_Location=BadgerysCreek|L2_RainToday=others,L1_Location=BadgerysCreek,2,L2_RainToday,category_group,others,42,28,14,9.0,True,True,L1_Location=BadgerysCreek
4,L1_Location=Ballarat|L2_RainToday=rain_today_no,L1_Location=Ballarat,2,L2_RainToday,category_group,rain_today_no,1790,482,539,,False,True,L1_Location=Ballarat
4,L1_Location=Ballarat|L2_RainToday=rain_today_yes,L1_Location=Ballarat,2,L2_RainToday,category_group,rain_today_yes,612,452,160,,False,True,L1_Location=Ballarat
4,L1_Location=Ballarat|L2_RainToday=others,L1_Location=Ballarat,2,L2_RainToday,category_group,others,7,7,0,4.0,True,True,L1_Location=Ballarat
4,L1_Location=Bendigo|L2_RainToday=rain_today_no,L1_Location=Bendigo,2,L2_RainToday,category_group,rain_today_no,2004,376,590,,False,True,L1_Location=Bendigo
4,L1_Location=Bendigo|L2_RainToday=rain_today_yes,L1_Location=Bendigo,2,L2_RainToday,category_group,rain_today_yes,446,314,132,116.0,True,False,L1_Location=Bendigo|L2_RainToday=rain_today_yes
4,L1_Location=Bendigo|L2_RainToday=others,L1_Location=Bendigo,2,L2_RainToday,category_group,others,2,2,0,2.0,True,True,L1_Location=Bendigo
4,L1_Location=Brisbane|L2_RainToday=rain_today_no,L1_Location=Brisbane,2,L2_RainToday,category_group,rain_today_no,1926,527,227,,False,False,L1_Location=Brisbane|L2_RainToday=rain_today_no
4,L1_Location=Brisbane|L2_RainToday=rain_today_yes,L1_Location=Brisbane,2,L2_RainToday,category_group,rain_today_yes,556,373,183,,False,True,ROOT
4,L1_Location=Brisbane|L2_RainToday=others,L1_Location=Brisbane,2,L2_RainToday,category_group,others,25,13,12,4.0,True,True,ROOT
4,L1_Location=Cairns|L2_RainToday=rain_today_no,L1_Location=Cairns,2,L2_RainToday,category_group,rain_today_no,1632,419,155,,False,False,L1_Location=Cairns|L2_RainToday=rain_today_no
4,L1_Location=Cairns|L2_RainToday=rain_today_yes,L1_Location=Cairns,2,L2_RainToday,category_group,rain_today_yes,749,553,196,,False,False,L1_Location=Cairns|L2_RainToday=rain_today_yes
4,L1_Location=Cairns|L2_RainToday=others,L1_Location=Cairns,2,L2_RainToday,category_group,others,19,12,7,5.0,True,True,ROOT
4,L1_Location=Canberra|L2_RainToday=rain_today_no,L1_Location=Canberra,2,L2_RainToday,category_group,rain_today_no,2182,378,394,,False,False,L1_Location=Canberra|L2_RainToday=rain_today_no
4,L1_Location=Canberra|L2_RainToday=rain_today_yes,L1_Location=Canberra,2,L2_RainToday,category_group,rain_today_yes,500,352,148,124.0,True,True,ROOT
4,L1_Location=Canberra|L2_RainToday=others,L1_Location=Canberra,2,L2_RainToday,category_group,others,15,11,4,1.0,True,True,ROOT
4,L1_Location=Cobar|L2_RainToday=rain_today_no,L1_Location=Cobar,2,L2_RainToday,category_group,rain_today_no,2086,584,268,,False,True,L1_Location=Cobar
4,L1_Location=Cobar|L2_RainToday=rain_today_yes,L1_Location=Cobar,2,L2_RainToday,category_group,rain_today_yes,314,226,88,70.0,True,True,L1_Location=Cobar
4,L1_Location=Cobar|L2_RainToday=others,L1_Location=Cobar,2,L2_RainToday,category_group,others,7,4,3,1.0,True,True,L1_Location=Cobar
4,L1_Location=CoffsHarbour|L2_RainToday=rain_today_no,L1_Location=CoffsHarbour,2,L2_RainToday,category_group,rain_today_no,1646,227,213,,False,False,L1_Location=CoffsHarbour|L2_RainToday=rain_today_no
4,L1_Location=CoffsHarbour|L2_RainToday=rain_today_yes,L1_Location=CoffsHarbour,2,L2_RainToday,category_group,rain_today_yes,718,540,178,,False,False,L1_Location=CoffsHarbour|L2_RainToday=rain_today_yes
4,L1_Location=CoffsHarbour|L2_RainToday=others,L1_Location=CoffsHarbour,2,L2_RainToday,category_group,others,12,9,3,1.0,True,True,ROOT
4,L1_Location=Dartmoor|L2_RainToday=rain_today_no,L1_Location=Dartmoor,2,L2_RainToday,category_group,rain_today_no,1620,640,512,,False,True,L1_Location=Dartmoor
4,L1_Location=Dartmoor|L2_RainToday=rain_today_yes,L1_Location=Dartmoor,2,L2_RainToday,category_group,rain_today_yes,733,274,216,,False,False,L1_Location=Dartmoor|L2_RainToday=rain_today_yes
4,L1_Location=Dartmoor|L2_RainToday=others,L1_Location=Dartmoor,2,L2_RainToday,category_group,others,4,2,2,,True,True,L1_Location=Dartmoor
4,L1_Location=Darwin|L2_RainToday=rain_today_no,L1_Location=Darwin,2,L2_RainToday,category_group,rain_today_no,1883,321,305,,False,False,L1_Location=Darwin|L2_RainToday=rain_today_no
4,L1_Location=Darwin|L2_RainToday=rain_today_yes,L1_Location=Darwin,2,L2_RainToday,category_group,rain_today_yes,688,482,206,,False,True,L1_Location=Darwin
4,L1_Location=GoldCoast|L2_RainToday=rain_today_no,L1_Location=GoldCoast,2,L2_RainToday,category_group,rain_today_no,1725,241,201,,False,True,ROOT
4,L1_Location=GoldCoast|L2_RainToday=rain_today_yes,L1_Location=GoldCoast,2,L2_RainToday,category_group,rain_today_yes,622,448,174,,False,False,L1_Location=GoldCoast|L2_RainToday=rain_today_yes
4,L1_Location=GoldCoast|L2_RainToday=others,L1_Location=GoldCoast,2,L2_RainToday,category_group,others,43,30,13,13.0,True,True,ROOT
4,L1_Location=Hobart|L2_RainToday=rain_today_no,L1_Location=Hobart,2,L2_RainToday,category_group,rain_today_no,1919,607,280,,False,True,ROOT
4,L1_Location=Hobart|L2_RainToday=rain_today_yes,L1_Location=Hobart,2,L2_RainToday,category_group,rain_today_yes,599,412,187,,False,False,L1_Location=Hobart|L2_RainToday=rain_today_yes
4,L1_Location=Hobart|L2_RainToday=others,L1_Location=Hobart,2,L2_RainToday,category_group,others,5,4,1,,True,True,ROOT
4,L1_Location=Katherine|L2_RainToday=rain_today_no,L1_Location=Katherine,2,L2_RainToday,category_group,rain_today_no,1027,420,327,,False,True,ROOT
4,L1_Location=Katherine|L2_RainToday=others,L1_Location=Katherine,2,L2_RainToday,category_group,others,201,129,72,,True,True,ROOT
4,L1_Location=Launceston|L2_RainToday=rain_today_no,L1_Location=Launceston,2,L2_RainToday,category_group,rain_today_no,1836,653,260,,False,True,L1_Location=Launceston
4,L1_Location=Launceston|L2_RainToday=rain_today_yes,L1_Location=Launceston,2,L2_RainToday,category_group,rain_today_yes,564,406,158,133.0,True,False,L1_Location=Launceston|L2_RainToday=rain_today_yes
4,L1_Location=Launceston|L2_RainToday=others,L1_Location=Launceston,2,L2_RainToday,category_group,others,8,5,3,,True,True,L1_Location=Launceston
4,L1_Location=Melbourne|L2_RainToday=rain_today_no,L1_Location=Melbourne,2,L2_RainToday,category_group,rain_today_no,1379,492,393,,False,False,L1_Location=Melbourne|L2_RainToday=rain_today_no
4,L1_Location=Melbourne|L2_RainToday=rain_today_yes,L1_Location=Melbourne,2,L2_RainToday,category_group,rain_today_yes,475,361,114,,False,False,L1_Location=Melbourne|L2_RainToday=rain_today_yes
4,L1_Location=Melbourne|L2_RainToday=others,L1_Location=Melbourne,2,L2_RainToday,category_group,others,103,67,36,,True,True,ROOT
4,L1_Location=MelbourneAirport|L2_RainToday=rain_today_no,L1_Location=MelbourneAirport,2,L2_RainToday,category_group,rain_today_no,1876,372,292,,False,False,L1_Location=MelbourneAirport|L2_RainToday=rain_today_no
4,L1_Location=MelbourneAirport|L2_RainToday=rain_today_yes,L1_Location=MelbourneAirport,2,L2_RainToday,category_group,rain_today_yes,525,383,142,,False,False,L1_Location=MelbourneAirport|L2_RainToday=rain_today_yes
4,L1_Location=Mildura|L2_RainToday=rain_today_no,L1_Location=Mildura,2,L2_RainToday,category_group,rain_today_no,2133,340,260,,False,True,L1_Location=Mildura
4,L1_Location=Mildura|L2_RainToday=others,L1_Location=Mildura,2,L2_RainToday,category_group,others,263,191,72,65.0,True,True,L1_Location=Mildura
4,L1_Location=Moree|L2_RainToday=rain_today_no,L1_Location=Moree,2,L2_RainToday,category_group,rain_today_no,1949,515,211,,False,False,L1_Location=Moree|L2_RainToday=rain_today_no
4,L1_Location=Moree|L2_RainToday=rain_today_yes,L1_Location=Moree,2,L2_RainToday,category_group,rain_today_yes,310,210,100,72.0,True,False,L1_Location=Moree|L2_RainToday=rain_today_yes
4,L1_Location=Moree|L2_RainToday=others,L1_Location=Moree,2,L2_RainToday,category_group,others,46,24,22,17.0,True,True,ROOT
4,L1_Location=MountGambier|L2_RainToday=rain_today_no,L1_Location=MountGambier,2,L2_RainToday,category_group,rain_today_no,1688,406,507,,False,True,L1_Location=MountGambier
4,L1_Location=MountGambier|L2_RainToday=rain_today_yes,L1_Location=MountGambier,2,L2_RainToday,category_group,rain_today_yes,732,523,209,,False,True,L1_Location=MountGambier
4,L1_Location=MountGambier|L2_RainToday=others,L1_Location=MountGambier,2,L2_RainToday,category_group,others,5,3,2,3.0,True,True,L1_Location=MountGambier
4,L1_Location=MountGinini|L2_RainToday=rain_today_no,L1_Location=MountGinini,2,L2_RainToday,category_group,rain_today_no,1608,421,437,,False,True,L1_Location=MountGinini
4,L1_Location=MountGinini|L2_RainToday=rain_today_yes,L1_Location=MountGinini,2,L2_RainToday,category_group,rain_today_yes,621,197,183,,False,False,L1_Location=MountGinini|L2_RainToday=rain_today_yes
4,L1_Location=MountGinini|L2_RainToday=others,L1_Location=MountGinini,2,L2_RainToday,category_group,others,73,52,21,18.0,True,True,L1_Location=MountGinini
4,L1_Location=Newcastle|L2_RainToday=rain_today_no,L1_Location=Newcastle,2,L2_RainToday,category_group,rain_today_no,1767,473,586,,False,True,ROOT
4,L1_Location=Newcastle|L2_RainToday=rain_today_yes,L1_Location=Newcastle,2,L2_RainToday,category_group,rain_today_yes,567,388,179,154.0,True,False,L1_Location=Newcastle|L2_RainToday=rain_today_yes
4,L1_Location=Newcastle|L2_RainToday=others,L1_Location=Newcastle,2,L2_RainToday,category_group,others,18,15,3,8.0,True,True,ROOT
4,L1_Location=Nhil|L2_RainToday=rain_today_no,L1_Location=Nhil,2,L2_RainToday,category_group,rain_today_no,1074,435,337,,False,False,L1_Location=Nhil|L2_RainToday=rain_today_no
4,L1_Location=Nhil|L2_RainToday=others,L1_Location=Nhil,2,L2_RainToday,category_group,others,196,137,59,,True,True,ROOT
4,L1_Location=NorahHead|L2_RainToday=rain_today_no,L1_Location=NorahHead,2,L2_RainToday,category_group,rain_today_no,1696,323,468,,False,True,ROOT
4,L1_Location=NorahHead|L2_RainToday=rain_today_yes,L1_Location=NorahHead,2,L2_RainToday,category_group,rain_today_yes,613,424,189,,False,False,L1_Location=NorahHead|L2_RainToday=rain_today_yes
4,L1_Location=NorahHead|L2_RainToday=others,L1_Location=NorahHead,2,L2_RainToday,category_group,others,34,22,12,7.0,True,True,ROOT
4,L1_Location=NorfolkIsland|L2_RainToday=rain_today_no,L1_Location=NorfolkIsland,2,L2_RainToday,category_group,rain_today_no,1655,228,234,,False,False,L1_Location=NorfolkIsland|L2_RainToday=rain_today_no
4,L1_Location=NorfolkIsland|L2_RainToday=rain_today_yes,L1_Location=NorfolkIsland,2,L2_RainToday,category_group,rain_today_yes,723,525,198,,False,False,L1_Location=NorfolkIsland|L2_RainToday=rain_today_yes
4,L1_Location=NorfolkIsland|L2_RainToday=others,L1_Location=NorfolkIsland,2,L2_RainToday,category_group,others,16,7,9,4.0,True,True,ROOT
4,L1_Location=Nuriootpa|L2_RainToday=rain_today_no,L1_Location=Nuriootpa,2,L2_RainToday,category_group,rain_today_no,1938,364,327,,False,True,L1_Location=Nuriootpa
4,L1_Location=Nuriootpa|L2_RainToday=rain_today_yes,L1_Location=Nuriootpa,2,L2_RainToday,category_group,rain_today_yes,484,333,151,104.0,True,True,L1_Location=Nuriootpa
4,L1_Location=Nuriootpa|L2_RainToday=others,L1_Location=Nuriootpa,2,L2_RainToday,category_group,others,4,2,2,2.0,True,True,L1_Location=Nuriootpa
4,L1_Location=PearceRAAF|L2_RainToday=rain_today_no,L1_Location=PearceRAAF,2,L2_RainToday,category_group,rain_today_no,1736,285,259,,False,False,L1_Location=PearceRAAF|L2_RainToday=rain_today_no
4,L1_Location=PearceRAAF|L2_RainToday=rain_today_yes,L1_Location=PearceRAAF,2,L2_RainToday,category_group,rain_today_yes,381,271,110,93.0,True,False,L1_Location=PearceRAAF|L2_RainToday=rain_today_yes
4,L1_Location=PearceRAAF|L2_RainToday=others,L1_Location=PearceRAAF,2,L2_RainToday,category_group,others,97,66,31,19.0,True,True,ROOT
4,L1_Location=Penrith|L2_RainToday=rain_today_no,L1_Location=Penrith,2,L2_RainToday,category_group,rain_today_no,1868,360,577,,False,True,ROOT
4,L1_Location=Penrith|L2_RainToday=rain_today_yes,L1_Location=Penrith,2,L2_RainToday,category_group,rain_today_yes,457,302,155,124.0,True,False,L1_Location=Penrith|L2_RainToday=rain_today_yes
4,L1_Location=Penrith|L2_RainToday=others,L1_Location=Penrith,2,L2_RainToday,category_group,others,45,37,8,8.0,True,True,ROOT
4,L1_Location=Perth|L2_RainToday=rain_today_no,L1_Location=Perth,2,L2_RainToday,category_group,rain_today_no,2045,324,372,,False,False,L1_Location=Perth|L2_RainToday=rain_today_no
4,L1_Location=Perth|L2_RainToday=rain_today_yes,L1_Location=Perth,2,L2_RainToday,category_group,rain_today_yes,520,361,159,,False,True,L1_Location=Perth
4,L1_Location=PerthAirport|L2_RainToday=rain_today_no,L1_Location=PerthAirport,2,L2_RainToday,category_group,rain_today_no,1920,307,308,,False,True,L1_Location=PerthAirport
4,L1_Location=PerthAirport|L2_RainToday=rain_today_yes,L1_Location=PerthAirport,2,L2_RainToday,category_group,rain_today_yes,473,336,137,,False,False,L1_Location=PerthAirport|L2_RainToday=rain_today_yes
4,L1_Location=Portland|L2_RainToday=rain_today_no,L1_Location=Portland,2,L2_RainToday,category_group,rain_today_no,1491,489,490,,False,True,L1_Location=Portland
4,L1_Location=Portland|L2_RainToday=rain_today_yes,L1_Location=Portland,2,L2_RainToday,category_group,rain_today_yes,860,351,254,,False,False,L1_Location=Portland|L2_RainToday=rain_today_yes
4,L1_Location=Portland|L2_RainToday=others,L1_Location=Portland,2,L2_RainToday,category_group,others,11,10,1,1.0,True,True,L1_Location=Portland
4,L1_Location=Richmond|L2_RainToday=rain_today_no,L1_Location=Richmond,2,L2_RainToday,category_group,rain_today_no,1872,349,581,,False,True,ROOT
4,L1_Location=Richmond|L2_RainToday=rain_today_yes,L1_Location=Richmond,2,L2_RainToday,category_group,rain_today_yes,448,321,127,107.0,True,False,L1_Location=Richmond|L2_RainToday=rain_today_yes
4,L1_Location=Richmond|L2_RainToday=others,L1_Location=Richmond,2,L2_RainToday,category_group,others,34,22,12,11.0,True,True,ROOT
4,L1_Location=Sale|L2_RainToday=rain_today_no,L1_Location=Sale,2,L2_RainToday,category_group,rain_today_no,1913,611,255,,False,False,L1_Location=Sale|L2_RainToday=rain_today_no
4,L1_Location=Sale|L2_RainToday=rain_today_yes,L1_Location=Sale,2,L2_RainToday,category_group,rain_today_yes,500,351,149,,False,True,ROOT
4,L1_Location=Sale|L2_RainToday=others,L1_Location=Sale,2,L2_RainToday,category_group,others,5,5,0,3.0,True,True,ROOT
4,L1_Location=SalmonGums|L2_RainToday=rain_today_no,L1_Location=SalmonGums,2,L2_RainToday,category_group,rain_today_no,1995,317,316,,False,True,ROOT
4,L1_Location=SalmonGums|L2_RainToday=rain_today_yes,L1_Location=SalmonGums,2,L2_RainToday,category_group,rain_today_yes,377,266,111,92.0,True,True,ROOT
4,L1_Location=SalmonGums|L2_RainToday=others,L1_Location=SalmonGums,2,L2_RainToday,category_group,others,11,8,3,3.0,True,True,ROOT
4,L1_Location=Sydney|L2_RainToday=rain_today_no,L1_Location=Sydney,2,L2_RainToday,category_group,rain_today_no,1979,372,250,,False,True,L1_Location=Sydney
4,L1_Location=Sydney|L2_RainToday=rain_today_yes,L1_Location=Sydney,2,L2_RainToday,category_group,rain_today_yes,682,473,209,,False,False,L1_Location=Sydney|L2_RainToday=rain_today_yes
4,L1_Location=Sydney|L2_RainToday=others,L1_Location=Sydney,2,L2_RainToday,category_group,others,2,2,0,4.0,True,True,L1_Location=Sydney
4,L1_Location=SydneyAirport|L2_RainToday=rain_today_no,L1_Location=SydneyAirport,2,L2_RainToday,category_group,rain_today_no,1770,371,275,,False,False,L1_Location=SydneyAirport|L2_RainToday=rain_today_no
4,L1_Location=SydneyAirport|L2_RainToday=rain_today_yes,L1_Location=SydneyAirport,2,L2_RainToday,category_group,rain_today_yes,627,442,185,,False,True,ROOT
4,L1_Location=SydneyAirport|L2_RainToday=others,L1_Location=SydneyAirport,2,L2_RainToday,category_group,others,3,1,2,1.0,True,True,ROOT
4,L1_Location=Townsville|L2_RainToday=rain_today_no,L1_Location=Townsville,2,L2_RainToday,category_group,rain_today_no,2040,457,224,,False,False,L1_Location=Townsville|L2_RainToday=rain_today_no
4,L1_Location=Townsville|L2_RainToday=rain_today_yes,L1_Location=Townsville,2,L2_RainToday,category_group,rain_today_yes,426,296,130,92.0,True,True,L1_Location=Townsville
4,L1_Location=Townsville|L2_RainToday=others,L1_Location=Townsville,2,L2_RainToday,category_group,others,6,5,1,,True,True,L1_Location=Townsville
4,L1_Location=Tuggeranong|L2_RainToday=rain_today_no,L1_Location=Tuggeranong,2,L2_RainToday,category_group,rain_today_no,1911,345,542,,False,True,L1_Location=Tuggeranong
4,L1_Location=Tuggeranong|L2_RainToday=rain_today_yes,L1_Location=Tuggeranong,2,L2_RainToday,category_group,rain_today_yes,450,319,131,112.0,True,True,L1_Location=Tuggeranong
4,L1_Location=Tuggeranong|L2_RainToday=others,L1_Location=Tuggeranong,2,L2_RainToday,category_group,others,30,17,13,9.0,True,True,L1_Location=Tuggeranong
4,L1_Location=Uluru|L2_RainToday=rain_today_no,L1_Location=Uluru,2,L2_RainToday,category_group,rain_today_no,1105,189,89,,False,True,L1_Location=Uluru
4,L1_Location=Uluru|L2_RainToday=others,L1_Location=Uluru,2,L2_RainToday,category_group,others,111,75,36,,True,True,L1_Location=Uluru
4,L1_Location=WaggaWagga|L2_RainToday=rain_today_no,L1_Location=WaggaWagga,2,L2_RainToday,category_group,rain_today_no,1973,342,333,,False,True,L1_Location=WaggaWagga
4,L1_Location=WaggaWagga|L2_RainToday=rain_today_yes,L1_Location=WaggaWagga,2,L2_RainToday,category_group,rain_today_yes,411,271,140,122.0,True,True,L1_Location=WaggaWagga
4,L1_Location=WaggaWagga|L2_RainToday=others,L1_Location=WaggaWagga,2,L2_RainToday,category_group,others,15,10,5,3.0,True,True,L1_Location=WaggaWagga
4,L1_Location=Walpole|L2_RainToday=rain_today_no,L1_Location=Walpole,2,L2_RainToday,category_group,rain_today_no,1478,414,212,,False,False,L1_Location=Walpole|L2_RainToday=rain_today_no
4,L1_Location=Walpole|L2_RainToday=rain_today_yes,L1_Location=Walpole,2,L2_RainToday,category_group,rain_today_yes,756,535,221,,False,False,L1_Location=Walpole|L2_RainToday=rain_today_yes
4,L1_Location=Walpole|L2_RainToday=others,L1_Location=Walpole,2,L2_RainToday,category_group,others,38,24,14,11.0,True,True,ROOT
4,L1_Location=Watsonia|L2_RainToday=rain_today_no,L1_Location=Watsonia,2,L2_RainToday,category_group,rain_today_no,1807,390,260,,False,False,L1_Location=Watsonia|L2_RainToday=rain_today_no
4,L1_Location=Watsonia|L2_RainToday=rain_today_yes,L1_Location=Watsonia,2,L2_RainToday,category_group,rain_today_yes,595,430,165,,False,True,ROOT
4,L1_Location=Watsonia|L2_RainToday=others,L1_Location=Watsonia,2,L2_RainToday,category_group,others,8,4,4,1.0,True,True,ROOT
4,L1_Location=Williamtown|L2_RainToday=rain_today_no,L1_Location=Williamtown,2,L2_RainToday,category_group,rain_today_no,1375,260,416,,False,False,L1_Location=Williamtown|L2_RainToday=rain_today_no
4,L1_Location=Williamtown|L2_RainToday=rain_today_yes,L1_Location=Williamtown,2,L2_RainToday,category_group,rain_today_yes,501,342,159,134.0,True,False,L1_Location=Williamtown|L2_RainToday=rain_today_yes
4,L1_Location=Williamtown|L2_RainToday=others,L1_Location=Williamtown,2,L2_RainToday,category_group,others,145,98,47,32.0,True,True,ROOT
4,L1_Location=Witchcliffe|L2_RainToday=rain_today_no,L1_Location=Witchcliffe,2,L2_RainToday,category_group,rain_today_no,1641,226,221,,False,True,L1_Location=Witchcliffe
4,L1_Location=Witchcliffe|L2_RainToday=rain_today_yes,L1_Location=Witchcliffe,2,L2_RainToday,category_group,rain_today_yes,681,454,227,,False,False,L1_Location=Witchcliffe|L2_RainToday=rain_today_yes
4,L1_Location=Witchcliffe|L2_RainToday=others,L1_Location=Witchcliffe,2,L2_RainToday,category_group,others,24,13,11,4.0,True,True,L1_Location=Witchcliffe
4,L1_Location=Wollongong|L2_RainToday=rain_today_no,L1_Location=Wollongong,2,L2_RainToday,category_group,rain_today_no,1774,370,550,,False,True,ROOT
4,L1_Location=Wollongong|L2_RainToday=rain_today_yes,L1_Location=Wollongong,2,L2_RainToday,category_group,rain_today_yes,545,386,159,,False,False,L1_Location=Wollongong|L2_RainToday=rain_today_yes
4,L1_Location=Wollongong|L2_RainToday=others,L1_Location=Wollongong,2,L2_RainToday,category_group,others,34,26,8,6.0,True,True,ROOT
4,L1_Location=Woomera|L2_RainToday=rain_today_no,L1_Location=Woomera,2,L2_RainToday,category_group,rain_today_no,2197,533,228,,False,True,L1_Location=Woomera
4,L1_Location=Woomera|L2_RainToday=others,L1_Location=Woomera,2,L2_RainToday,category_group,others,163,104,59,44.0,True,True,L1_Location=Woomera
4,L1_Location=Adelaide|L2_RainToday=rain_today_no|L3_Humidity3pm=hum_low,L1_Location=Adelaide|L2_RainToday=rain_today_no,3,L3_Humidity3pm,numeric_bin,hum_low,968,660,308,242.0,True,False,L1_Location=Adelaide|L2_RainToday=rain_today_no|L3_Humidity3pm=hum_low
4,L1_Location=Adelaide|L2_RainToday=rain_today_no|L3_Humidity3pm=hum_mid,L1_Location=Adelaide|L2_RainToday=rain_today_no,3,L3_Humidity3pm,numeric_bin,hum_mid,831,592,239,188.0,True,True,L1_Location=Adelaide|L2_RainToday=rain_today_no
4,L1_Location=Adelaide|L2_RainToday=rain_today_no|L3_Humidity3pm=others,L1_Location=Adelaide|L2_RainToday=rain_today_no,3,L3_Humidity3pm,numeric_bin,others,89,67,22,26.0,True,True,L1_Location=Adelaide|L2_RainToday=rain_today_no
4,L1_Location=Adelaide|L2_RainToday=rain_today_yes|L3_Humidity3pm=hum_mid,L1_Location=Adelaide|L2_RainToday=rain_today_yes,3,L3_Humidity3pm,numeric_bin,hum_mid,343,253,90,103.0,True,True,L1_Location=Adelaide|L2_RainToday=rain_today_yes
4,L1_Location=Adelaide|L2_RainToday=rain_today_yes|L3_Humidity3pm=others,L1_Location=Adelaide|L2_RainToday=rain_today_yes,3,L3_Humidity3pm,numeric_bin,others,177,124,53,53.0,True,True,L1_Location=Adelaide|L2_RainToday=rain_today_yes
4,L1_Location=Albany|L2_RainToday=rain_today_no|L3_Humidity3pm=hum_high,L1_Location=Albany|L2_RainToday=rain_today_no,3,L3_Humidity3pm,numeric_bin,hum_high,476,331,145,112.0,True,True,ROOT
4,L1_Location=Albany|L2_RainToday=rain_today_no|L3_Humidity3pm=hum_mid,L1_Location=Albany|L2_RainToday=rain_today_no,3,L3_Humidity3pm,numeric_bin,hum_mid,783,565,218,205.0,True,True,ROOT
4,L1_Location=Albany|L2_RainToday=rain_today_no|L3_Humidity3pm=unknown,L1_Location=Albany|L2_RainToday=rain_today_no,3,L3_Humidity3pm,numeric_bin,unknown,381,266,115,100.0,True,True,ROOT
4,L1_Location=Albany|L2_RainToday=rain_today_no|L3_Humidity3pm=others,L1_Location=Albany|L2_RainToday=rain_today_no,3,L3_Humidity3pm,numeric_bin,others,34,23,11,12.0,True,True,ROOT
4,L1_Location=Albany|L2_RainToday=rain_today_yes|L3_Humidity3pm=hum_mid,L1_Location=Albany|L2_RainToday=rain_today_yes,3,L3_Humidity3pm,numeric_bin,hum_mid,303,214,89,76.0,True,True,ROOT
4,L1_Location=Albany|L2_RainToday=rain_today_yes|L3_Humidity3pm=others,L1_Location=Albany|L2_RainToday=rain_today_yes,3,L3_Humidity3pm,numeric_bin,others,415,299,116,99.0,True,True,ROOT
4,L1_Location=Albury|L2_RainToday=rain_today_no|L3_Humidity3pm=hum_low,L1_Location=Albury|L2_RainToday=rain_today_no,3,L3_Humidity3pm,numeric_bin,hum_low,864,571,293,212.0,True,True,L1_Location=Albury|L2_RainToday=rain_today_no
4,L1_Location=Albury|L2_RainToday=rain_today_no|L3_Humidity3pm=hum_mid,L1_Location=Albury|L2_RainToday=rain_today_no,3,L3_Humidity3pm,numeric_bin,hum_mid,882,647,235,221.0,True,True,L1_Location=Albury|L2_RainToday=rain_today_no
4,L1_Location=Albury|L2_RainToday=rain_today_no|L3_Humidity3pm=others,L1_Location=Albury|L2_RainToday=rain_today_no,3,L3_Humidity3pm,numeric_bin,others,168,119,49,29.0,True,True,L1_Location=Albury|L2_RainToday=rain_today_no
4,L1_Location=AliceSprings|L2_RainToday=rain_today_no|L3_Humidity3pm=hum_low,L1_Location=AliceSprings|L2_RainToday=rain_today_no,3,L3_Humidity3pm,numeric_bin,hum_low,2065,1460,605,522.0,True,True,L1_Location=AliceSprings
4,L1_Location=AliceSprings|L2_RainToday=rain_today_no|L3_Humidity3pm=others,L1_Location=AliceSprings|L2_RainToday=rain_today_no,3,L3_Humidity3pm,numeric_bin,others,165,124,41,32.0,True,True,L1_Location=AliceSprings
4,L1_Location=BadgerysCreek|L2_RainToday=rain_today_no|L3_Humidity3pm=hum_low,L1_Location=BadgerysCreek|L2_RainToday=rain_today_no,3,L3_Humidity3pm,numeric_bin,hum_low,607,427,180,144.0,True,True,L1_Location=BadgerysCreek
4,L1_Location=BadgerysCreek|L2_RainToday=rain_today_no|L3_Humidity3pm=hum_mid,L1_Location=BadgerysCreek|L2_RainToday=rain_today_no,3,L3_Humidity3pm,numeric_bin,hum_mid,1081,737,344,258.0,True,True,L1_Location=BadgerysCreek
4,L1_Location=BadgerysCreek|L2_RainToday=rain_today_no|L3_Humidity3pm=others,L1_Location=BadgerysCreek|L2_RainToday=rain_today_no,3,L3_Humidity3pm,numeric_bin,others,169,119,50,46.0,True,True,L1_Location=BadgerysCreek
4,L1_Location=Ballarat|L2_RainToday=rain_today_no|L3_Humidity3pm=hum_high,L1_Location=Ballarat|L2_RainToday=rain_today_no,3,L3_Humidity3pm,numeric_bin,hum_high,400,288,112,94.0,True,False,L1_Location=Ballarat|L2_RainToday=rain_today_no|L3_Humidity3pm=hum_high
4,L1_Location=Ballarat|L2_RainToday=rain_today_no|L3_Humidity3pm=hum_low,L1_Location=Ballarat|L2_RainToday=rain_today_no,3,L3_Humidity3pm,numeric_bin,hum_low,547,374,173,129.0,True,True,L1_Location=Ballarat
4,L1_Location=Ballarat|L2_RainToday=rain_today_no|L3_Humidity3pm=hum_mid,L1_Location=Ballarat|L2_RainToday=rain_today_no,3,L3_Humidity3pm,numeric_bin,hum_mid,839,586,253,226.0,True,True,L1_Location=Ballarat
4,L1_Location=Ballarat|L2_RainToday=rain_today_no|L3_Humidity3pm=others,L1_Location=Ballarat|L2_RainToday=rain_today_no,3,L3_Humidity3pm,numeric_bin,others,4,3,1,,True,True,L1_Location=Ballarat
4,L1_Location=Ballarat|L2_RainToday=rain_today_yes|L3_Humidity3pm=hum_high,L1_Location=Ballarat|L2_RainToday=rain_today_yes,3,L3_Humidity3pm,numeric_bin,hum_high,349,255,94,93.0,True,True,L1_Location=Ballarat
4,L1_Location=Ballarat|L2_RainToday=rain_today_yes|L3_Humidity3pm=others,L1_Location=Ballarat|L2_RainToday=rain_today_yes,3,L3_Humidity3pm,numeric_bin,others,263,197,66,73.0,True,True,L1_Location=Ballarat
4,L1_Location=Bendigo|L2_RainToday=rain_today_no|L3_Humidity3pm=hum_low,L1_Location=Bendigo|L2_RainToday=rain_today_no,3,L3_Humidity3pm,numeric_bin,hum_low,983,702,281,211.0,True,True,L1_Location=Bendigo
4,L1_Location=Bendigo|L2_RainToday=rain_today_no|L3_Humidity3pm=hum_mid,L1_Location=Bendigo|L2_RainToday=rain_today_no,3,L3_Humidity3pm,numeric_bin,hum_mid,866,594,272,209.0,True,True,L1_Location=Bendigo
4,L1_Location=Bendigo|L2_RainToday=rain_today_no|L3_Humidity3pm=others,L1_Location=Bendigo|L2_RainToday=rain_today_no,3,L3_Humidity3pm,numeric_bin,others,155,118,37,44.0,True,True,L1_Location=Bendigo
4,L1_Location=Brisbane|L2_RainToday=rain_today_no|L3_Humidity3pm=hum_low,L1_Location=Brisbane|L2_RainToday=rain_today_no,3,L3_Humidity3pm,numeric_bin,hum_low,349,230,119,99.0,True,True,L1_Location=Brisbane|L2_RainToday=rain_today_no
4,L1_Location=Brisbane|L2_RainToday=rain_today_no|L3_Humidity3pm=hum_mid,L1_Location=Brisbane|L2_RainToday=rain_today_no,3,L3_Humidity3pm,numeric_bin,hum_mid,1465,1015,450,371.0,True,True,L1_Location=Brisbane|L2_RainToday=rain_today_no
4,L1_Location=Brisbane|L2_RainToday=rain_today_no|L3_Humidity3pm=others,L1_Location=Brisbane|L2_RainToday=rain_today_no,3,L3_Humidity3pm,numeric_bin,others,112,94,18,32.0,True,True,L1_Location=Brisbane|L2_RainToday=rain_today_no
4,L1_Location=Brisbane|L2_RainToday=rain_today_yes|L3_Humidity3pm=hum_mid,L1_Location=Brisbane|L2_RainToday=rain_today_yes,3,L3_Humidity3pm,numeric_bin,hum_mid,342,229,113,93.0,True,True,ROOT
4,L1_Location=Brisbane|L2_RainToday=rain_today_yes|L3_Humidity3pm=others,L1_Location=Brisbane|L2_RainToday=rain_today_yes,3,L3_Humidity3pm,numeric_bin,others,214,144,70,55.0,True,True,ROOT
4,L1_Location=Cairns|L2_RainToday=rain_today_no|L3_Humidity3pm=hum_mid,L1_Location=Cairns|L2_RainToday=rain_today_no,3,L3_Humidity3pm,numeric_bin,hum_mid,1321,968,353,326.0,True,True,L1_Location=Cairns|L2_RainToday=rain_today_no
4,L1_Location=Cairns|L2_RainToday=rain_today_no|L3_Humidity3pm=others,L1_Location=Cairns|L2_RainToday=rain_today_no,3,L3_Humidity3pm,numeric_bin,others,311,226,85,65.0,True,True,L1_Location=Cairns|L2_RainToday=rain_today_no
4,L1_Location=Cairns|L2_RainToday=rain_today_yes|L3_Humidity3pm=hum_high,L1_Location=Cairns|L2_RainToday=rain_today_yes,3,L3_Humidity3pm,numeric_bin,hum_high,367,273,94,87.0,True,True,L1_Location=Cairns|L2_RainToday=rain_today_yes
4,L1_Location=Cairns|L2_RainToday=rain_today_yes|L3_Humidity3pm=hum_mid,L1_Location=Cairns|L2_RainToday=rain_today_yes,3,L3_Humidity3pm,numeric_bin,hum_mid,374,273,101,105.0,True,True,L1_Location=Cairns|L2_RainToday=rain_today_yes
4,L1_Location=Cairns|L2_RainToday=rain_today_yes|L3_Humidity3pm=others,L1_Location=Cairns|L2_RainToday=rain_today_yes,3,L3_Humidity3pm,numeric_bin,others,8,7,1,,True,True,L1_Location=Cairns|L2_RainToday=rain_today_yes
4,L1_Location=Canberra|L2_RainToday=rain_today_no|L3_Humidity3pm=hum_low,L1_Location=Canberra|L2_RainToday=rain_today_no,3,L3_Humidity3pm,numeric_bin,hum_low,986,672,314,285.0,True,True,L1_Location=Canberra|L2_RainToday=rain_today_no
4,L1_Location=Canberra|L2_RainToday=rain_today_no|L3_Humidity3pm=hum_mid,L1_Location=Canberra|L2_RainToday=rain_today_no,3,L3_Humidity3pm,numeric_bin,hum_mid,1065,774,291,264.0,True,True,L1_Location=Canberra|L2_RainToday=rain_today_no
4,L1_Location=Canberra|L2_RainToday=rain_today_no|L3_Humidity3pm=others,L1_Location=Canberra|L2_RainToday=rain_today_no,3,L3_Humidity3pm,numeric_bin,others,131,90,41,47.0,True,True,L1_Location=Canberra|L2_RainToday=rain_today_no
4,L1_Location=Cobar|L2_RainToday=rain_today_no|L3_Humidity3pm=hum_low,L1_Location=Cobar|L2_RainToday=rain_today_no,3,L3_Humidity3pm,numeric_bin,hum_low,1542,1052,490,363.0,True,True,L1_Location=Cobar
4,L1_Location=Cobar|L2_RainToday=rain_today_no|L3_Humidity3pm=hum_mid,L1_Location=Cobar|L2_RainToday=rain_today_no,3,L3_Humidity3pm,numeric_bin,hum_mid,407,280,127,111.0,True,True,L1_Location=Cobar
4,L1_Location=Cobar|L2_RainToday=rain_today_no|L3_Humidity3pm=others,L1_Location=Cobar|L2_RainToday=rain_today_no,3,L3_Humidity3pm,numeric_bin,others,137,94,43,36.0,True,True,L1_Location=Cobar
4,L1_Location=CoffsHarbour|L2_RainToday=rain_today_no|L3_Humidity3pm=hum_mid,L1_Location=CoffsHarbour|L2_RainToday=rain_today_no,3,L3_Humidity3pm,numeric_bin,hum_mid,1202,835,367,311.0,True,True,L1_Location=CoffsHarbour|L2_RainToday=rain_today_no
4,L1_Location=CoffsHarbour|L2_RainToday=rain_today_no|L3_Humidity3pm=others,L1_Location=CoffsHarbour|L2_RainToday=rain_today_no,3,L3_Humidity3pm,numeric_bin,others,444,304,140,118.0,True,True,L1_Location=CoffsHarbour|L2_RainToday=rain_today_no
4,L1_Location=CoffsHarbour|L2_RainToday=rain_today_yes|L3_Humidity3pm=hum_high,L1_Location=CoffsHarbour|L2_RainToday=rain_today_yes,3,L3_Humidity3pm,numeric_bin,hum_high,349,270,79,69.0,True,True,L1_Location=CoffsHarbour|L2_RainToday=rain_today_yes
4,L1_Location=CoffsHarbour|L2_RainToday=rain_today_yes|L3_Humidity3pm=hum_mid,L1_Location=CoffsHarbour|L2_RainToday=rain_today_yes,3,L3_Humidity3pm,numeric_bin,hum_mid,349,259,90,73.0,True,True,L1_Location=CoffsHarbour|L2_RainToday=rain_today_yes
4,L1_Location=CoffsHarbour|L2_RainToday=rain_today_yes|L3_Humidity3pm=others,L1_Location=CoffsHarbour|L2_RainToday=rain_today_yes,3,L3_Humidity3pm,numeric_bin,others,20,11,9,5.0,True,True,L1_Location=CoffsHarbour|L2_RainToday=rain_today_yes
4,L1_Location=Dartmoor|L2_RainToday=rain_today_no|L3_Humidity3pm=hum_high,L1_Location=Dartmoor|L2_RainToday=rain_today_no,3,L3_Humidity3pm,numeric_bin,hum_high,381,253,128,103.0,True,False,L1_Location=Dartmoor|L2_RainToday=rain_today_no|L3_Humidity3pm=hum_high
4,L1_Location=Dartmoor|L2_RainToday=rain_today_no|L3_Humidity3pm=hum_low,L1_Location=Dartmoor|L2_RainToday=rain_today_no,3,L3_Humidity3pm,numeric_bin,hum_low,317,223,94,77.0,True,True,L1_Location=Dartmoor
4,L1_Location=Dartmoor|L2_RainToday=rain_today_no|L3_Humidity3pm=hum_mid,L1_Location=Dartmoor|L2_RainToday=rain_today_no,3,L3_Humidity3pm,numeric_bin,hum_mid,850,585,265,193.0,True,True,L1_Location=Dartmoor
4,L1_Location=Dartmoor|L2_RainToday=rain_today_no|L3_Humidity3pm=others,L1_Location=Dartmoor|L2_RainToday=rain_today_no,3,L3_Humidity3pm,numeric_bin,others,72,47,25,25.0,True,True,L1_Location=Dartmoor
4,L1_Location=Dartmoor|L2_RainToday=rain_today_yes|L3_Humidity3pm=hum_high,L1_Location=Dartmoor|L2_RainToday=rain_today_yes,3,L3_Humidity3pm,numeric_bin,hum_high,433,303,130,108.0,True,False,L1_Location=Dartmoor|L2_RainToday=rain_today_yes|L3_Humidity3pm=hum_high
4,L1_Location=Dartmoor|L2_RainToday=rain_today_yes|L3_Humidity3pm=others,L1_Location=Dartmoor|L2_RainToday=rain_today_yes,3,L3_Humidity3pm,numeric_bin,others,300,214,86,80.0,True,True,L1_Location=Dartmoor|L2_RainToday=rain_today_yes
4,L1_Location=Darwin|L2_RainToday=rain_today_no|L3_Humidity3pm=hum_low,L1_Location=Darwin|L2_RainToday=rain_today_no,3,L3_Humidity3pm,numeric_bin,hum_low,694,483,211,167.0,True,True,L1_Location=Darwin|L2_RainToday=rain_today_no
4,L1_Location=Darwin|L2_RainToday=rain_today_no|L3_Humidity3pm=hum_mid,L1_Location=Darwin|L2_RainToday=rain_today_no,3,L3_Humidity3pm,numeric_bin,hum_mid,1087,762,325,262.0,True,True,L1_Location=Darwin|L2_RainToday=rain_today_no
4,L1_Location=Darwin|L2_RainToday=rain_today_no|L3_Humidity3pm=others,L1_Location=Darwin|L2_RainToday=rain_today_no,3,L3_Humidity3pm,numeric_bin,others,102,73,29,28.0,True,True,L1_Location=Darwin|L2_RainToday=rain_today_no
4,L1_Location=Darwin|L2_RainToday=rain_today_yes|L3_Humidity3pm=hum_mid,L1_Location=Darwin|L2_RainToday=rain_today_yes,3,L3_Humidity3pm,numeric_bin,hum_mid,399,278,121,91.0,True,True,L1_Location=Darwin
4,L1_Location=Darwin|L2_RainToday=rain_today_yes|L3_Humidity3pm=others,L1_Location=Darwin|L2_RainToday=rain_today_yes,3,L3_Humidity3pm,numeric_bin,others,289,204,85,73.0,True,True,L1_Location=Darwin
4,L1_Location=GoldCoast|L2_RainToday=rain_today_no|L3_Humidity3pm=hum_mid,L1_Location=GoldCoast|L2_RainToday=rain_today_no,3,L3_Humidity3pm,numeric_bin,hum_mid,1284,894,390,329.0,True,True,ROOT
4,L1_Location=GoldCoast|L2_RainToday=rain_today_no|L3_Humidity3pm=others,L1_Location=GoldCoast|L2_RainToday=rain_today_no,3,L3_Humidity3pm,numeric_bin,others,441,318,123,113.0,True,True,ROOT
4,L1_Location=GoldCoast|L2_RainToday=rain_today_yes|L3_Humidity3pm=hum_high,L1_Location=GoldCoast|L2_RainToday=rain_today_yes,3,L3_Humidity3pm,numeric_bin,hum_high,326,233,93,70.0,True,True,L1_Location=GoldCoast|L2_RainToday=rain_today_yes
4,L1_Location=GoldCoast|L2_RainToday=rain_today_yes|L3_Humidity3pm=others,L1_Location=GoldCoast|L2_RainToday=rain_today_yes,3,L3_Humidity3pm,numeric_bin,others,296,215,81,65.0,True,True,L1_Location=GoldCoast|L2_RainToday=rain_today_yes
4,L1_Location=Hobart|L2_RainToday=rain_today_no|L3_Humidity3pm=hum_low,L1_Location=Hobart|L2_RainToday=rain_today_no,3,L3_Humidity3pm,numeric_bin,hum_low,422,285,137,118.0,True,True,ROOT
4,L1_Location=Hobart|L2_RainToday=rain_today_no|L3_Humidity3pm=hum_mid,L1_Location=Hobart|L2_RainToday=rain_today_no,3,L3_Humidity3pm,numeric_bin,hum_mid,1289,898,391,335.0,True,True,ROOT
4,L1_Location=Hobart|L2_RainToday=rain_today_no|L3_Humidity3pm=others,L1_Location=Hobart|L2_RainToday=rain_today_no,3,L3_Humidity3pm,numeric_bin,others,208,143,65,49.0,True,True,ROOT
4,L1_Location=Hobart|L2_RainToday=rain_today_yes|L3_Humidity3pm=hum_mid,L1_Location=Hobart|L2_RainToday=rain_today_yes,3,L3_Humidity3pm,numeric_bin,hum_mid,338,239,99,97.0,True,True,L1_Location=Hobart|L2_RainToday=rain_today_yes
4,L1_Location=Hobart|L2_RainToday=rain_today_yes|L3_Humidity3pm=others,L1_Location=Hobart|L2_RainToday=rain_today_yes,3,L3_Humidity3pm,numeric_bin,others,261,173,88,66.0,True,True,L1_Location=Hobart|L2_RainToday=rain_today_yes
4,L1_Location=Katherine|L2_RainToday=rain_today_no|L3_Humidity3pm=hum_low,L1_Location=Katherine|L2_RainToday=rain_today_no,3,L3_Humidity3pm,numeric_bin,hum_low,321,222,99,,True,True,ROOT
4,L1_Location=Katherine|L2_RainToday=rain_today_no|L3_Humidity3pm=unknown,L1_Location=Katherine|L2_RainToday=rain_today_no,3,L3_Humidity3pm,numeric_bin,unknown,526,349,177,,True,True,ROOT
4,L1_Location=Katherine|L2_RainToday=rain_today_no|L3_Humidity3pm=others,L1_Location=Katherine|L2_RainToday=rain_today_no,3,L3_Humidity3pm,numeric_bin,others,180,129,51,,True,True,ROOT
4,L1_Location=Launceston|L2_RainToday=rain_today_no|L3_Humidity3pm=hum_high,L1_Location=Launceston|L2_RainToday=rain_today_no,3,L3_Humidity3pm,numeric_bin,hum_high,305,219,86,93.0,True,True,L1_Location=Launceston
4,L1_Location=Launceston|L2_RainToday=rain_today_no|L3_Humidity3pm=hum_low,L1_Location=Launceston|L2_RainToday=rain_today_no,3,L3_Humidity3pm,numeric_bin,hum_low,377,268,109,104.0,True,True,L1_Location=Launceston
4,L1_Location=Launceston|L2_RainToday=rain_today_no|L3_Humidity3pm=hum_mid,L1_Location=Launceston|L2_RainToday=rain_today_no,3,L3_Humidity3pm,numeric_bin,hum_mid,1152,828,324,289.0,True,True,L1_Location=Launceston
4,L1_Location=Launceston|L2_RainToday=rain_today_no|L3_Humidity3pm=others,L1_Location=Launceston|L2_RainToday=rain_today_no,3,L3_Humidity3pm,numeric_bin,others,2,1,1,1.0,True,True,L1_Location=Launceston
4,L1_Location=Melbourne|L2_RainToday=rain_today_no|L3_Humidity3pm=hum_low,L1_Location=Melbourne|L2_RainToday=rain_today_no,3,L3_Humidity3pm,numeric_bin,hum_low,383,277,106,,True,True,L1_Location=Melbourne|L2_RainToday=rain_today_no
4,L1_Location=Melbourne|L2_RainToday=rain_today_no|L3_Humidity3pm=hum_mid,L1_Location=Melbourne|L2_RainToday=rain_today_no,3,L3_Humidity3pm,numeric_bin,hum_mid,868,617,251,,True,False,L1_Location=Melbourne|L2_RainToday=rain_today_no|L3_Humidity3pm=hum_mid
4,L1_Location=Melbourne|L2_RainToday=rain_today_no|L3_Humidity3pm=others,L1_Location=Melbourne|L2_RainToday=rain_today_no,3,L3_Humidity3pm,numeric_bin,others,128,92,36,,True,True,L1_Location=Melbourne|L2_RainToday=rain_today_no
4,L1_Location=Melbourne|L2_RainToday=rain_today_yes|L3_Humidity3pm=hum_mid,L1_Location=Melbourne|L2_RainToday=rain_today_yes,3,L3_Humidity3pm,numeric_bin,hum_mid,323,252,71,,True,True,L1_Location=Melbourne|L2_RainToday=rain_today_yes
4,L1_Location=Melbourne|L2_RainToday=rain_today_yes|L3_Humidity3pm=others,L1_Location=Melbourne|L2_RainToday=rain_today_yes,3,L3_Humidity3pm,numeric_bin,others,152,109,43,,True,True,L1_Location=Melbourne|L2_RainToday=rain_today_yes
4,L1_Location=MelbourneAirport|L2_RainToday=rain_today_no|L3_Humidity3pm=hum_low,L1_Location=MelbourneAirport|L2_RainToday=rain_today_no,3,L3_Humidity3pm,numeric_bin,hum_low,585,420,165,145.0,True,True,L1_Location=MelbourneAirport|L2_RainToday=rain_today_no
4,L1_Location=MelbourneAirport|L2_RainToday=rain_today_no|L3_Humidity3pm=hum_mid,L1_Location=MelbourneAirport|L2_RainToday=rain_today_no,3,L3_Humidity3pm,numeric_bin,hum_mid,1095,765,330,282.0,True,True,L1_Location=MelbourneAirport|L2_RainToday=rain_today_no
4,L1_Location=MelbourneAirport|L2_RainToday=rain_today_no|L3_Humidity3pm=others,L1_Location=MelbourneAirport|L2_RainToday=rain_today_no,3,L3_Humidity3pm,numeric_bin,others,196,135,61,53.0,True,True,L1_Location=MelbourneAirport|L2_RainToday=rain_today_no
4,L1_Location=MelbourneAirport|L2_RainToday=rain_today_yes|L3_Humidity3pm=hum_mid,L1_Location=MelbourneAirport|L2_RainToday=rain_today_yes,3,L3_Humidity3pm,numeric_bin,hum_mid,329,246,83,82.0,True,True,L1_Location=MelbourneAirport|L2_RainToday=rain_today_yes
4,L1_Location=MelbourneAirport|L2_RainToday=rain_today_yes|L3_Humidity3pm=others,L1_Location=MelbourneAirport|L2_RainToday=rain_today_yes,3,L3_Humidity3pm,numeric_bin,others,196,137,59,46.0,True,True,L1_Location=MelbourneAirport|L2_RainToday=rain_today_yes
4,L1_Location=Mildura|L2_RainToday=rain_today_no|L3_Humidity3pm=hum_low,L1_Location=Mildura|L2_RainToday=rain_today_no,3,L3_Humidity3pm,numeric_bin,hum_low,1511,1046,465,385.0,True,False,L1_Location=Mildura|L2_RainToday=rain_today_no|L3_Humidity3pm=hum_low
4,L1_Location=Mildura|L2_RainToday=rain_today_no|L3_Humidity3pm=hum_mid,L1_Location=Mildura|L2_RainToday=rain_today_no,3,L3_Humidity3pm,numeric_bin,hum_mid,558,405,153,144.0,True,True,L1_Location=Mildura
4,L1_Location=Mildura|L2_RainToday=rain_today_no|L3_Humidity3pm=others,L1_Location=Mildura|L2_RainToday=rain_today_no,3,L3_Humidity3pm,numeric_bin,others,64,50,14,17.0,True,True,L1_Location=Mildura
4,L1_Location=Moree|L2_RainToday=rain_today_no|L3_Humidity3pm=hum_low,L1_Location=Moree|L2_RainToday=rain_today_no,3,L3_Humidity3pm,numeric_bin,hum_low,1528,1090,438,355.0,True,True,L1_Location=Moree|L2_RainToday=rain_today_no
4,L1_Location=Moree|L2_RainToday=rain_today_no|L3_Humidity3pm=hum_mid,L1_Location=Moree|L2_RainToday=rain_today_no,3,L3_Humidity3pm,numeric_bin,hum_mid,352,251,101,89.0,True,True,L1_Location=Moree|L2_RainToday=rain_today_no
4,L1_Location=Moree|L2_RainToday=rain_today_no|L3_Humidity3pm=others,L1_Location=Moree|L2_RainToday=rain_today_no,3,L3_Humidity3pm,numeric_bin,others,69,46,23,16.0,True,True,L1_Location=Moree|L2_RainToday=rain_today_no
4,L1_Location=MountGambier|L2_RainToday=rain_today_no|L3_Humidity3pm=hum_high,L1_Location=MountGambier|L2_RainToday=rain_today_no,3,L3_Humidity3pm,numeric_bin,hum_high,301,208,93,68.0,True,True,L1_Location=MountGambier
4,L1_Location=MountGambier|L2_RainToday=rain_today_no|L3_Humidity3pm=hum_low,L1_Location=MountGambier|L2_RainToday=rain_today_no,3,L3_Humidity3pm,numeric_bin,hum_low,458,327,131,107.0,True,True,L1_Location=MountGambier
4,L1_Location=MountGambier|L2_RainToday=rain_today_no|L3_Humidity3pm=hum_mid,L1_Location=MountGambier|L2_RainToday=rain_today_no,3,L3_Humidity3pm,numeric_bin,hum_mid,924,641,283,238.0,True,True,L1_Location=MountGambier
4,L1_Location=MountGambier|L2_RainToday=rain_today_no|L3_Humidity3pm=others,L1_Location=MountGambier|L2_RainToday=rain_today_no,3,L3_Humidity3pm,numeric_bin,others,5,5,0,2.0,True,True,L1_Location=MountGambier
4,L1_Location=MountGambier|L2_RainToday=rain_today_yes|L3_Humidity3pm=hum_high,L1_Location=MountGambier|L2_RainToday=rain_today_yes,3,L3_Humidity3pm,numeric_bin,hum_high,315,235,80,84.0,True,True,L1_Location=MountGambier
4,L1_Location=MountGambier|L2_RainToday=rain_today_yes|L3_Humidity3pm=hum_mid,L1_Location=MountGambier|L2_RainToday=rain_today_yes,3,L3_Humidity3pm,numeric_bin,hum_mid,397,276,121,97.0,True,True,L1_Location=MountGambier
4,L1_Location=MountGambier|L2_RainToday=rain_today_yes|L3_Humidity3pm=others,L1_Location=MountGambier|L2_RainToday=rain_today_yes,3,L3_Humidity3pm,numeric_bin,others,20,12,8,6.0,True,True,L1_Location=MountGambier
4,L1_Location=MountGinini|L2_RainToday=rain_today_no|L3_Humidity3pm=hum_high,L1_Location=MountGinini|L2_RainToday=rain_today_no,3,L3_Humidity3pm,numeric_bin,hum_high,576,422,154,147.0,True,True,L1_Location=MountGinini
4,L1_Location=MountGinini|L2_RainToday=rain_today_no|L3_Humidity3pm=hum_mid,L1_Location=MountGinini|L2_RainToday=rain_today_no,3,L3_Humidity3pm,numeric_bin,hum_mid,716,514,202,180.0,True,True,L1_Location=MountGinini
4,L1_Location=MountGinini|L2_RainToday=rain_today_no|L3_Humidity3pm=others,L1_Location=MountGinini|L2_RainToday=rain_today_no,3,L3_Humidity3pm,numeric_bin,others,316,235,81,100.0,True,True,L1_Location=MountGinini
4,L1_Location=MountGinini|L2_RainToday=rain_today_yes|L3_Humidity3pm=hum_high,L1_Location=MountGinini|L2_RainToday=rain_today_yes,3,L3_Humidity3pm,numeric_bin,hum_high,428,301,127,103.0,True,False,L1_Location=MountGinini|L2_RainToday=rain_today_yes|L3_Humidity3pm=hum_high
4,L1_Location=MountGinini|L2_RainToday=rain_today_yes|L3_Humidity3pm=others,L1_Location=MountGinini|L2_RainToday=rain_today_yes,3,L3_Humidity3pm,numeric_bin,others,193,137,56,57.0,True,True,L1_Location=MountGinini|L2_RainToday=rain_today_yes
4,L1_Location=Newcastle|L2_RainToday=rain_today_no|L3_Humidity3pm=hum_mid,L1_Location=Newcastle|L2_RainToday=rain_today_no,3,L3_Humidity3pm,numeric_bin,hum_mid,816,550,266,195.0,True,True,ROOT
4,L1_Location=Newcastle|L2_RainToday=rain_today_no|L3_Humidity3pm=unknown,L1_Location=Newcastle|L2_RainToday=rain_today_no,3,L3_Humidity3pm,numeric_bin,unknown,520,335,185,129.0,True,True,ROOT
4,L1_Location=Newcastle|L2_RainToday=rain_today_no|L3_Humidity3pm=others,L1_Location=Newcastle|L2_RainToday=rain_today_no,3,L3_Humidity3pm,numeric_bin,others,431,296,135,117.0,True,True,ROOT
4,L1_Location=Nhil|L2_RainToday=rain_today_no|L3_Humidity3pm=hum_low,L1_Location=Nhil|L2_RainToday=rain_today_no,3,L3_Humidity3pm,numeric_bin,hum_low,553,377,176,,True,True,L1_Location=Nhil|L2_RainToday=rain_today_no
4,L1_Location=Nhil|L2_RainToday=rain_today_no|L3_Humidity3pm=hum_mid,L1_Location=Nhil|L2_RainToday=rain_today_no,3,L3_Humidity3pm,numeric_bin,hum_mid,428,294,134,,True,False,L1_Location=Nhil|L2_RainToday=rain_today_no|L3_Humidity3pm=hum_mid
4,L1_Location=Nhil|L2_RainToday=rain_today_no|L3_Humidity3pm=others,L1_Location=Nhil|L2_RainToday=rain_today_no,3,L3_Humidity3pm,numeric_bin,others,93,66,27,,True,True,L1_Location=Nhil|L2_RainToday=rain_today_no
4,L1_Location=NorahHead|L2_RainToday=rain_today_no|L3_Humidity3pm=hum_high,L1_Location=NorahHead|L2_RainToday=rain_today_no,3,L3_Humidity3pm,numeric_bin,hum_high,669,481,188,149.0,True,False,L1_Location=NorahHead|L2_RainToday=rain_today_no|L3_Humidity3pm=hum_high
4,L1_Location=NorahHead|L2_RainToday=rain_today_no|L3_Humidity3pm=hum_mid,L1_Location=NorahHead|L2_RainToday=rain_today_no,3,L3_Humidity3pm,numeric_bin,hum_mid,894,649,245,221.0,True,True,ROOT
4,L1_Location=NorahHead|L2_RainToday=rain_today_no|L3_Humidity3pm=others,L1_Location=NorahHead|L2_RainToday=rain_today_no,3,L3_Humidity3pm,numeric_bin,others,133,98,35,27.0,True,True,ROOT
4,L1_Location=NorahHead|L2_RainToday=rain_today_yes|L3_Humidity3pm=hum_high,L1_Location=NorahHead|L2_RainToday=rain_today_yes,3,L3_Humidity3pm,numeric_bin,hum_high,387,263,124,116.0,True,False,L1_Location=NorahHead|L2_RainToday=rain_today_yes|L3_Humidity3pm=hum_high
4,L1_Location=NorahHead|L2_RainToday=rain_today_yes|L3_Humidity3pm=others,L1_Location=NorahHead|L2_RainToday=rain_today_yes,3,L3_Humidity3pm,numeric_bin,others,226,161,65,66.0,True,True,L1_Location=NorahHead|L2_RainToday=rain_today_yes
4,L1_Location=NorfolkIsland|L2_RainToday=rain_today_no|L3_Humidity3pm=hum_high,L1_Location=NorfolkIsland|L2_RainToday=rain_today_no,3,L3_Humidity3pm,numeric_bin,hum_high,532,370,162,108.0,True,False,L1_Location=NorfolkIsland|L2_RainToday=rain_today_no|L3_Humidity3pm=hum_high
4,L1_Location=NorfolkIsland|L2_RainToday=rain_today_no|L3_Humidity3pm=hum_mid,L1_Location=NorfolkIsland|L2_RainToday=rain_today_no,3,L3_Humidity3pm,numeric_bin,hum_mid,1121,765,356,269.0,True,True,L1_Location=NorfolkIsland|L2_RainToday=rain_today_no
4,L1_Location=NorfolkIsland|L2_RainToday=rain_today_no|L3_Humidity3pm=others,L1_Location=NorfolkIsland|L2_RainToday=rain_today_no,3,L3_Humidity3pm,numeric_bin,others,2,1,1,,True,True,L1_Location=NorfolkIsland|L2_RainToday=rain_today_no
4,L1_Location=NorfolkIsland|L2_RainToday=rain_today_yes|L3_Humidity3pm=hum_high,L1_Location=NorfolkIsland|L2_RainToday=rain_today_yes,3,L3_Humidity3pm,numeric_bin,hum_high,379,288,91,96.0,True,True,L1_Location=NorfolkIsland|L2_RainToday=rain_today_yes
4,L1_Location=NorfolkIsland|L2_RainToday=rain_today_yes|L3_Humidity3pm=hum_mid,L1_Location=NorfolkIsland|L2_RainToday=rain_today_yes,3,L3_Humidity3pm,numeric_bin,hum_mid,344,237,107,93.0,True,True,L1_Location=NorfolkIsland|L2_RainToday=rain_today_yes
4,L1_Location=Nuriootpa|L2_RainToday=rain_today_no|L3_Humidity3pm=hum_low,L1_Location=Nuriootpa|L2_RainToday=rain_today_no,3,L3_Humidity3pm,numeric_bin,hum_low,1031,717,314,246.0,True,True,L1_Location=Nuriootpa
4,L1_Location=Nuriootpa|L2_RainToday=rain_today_no|L3_Humidity3pm=hum_mid,L1_Location=Nuriootpa|L2_RainToday=rain_today_no,3,L3_Humidity3pm,numeric_bin,hum_mid,739,526,213,172.0,True,False,L1_Location=Nuriootpa|L2_RainToday=rain_today_no|L3_Humidity3pm=hum_mid
4,L1_Location=Nuriootpa|L2_RainToday=rain_today_no|L3_Humidity3pm=others,L1_Location=Nuriootpa|L2_RainToday=rain_today_no,3,L3_Humidity3pm,numeric_bin,others,168,116,52,52.0,True,True,L1_Location=Nuriootpa
4,L1_Location=PearceRAAF|L2_RainToday=rain_today_no|L3_Humidity3pm=hum_low,L1_Location=PearceRAAF|L2_RainToday=rain_today_no,3,L3_Humidity3pm,numeric_bin,hum_low,1063,746,317,258.0,True,True,L1_Location=PearceRAAF|L2_RainToday=rain_today_no
4,L1_Location=PearceRAAF|L2_RainToday=rain_today_no|L3_Humidity3pm=hum_mid,L1_Location=PearceRAAF|L2_RainToday=rain_today_no,3,L3_Humidity3pm,numeric_bin,hum_mid,602,426,176,165.0,True,True,L1_Location=PearceRAAF|L2_RainToday=rain_today_no
4,L1_Location=PearceRAAF|L2_RainToday=rain_today_no|L3_Humidity3pm=others,L1_Location=PearceRAAF|L2_RainToday=rain_today_no,3,L3_Humidity3pm,numeric_bin,others,71,51,20,13.0,True,True,L1_Location=PearceRAAF|L2_RainToday=rain_today_no
4,L1_Location=Penrith|L2_RainToday=rain_today_no|L3_Humidity3pm=hum_low,L1_Location=Penrith|L2_RainToday=rain_today_no,3,L3_Humidity3pm,numeric_bin,hum_low,815,546,269,220.0,True,False,L1_Location=Penrith|L2_RainToday=rain_today_no|L3_Humidity3pm=hum_low
4,L1_Location=Penrith|L2_RainToday=rain_today_no|L3_Humidity3pm=hum_mid,L1_Location=Penrith|L2_RainToday=rain_today_no,3,L3_Humidity3pm,numeric_bin,hum_mid,865,617,248,194.0,True,True,ROOT
4,L1_Location=Penrith|L2_RainToday=rain_today_no|L3_Humidity3pm=others,L1_Location=Penrith|L2_RainToday=rain_today_no,3,L3_Humidity3pm,numeric_bin,others,188,128,60,48.0,True,True,ROOT
4,L1_Location=Perth|L2_RainToday=rain_today_no|L3_Humidity3pm=hum_low,L1_Location=Perth|L2_RainToday=rain_today_no,3,L3_Humidity3pm,numeric_bin,hum_low,849,578,271,172.0,True,True,L1_Location=Perth|L2_RainToday=rain_today_no
4,L1_Location=Perth|L2_RainToday=rain_today_no|L3_Humidity3pm=hum_mid,L1_Location=Perth|L2_RainToday=rain_today_no,3,L3_Humidity3pm,numeric_bin,hum_mid,1107,757,350,309.0,True,True,L1_Location=Perth|L2_RainToday=rain_today_no
4,L1_Location=Perth|L2_RainToday=rain_today_no|L3_Humidity3pm=others,L1_Location=Perth|L2_RainToday=rain_today_no,3,L3_Humidity3pm,numeric_bin,others,89,58,31,22.0,True,True,L1_Location=Perth|L2_RainToday=rain_today_no
4,L1_Location=Perth|L2_RainToday=rain_today_yes|L3_Humidity3pm=hum_mid,L1_Location=Perth|L2_RainToday=rain_today_yes,3,L3_Humidity3pm,numeric_bin,hum_mid,392,271,121,99.0,True,True,L1_Location=Perth
4,L1_Location=Perth|L2_RainToday=rain_today_yes|L3_Humidity3pm=others,L1_Location=Perth|L2_RainToday=rain_today_yes,3,L3_Humidity3pm,numeric_bin,others,128,90,38,26.0,True,True,L1_Location=Perth
4,L1_Location=PerthAirport|L2_RainToday=rain_today_no|L3_Humidity3pm=hum_low,L1_Location=PerthAirport|L2_RainToday=rain_today_no,3,L3_Humidity3pm,numeric_bin,hum_low,1102,772,330,296.0,True,True,L1_Location=PerthAirport
4,L1_Location=PerthAirport|L2_RainToday=rain_today_no|L3_Humidity3pm=hum_mid,L1_Location=PerthAirport|L2_RainToday=rain_today_no,3,L3_Humidity3pm,numeric_bin,hum_mid,751,528,223,207.0,True,True,L1_Location=PerthAirport
4,L1_Location=PerthAirport|L2_RainToday=rain_today_no|L3_Humidity3pm=others,L1_Location=PerthAirport|L2_RainToday=rain_today_no,3,L3_Humidity3pm,numeric_bin,others,67,48,19,19.0,True,True,L1_Location=PerthAirport
4,L1_Location=PerthAirport|L2_RainToday=rain_today_yes|L3_Humidity3pm=hum_mid,L1_Location=PerthAirport|L2_RainToday=rain_today_yes,3,L3_Humidity3pm,numeric_bin,hum_mid,335,230,105,70.0,True,True,L1_Location=PerthAirport|L2_RainToday=rain_today_yes
4,L1_Location=PerthAirport|L2_RainToday=rain_today_yes|L3_Humidity3pm=others,L1_Location=PerthAirport|L2_RainToday=rain_today_yes,3,L3_Humidity3pm,numeric_bin,others,138,106,32,24.0,True,True,L1_Location=PerthAirport|L2_RainToday=rain_today_yes
4,L1_Location=Portland|L2_RainToday=rain_today_no|L3_Humidity3pm=hum_high,L1_Location=Portland|L2_RainToday=rain_today_no,3,L3_Humidity3pm,numeric_bin,hum_high,412,273,139,106.0,True,False,L1_Location=Portland|L2_RainToday=rain_today_no|L3_Humidity3pm=hum_high
4,L1_Location=Portland|L2_RainToday=rain_today_no|L3_Humidity3pm=hum_mid,L1_Location=Portland|L2_RainToday=rain_today_no,3,L3_Humidity3pm,numeric_bin,hum_mid,938,639,299,266.0,True,True,L1_Location=Portland
4,L1_Location=Portland|L2_RainToday=rain_today_no|L3_Humidity3pm=others,L1_Location=Portland|L2_RainToday=rain_today_no,3,L3_Humidity3pm,numeric_bin,others,141,89,52,33.0,True,True,L1_Location=Portland
4,L1_Location=Portland|L2_RainToday=rain_today_yes|L3_Humidity3pm=hum_high,L1_Location=Portland|L2_RainToday=rain_today_yes,3,L3_Humidity3pm,numeric_bin,hum_high,458,318,140,122.0,True,False,L1_Location=Portland|L2_RainToday=rain_today_yes|L3_Humidity3pm=hum_high
4,L1_Location=Portland|L2_RainToday=rain_today_yes|L3_Humidity3pm=hum_mid,L1_Location=Portland|L2_RainToday=rain_today_yes,3,L3_Humidity3pm,numeric_bin,hum_mid,397,285,112,105.0,True,True,L1_Location=Portland|L2_RainToday=rain_today_yes
4,L1_Location=Portland|L2_RainToday=rain_today_yes|L3_Humidity3pm=others,L1_Location=Portland|L2_RainToday=rain_today_yes,3,L3_Humidity3pm,numeric_bin,others,5,3,2,1.0,True,True,L1_Location=Portland|L2_RainToday=rain_today_yes
4,L1_Location=Richmond|L2_RainToday=rain_today_no|L3_Humidity3pm=hum_low,L1_Location=Richmond|L2_RainToday=rain_today_no,3,L3_Humidity3pm,numeric_bin,hum_low,790,543,247,194.0,True,False,L1_Location=Richmond|L2_RainToday=rain_today_no|L3_Humidity3pm=hum_low
4,L1_Location=Richmond|L2_RainToday=rain_today_no|L3_Humidity3pm=hum_mid,L1_Location=Richmond|L2_RainToday=rain_today_no,3,L3_Humidity3pm,numeric_bin,hum_mid,921,633,288,239.0,True,True,ROOT
4,L1_Location=Richmond|L2_RainToday=rain_today_no|L3_Humidity3pm=others,L1_Location=Richmond|L2_RainToday=rain_today_no,3,L3_Humidity3pm,numeric_bin,others,161,115,46,46.0,True,True,ROOT
4,L1_Location=Sale|L2_RainToday=rain_today_no|L3_Humidity3pm=hum_low,L1_Location=Sale|L2_RainToday=rain_today_no,3,L3_Humidity3pm,numeric_bin,hum_low,308,222,86,81.0,True,True,L1_Location=Sale|L2_RainToday=rain_today_no
4,L1_Location=Sale|L2_RainToday=rain_today_no|L3_Humidity3pm=hum_mid,L1_Location=Sale|L2_RainToday=rain_today_no,3,L3_Humidity3pm,numeric_bin,hum_mid,1308,932,376,303.0,True,True,L1_Location=Sale|L2_RainToday=rain_today_no
4,L1_Location=Sale|L2_RainToday=rain_today_no|L3_Humidity3pm=others,L1_Location=Sale|L2_RainToday=rain_today_no,3,L3_Humidity3pm,numeric_bin,others,297,203,94,54.0,True,True,L1_Location=Sale|L2_RainToday=rain_today_no
4,L1_Location=Sale|L2_RainToday=rain_today_yes|L3_Humidity3pm=hum_mid,L1_Location=Sale|L2_RainToday=rain_today_yes,3,L3_Humidity3pm,numeric_bin,hum_mid,307,214,93,85.0,True,True,ROOT
4,L1_Location=Sale|L2_RainToday=rain_today_yes|L3_Humidity3pm=others,L1_Location=Sale|L2_RainToday=rain_today_yes,3,L3_Humidity3pm,numeric_bin,others,193,137,56,56.0,True,True,ROOT
4,L1_Location=SalmonGums|L2_RainToday=rain_today_no|L3_Humidity3pm=hum_low,L1_Location=SalmonGums|L2_RainToday=rain_today_no,3,L3_Humidity3pm,numeric_bin,hum_low,1252,862,390,303.0,True,True,ROOT
4,L1_Location=SalmonGums|L2_RainToday=rain_today_no|L3_Humidity3pm=hum_mid,L1_Location=SalmonGums|L2_RainToday=rain_today_no,3,L3_Humidity3pm,numeric_bin,hum_mid,654,450,204,151.0,True,True,ROOT
4,L1_Location=SalmonGums|L2_RainToday=rain_today_no|L3_Humidity3pm=others,L1_Location=SalmonGums|L2_RainToday=rain_today_no,3,L3_Humidity3pm,numeric_bin,others,89,55,34,23.0,True,True,ROOT
4,L1_Location=Sydney|L2_RainToday=rain_today_no|L3_Humidity3pm=hum_low,L1_Location=Sydney|L2_RainToday=rain_today_no,3,L3_Humidity3pm,numeric_bin,hum_low,471,347,124,132.0,True,True,L1_Location=Sydney
4,L1_Location=Sydney|L2_RainToday=rain_today_no|L3_Humidity3pm=hum_mid,L1_Location=Sydney|L2_RainToday=rain_today_no,3,L3_Humidity3pm,numeric_bin,hum_mid,1347,919,428,318.0,True,True,L1_Location=Sydney
4,L1_Location=Sydney|L2_RainToday=rain_today_no|L3_Humidity3pm=others,L1_Location=Sydney|L2_RainToday=rain_today_no,3,L3_Humidity3pm,numeric_bin,others,161,120,41,36.0,True,True,L1_Location=Sydney
4,L1_Location=Sydney|L2_RainToday=rain_today_yes|L3_Humidity3pm=hum_mid,L1_Location=Sydney|L2_RainToday=rain_today_yes,3,L3_Humidity3pm,numeric_bin,hum_mid,410,291,119,93.0,True,True,L1_Location=Sydney|L2_RainToday=rain_today_yes
4,L1_Location=Sydney|L2_RainToday=rain_today_yes|L3_Humidity3pm=others,L1_Location=Sydney|L2_RainToday=rain_today_yes,3,L3_Humidity3pm,numeric_bin,others,272,182,90,91.0,True,True,L1_Location=Sydney|L2_RainToday=rain_today_yes
4,L1_Location=SydneyAirport|L2_RainToday=rain_today_no|L3_Humidity3pm=hum_low,L1_Location=SydneyAirport|L2_RainToday=rain_today_no,3,L3_Humidity3pm,numeric_bin,hum_low,521,371,150,119.0,True,True,L1_Location=SydneyAirport|L2_RainToday=rain_today_no
4,L1_Location=SydneyAirport|L2_RainToday=rain_today_no|L3_Humidity3pm=hum_mid,L1_Location=SydneyAirport|L2_RainToday=rain_today_no,3,L3_Humidity3pm,numeric_bin,hum_mid,1033,717,316,284.0,True,True,L1_Location=SydneyAirport|L2_RainToday=rain_today_no
4,L1_Location=SydneyAirport|L2_RainToday=rain_today_no|L3_Humidity3pm=others,L1_Location=SydneyAirport|L2_RainToday=rain_today_no,3,L3_Humidity3pm,numeric_bin,others,216,154,62,56.0,True,True,L1_Location=SydneyAirport|L2_RainToday=rain_today_no
4,L1_Location=SydneyAirport|L2_RainToday=rain_today_yes|L3_Humidity3pm=hum_mid,L1_Location=SydneyAirport|L2_RainToday=rain_today_yes,3,L3_Humidity3pm,numeric_bin,hum_mid,322,225,97,65.0,True,True,ROOT
4,L1_Location=SydneyAirport|L2_RainToday=rain_today_yes|L3_Humidity3pm=others,L1_Location=SydneyAirport|L2_RainToday=rain_today_yes,3,L3_Humidity3pm,numeric_bin,others,305,217,88,80.0,True,True,ROOT
4,L1_Location=Townsville|L2_RainToday=rain_today_no|L3_Humidity3pm=hum_mid,L1_Location=Townsville|L2_RainToday=rain_today_no,3,L3_Humidity3pm,numeric_bin,hum_mid,1697,1169,528,389.0,True,True,L1_Location=Townsville|L2_RainToday=rain_today_no
4,L1_Location=Townsville|L2_RainToday=rain_today_no|L3_Humidity3pm=others,L1_Location=Townsville|L2_RainToday=rain_today_no,3,L3_Humidity3pm,numeric_bin,others,343,224,119,80.0,True,True,L1_Location=Townsville|L2_RainToday=rain_today_no
4,L1_Location=Tuggeranong|L2_RainToday=rain_today_no|L3_Humidity3pm=hum_low,L1_Location=Tuggeranong|L2_RainToday=rain_today_no,3,L3_Humidity3pm,numeric_bin,hum_low,825,594,231,208.0,True,True,L1_Location=Tuggeranong
4,L1_Location=Tuggeranong|L2_RainToday=rain_today_no|L3_Humidity3pm=hum_mid,L1_Location=Tuggeranong|L2_RainToday=rain_today_no,3,L3_Humidity3pm,numeric_bin,hum_mid,964,685,279,244.0,True,True,L1_Location=Tuggeranong
4,L1_Location=Tuggeranong|L2_RainToday=rain_today_no|L3_Humidity3pm=others,L1_Location=Tuggeranong|L2_RainToday=rain_today_no,3,L3_Humidity3pm,numeric_bin,others,122,90,32,34.0,True,True,L1_Location=Tuggeranong
4,L1_Location=Uluru|L2_RainToday=rain_today_no|L3_Humidity3pm=hum_low,L1_Location=Uluru|L2_RainToday=rain_today_no,3,L3_Humidity3pm,numeric_bin,hum_low,1033,710,323,,True,False,L1_Location=Uluru|L2_RainToday=rain_today_no|L3_Humidity3pm=hum_low
4,L1_Location=Uluru|L2_RainToday=rain_today_no|L3_Humidity3pm=others,L1_Location=Uluru|L2_RainToday=rain_today_no,3,L3_Humidity3pm,numeric_bin,others,72,47,25,,True,True,L1_Location=Uluru
4,L1_Location=WaggaWagga|L2_RainToday=rain_today_no|L3_Humidity3pm=hum_low,L1_Location=WaggaWagga|L2_RainToday=rain_today_no,3,L3_Humidity3pm,numeric_bin,hum_low,1119,765,354,265.0,True,True,L1_Location=WaggaWagga
4,L1_Location=WaggaWagga|L2_RainToday=rain_today_no|L3_Humidity3pm=hum_mid,L1_Location=WaggaWagga|L2_RainToday=rain_today_no,3,L3_Humidity3pm,numeric_bin,hum_mid,722,502,220,155.0,True,True,L1_Location=WaggaWagga
4,L1_Location=WaggaWagga|L2_RainToday=rain_today_no|L3_Humidity3pm=others,L1_Location=WaggaWagga|L2_RainToday=rain_today_no,3,L3_Humidity3pm,numeric_bin,others,132,89,43,32.0,True,True,L1_Location=WaggaWagga
4,L1_Location=Walpole|L2_RainToday=rain_today_no|L3_Humidity3pm=hum_high,L1_Location=Walpole|L2_RainToday=rain_today_no,3,L3_Humidity3pm,numeric_bin,hum_high,352,226,126,98.0,True,False,L1_Location=Walpole|L2_RainToday=rain_today_no|L3_Humidity3pm=hum_high
4,L1_Location=Walpole|L2_RainToday=rain_today_no|L3_Humidity3pm=hum_mid,L1_Location=Walpole|L2_RainToday=rain_today_no,3,L3_Humidity3pm,numeric_bin,hum_mid,1064,763,301,251.0,True,True,L1_Location=Walpole|L2_RainToday=rain_today_no
4,L1_Location=Walpole|L2_RainToday=rain_today_no|L3_Humidity3pm=others,L1_Location=Walpole|L2_RainToday=rain_today_no,3,L3_Humidity3pm,numeric_bin,others,62,36,26,15.0,True,True,L1_Location=Walpole|L2_RainToday=rain_today_no
4,L1_Location=Walpole|L2_RainToday=rain_today_yes|L3_Humidity3pm=hum_high,L1_Location=Walpole|L2_RainToday=rain_today_yes,3,L3_Humidity3pm,numeric_bin,hum_high,355,253,102,94.0,True,False,L1_Location=Walpole|L2_RainToday=rain_today_yes|L3_Humidity3pm=hum_high
4,L1_Location=Walpole|L2_RainToday=rain_today_yes|L3_Humidity3pm=hum_mid,L1_Location=Walpole|L2_RainToday=rain_today_yes,3,L3_Humidity3pm,numeric_bin,hum_mid,383,268,115,77.0,True,True,L1_Location=Walpole|L2_RainToday=rain_today_yes
4,L1_Location=Walpole|L2_RainToday=rain_today_yes|L3_Humidity3pm=others,L1_Location=Walpole|L2_RainToday=rain_today_yes,3,L3_Humidity3pm,numeric_bin,others,18,14,4,1.0,True,True,L1_Location=Walpole|L2_RainToday=rain_today_yes
4,L1_Location=Watsonia|L2_RainToday=rain_today_no|L3_Humidity3pm=hum_low,L1_Location=Watsonia|L2_RainToday=rain_today_no,3,L3_Humidity3pm,numeric_bin,hum_low,489,350,139,130.0,True,True,L1_Location=Watsonia|L2_RainToday=rain_today_no
4,L1_Location=Watsonia|L2_RainToday=rain_today_no|L3_Humidity3pm=hum_mid,L1_Location=Watsonia|L2_RainToday=rain_today_no,3,L3_Humidity3pm,numeric_bin,hum_mid,1095,758,337,270.0,True,True,L1_Location=Watsonia|L2_RainToday=rain_today_no
4,L1_Location=Watsonia|L2_RainToday=rain_today_no|L3_Humidity3pm=others,L1_Location=Watsonia|L2_RainToday=rain_today_no,3,L3_Humidity3pm,numeric_bin,others,223,169,54,49.0,True,True,L1_Location=Watsonia|L2_RainToday=rain_today_no
4,L1_Location=Watsonia|L2_RainToday=rain_today_yes|L3_Humidity3pm=hum_mid,L1_Location=Watsonia|L2_RainToday=rain_today_yes,3,L3_Humidity3pm,numeric_bin,hum_mid,365,270,95,82.0,True,True,ROOT
4,L1_Location=Watsonia|L2_RainToday=rain_today_yes|L3_Humidity3pm=others,L1_Location=Watsonia|L2_RainToday=rain_today_yes,3,L3_Humidity3pm,numeric_bin,others,230,160,70,57.0,True,True,ROOT
4,L1_Location=Williamtown|L2_RainToday=rain_today_no|L3_Humidity3pm=hum_low,L1_Location=Williamtown|L2_RainToday=rain_today_no,3,L3_Humidity3pm,numeric_bin,hum_low,450,309,141,102.0,True,False,L1_Location=Williamtown|L2_RainToday=rain_today_no|L3_Humidity3pm=hum_low
4,L1_Location=Williamtown|L2_RainToday=rain_today_no|L3_Humidity3pm=hum_mid,L1_Location=Williamtown|L2_RainToday=rain_today_no,3,L3_Humidity3pm,numeric_bin,hum_mid,799,563,236,221.0,True,True,L1_Location=Williamtown|L2_RainToday=rain_today_no
4,L1_Location=Williamtown|L2_RainToday=rain_today_no|L3_Humidity3pm=others,L1_Location=Williamtown|L2_RainToday=rain_today_no,3,L3_Humidity3pm,numeric_bin,others,126,87,39,43.0,True,True,L1_Location=Williamtown|L2_RainToday=rain_today_no
4,L1_Location=Witchcliffe|L2_RainToday=rain_today_no|L3_Humidity3pm=hum_mid,L1_Location=Witchcliffe|L2_RainToday=rain_today_no,3,L3_Humidity3pm,numeric_bin,hum_mid,1178,824,354,286.0,True,True,L1_Location=Witchcliffe
4,L1_Location=Witchcliffe|L2_RainToday=rain_today_no|L3_Humidity3pm=others,L1_Location=Witchcliffe|L2_RainToday=rain_today_no,3,L3_Humidity3pm,numeric_bin,others,463,312,151,126.0,True,True,L1_Location=Witchcliffe
4,L1_Location=Witchcliffe|L2_RainToday=rain_today_yes|L3_Humidity3pm=hum_mid,L1_Location=Witchcliffe|L2_RainToday=rain_today_yes,3,L3_Humidity3pm,numeric_bin,hum_mid,391,259,132,113.0,True,True,L1_Location=Witchcliffe|L2_RainToday=rain_today_yes
4,L1_Location=Witchcliffe|L2_RainToday=rain_today_yes|L3_Humidity3pm=others,L1_Location=Witchcliffe|L2_RainToday=rain_today_yes,3,L3_Humidity3pm,numeric_bin,others,290,195,95,77.0,True,True,L1_Location=Witchcliffe|L2_RainToday=rain_today_yes
4,L1_Location=Wollongong|L2_RainToday=rain_today_no|L3_Humidity3pm=hum_high,L1_Location=Wollongong|L2_RainToday=rain_today_no,3,L3_Humidity3pm,numeric_bin,hum_high,708,502,206,164.0,True,False,L1_Location=Wollongong|L2_RainToday=rain_today_no|L3_Humidity3pm=hum_high
4,L1_Location=Wollongong|L2_RainToday=rain_today_no|L3_Humidity3pm=hum_mid,L1_Location=Wollongong|L2_RainToday=rain_today_no,3,L3_Humidity3pm,numeric_bin,hum_mid,843,564,279,228.0,True,True,ROOT
4,L1_Location=Wollongong|L2_RainToday=rain_today_no|L3_Humidity3pm=others,L1_Location=Wollongong|L2_RainToday=rain_today_no,3,L3_Humidity3pm,numeric_bin,others,223,158,65,73.0,True,True,ROOT
4,L1_Location=Wollongong|L2_RainToday=rain_today_yes|L3_Humidity3pm=hum_high,L1_Location=Wollongong|L2_RainToday=rain_today_yes,3,L3_Humidity3pm,numeric_bin,hum_high,340,236,104,99.0,True,False,L1_Location=Wollongong|L2_RainToday=rain_today_yes|L3_Humidity3pm=hum_high
4,L1_Location=Wollongong|L2_RainToday=rain_today_yes|L3_Humidity3pm=others,L1_Location=Wollongong|L2_RainToday=rain_today_yes,3,L3_Humidity3pm,numeric_bin,others,205,150,55,60.0,True,True,L1_Location=Wollongong|L2_RainToday=rain_today_yes
4,L1_Location=Woomera|L2_RainToday=rain_today_no|L3_Humidity3pm=hum_low,L1_Location=Woomera|L2_RainToday=rain_today_no,3,L3_Humidity3pm,numeric_bin,hum_low,1795,1280,515,485.0,True,True,L1_Location=Woomera
4,L1_Location=Woomera|L2_RainToday=rain_today_no|L3_Humidity3pm=hum_mid,L1_Location=Woomera|L2_RainToday=rain_today_no,3,L3_Humidity3pm,numeric_bin,hum_mid,340,236,104,83.0,True,True,L1_Location=Woomera
4,L1_Location=Woomera|L2_RainToday=rain_today_no|L3_Humidity3pm=others,L1_Location=Woomera|L2_RainToday=rain_today_no,3,L3_Humidity3pm,numeric_bin,others,62,41,21,18.0,True,True,L1_Location=Woomera
5,ROOT,ROOT,0,ROOT,ROOT,all,113755,15908,6808,1419.0,False,False,ROOT
5,L1_Location=Adelaide,ROOT,1,L1_Location,category_group,Adelaide,2492,380,284,,False,True,ROOT
5,L1_Location=Albany,ROOT,1,L1_Location,category_group,Albany,2428,350,338,,False,False,L1_Location=Albany
5,L1_Location=Albury,ROOT,1,L1_Location,category_group,Albury,2409,347,254,,False,False,L1_Location=Albury
5,L1_Location=AliceSprings,ROOT,1,L1_Location,category_group,AliceSprings,2415,452,194,,False,False,L1_Location=AliceSprings
5,L1_Location=BadgerysCreek,ROOT,1,L1_Location,category_group,BadgerysCreek,2363,355,269,,False,True,ROOT
5,L1_Location=Ballarat,ROOT,1,L1_Location,category_group,Ballarat,2447,354,289,,False,True,ROOT
5,L1_Location=Bendigo,ROOT,1,L1_Location,category_group,Bendigo,2429,343,246,,False,False,L1_Location=Bendigo
5,L1_Location=Brisbane,ROOT,1,L1_Location,category_group,Brisbane,2514,360,287,,False,False,L1_Location=Brisbane
5,L1_Location=Cairns,ROOT,1,L1_Location,category_group,Cairns,2367,357,288,,False,False,L1_Location=Cairns
5,L1_Location=Canberra,ROOT,1,L1_Location,category_group,Canberra,2729,392,282,,False,True,ROOT
5,L1_Location=Cobar,ROOT,1,L1_Location,category_group,Cobar,2421,504,236,,False,False,L1_Location=Cobar
5,L1_Location=CoffsHarbour,ROOT,1,L1_Location,category_group,CoffsHarbour,2379,343,304,,False,True,ROOT
5,L1_Location=Dartmoor,ROOT,1,L1_Location,category_group,Dartmoor,2391,331,325,,False,False,L1_Location=Dartmoor
5,L1_Location=Darwin,ROOT,1,L1_Location,category_group,Darwin,2568,360,310,,False,False,L1_Location=Darwin
5,L1_Location=GoldCoast,ROOT,1,L1_Location,category_group,GoldCoast,2366,354,283,,False,True,ROOT
5,L1_Location=Hobart,ROOT,1,L1_Location,category_group,Hobart,2551,354,299,,False,True,ROOT
5,L1_Location=Katherine,ROOT,1,L1_Location,category_group,Katherine,1244,279,141,,False,True,ROOT
5,L1_Location=Launceston,ROOT,1,L1_Location,category_group,Launceston,2453,355,262,,False,False,L1_Location=Launceston
5,L1_Location=Melbourne,ROOT,1,L1_Location,category_group,Melbourne,1933,345,241,,False,True,ROOT
5,L1_Location=MelbourneAirport,ROOT,1,L1_Location,category_group,MelbourneAirport,2358,334,246,,False,True,ROOT
5,L1_Location=Mildura,ROOT,1,L1_Location,category_group,Mildura,2398,487,202,,False,True,ROOT
5,L1_Location=Moree,ROOT,1,L1_Location,category_group,Moree,2338,524,228,,False,False,L1_Location=Moree
5,L1_Location=MountGambier,ROOT,1,L1_Location,category_group,MountGambier,2434,345,327,,False,False,L1_Location=MountGambier
5,L1_Location=MountGinini,ROOT,1,L1_Location,category_group,MountGinini,2361,385,307,,False,True,ROOT
5,L1_Location=Newcastle,ROOT,1,L1_Location,category_group,Newcastle,2353,325,315,,False,True,ROOT
5,L1_Location=Nhil,ROOT,1,L1_Location,category_group,Nhil,1241,277,127,,False,False,L1_Location=Nhil
5,L1_Location=NorahHead,ROOT,1,L1_Location,category_group,NorahHead,2332,353,288,,False,True,ROOT
5,L1_Location=NorfolkIsland,ROOT,1,L1_Location,category_group,NorfolkIsland,2332,334,302,,False,True,ROOT
5,L1_Location=Nuriootpa,ROOT,1,L1_Location,category_group,Nuriootpa,2360,331,253,,False,False,L1_Location=Nuriootpa
5,L1_Location=PearceRAAF,ROOT,1,L1_Location,category_group,PearceRAAF,2194,571,239,,False,True,ROOT
5,L1_Location=Penrith,ROOT,1,L1_Location,category_group,Penrith,2345,340,271,,False,True,ROOT
5,L1_Location=Perth,ROOT,1,L1_Location,category_group,Perth,2548,350,299,,False,False,L1_Location=Perth
5,L1_Location=PerthAirport,ROOT,1,L1_Location,category_group,PerthAirport,2413,339,243,,False,False,L1_Location=PerthAirport
5,L1_Location=Portland,ROOT,1,L1_Location,category_group,Portland,2440,341,377,,False,False,L1_Location=Portland
5,L1_Location=Richmond,ROOT,1,L1_Location,category_group,Richmond,2354,345,253,,False,False,L1_Location=Richmond
5,L1_Location=Sale,ROOT,1,L1_Location,category_group,Sale,2424,347,271,,False,True,ROOT
5,L1_Location=SalmonGums,ROOT,1,L1_Location,category_group,SalmonGums,2347,524,248,,False,True,ROOT
5,L1_Location=Sydney,ROOT,1,L1_Location,category_group,Sydney,2657,376,322,,False,True,ROOT
5,L1_Location=SydneyAirport,ROOT,1,L1_Location,category_group,SydneyAirport,2409,342,283,,False,True,ROOT
5,L1_Location=Townsville,ROOT,1,L1_Location,category_group,Townsville,2390,555,246,,False,False,L1_Location=Townsville
5,L1_Location=Tuggeranong,ROOT,1,L1_Location,category_group,Tuggeranong,2401,357,260,,False,False,L1_Location=Tuggeranong
5,L1_Location=Uluru,ROOT,1,L1_Location,category_group,Uluru,1222,222,108,,False,True,ROOT
5,L1_Location=WaggaWagga,ROOT,1,L1_Location,category_group,WaggaWagga,2391,566,272,,False,True,ROOT
5,L1_Location=Walpole,ROOT,1,L1_Location,category_group,Walpole,2239,332,320,,False,True,ROOT
5,L1_Location=Watsonia,ROOT,1,L1_Location,category_group,Watsonia,2407,341,279,,False,False,L1_Location=Watsonia
5,L1_Location=Williamtown,ROOT,1,L1_Location,category_group,Williamtown,2076,362,298,,False,True,ROOT
5,L1_Location=Witchcliffe,ROOT,1,L1_Location,category_group,Witchcliffe,2323,328,329,,False,False,L1_Location=Witchcliffe
5,L1_Location=Wollongong,ROOT,1,L1_Location,category_group,Wollongong,2401,353,289,,False,True,ROOT
5,L1_Location=Woomera,ROOT,1,L1_Location,category_group,Woomera,2368,433,178,,False,True,ROOT
5,L1_Location=Adelaide|L2_RainToday=rain_today_no,L1_Location=Adelaide,2,L2_RainToday,category_group,rain_today_no,1889,311,562,,False,False,L1_Location=Adelaide|L2_RainToday=rain_today_no
5,L1_Location=Adelaide|L2_RainToday=rain_today_yes,L1_Location=Adelaide,2,L2_RainToday,category_group,rain_today_yes,548,394,154,,False,True,ROOT
5,L1_Location=Adelaide|L2_RainToday=others,L1_Location=Adelaide,2,L2_RainToday,category_group,others,55,37,18,15.0,True,True,ROOT
5,L1_Location=Albany|L2_RainToday=rain_today_no,L1_Location=Albany,2,L2_RainToday,category_group,rain_today_no,1697,483,468,,False,True,L1_Location=Albany
5,L1_Location=Albany|L2_RainToday=rain_today_yes,L1_Location=Albany,2,L2_RainToday,category_group,rain_today_yes,712,476,236,,False,False,L1_Location=Albany|L2_RainToday=rain_today_yes
5,L1_Location=Albany|L2_RainToday=others,L1_Location=Albany,2,L2_RainToday,category_group,others,19,10,9,1.0,True,True,L1_Location=Albany
5,L1_Location=Albury|L2_RainToday=rain_today_no,L1_Location=Albury,2,L2_RainToday,category_group,rain_today_no,1908,353,579,,False,True,L1_Location=Albury
5,L1_Location=Albury|L2_RainToday=rain_today_yes,L1_Location=Albury,2,L2_RainToday,category_group,rain_today_yes,484,349,135,131.0,True,True,L1_Location=Albury
5,L1_Location=Albury|L2_RainToday=others,L1_Location=Albury,2,L2_RainToday,category_group,others,17,13,4,3.0,True,True,L1_Location=Albury
5,L1_Location=AliceSprings|L2_RainToday=rain_today_no,L1_Location=AliceSprings,2,L2_RainToday,category_group,rain_today_no,2210,398,165,,False,True,L1_Location=AliceSprings
5,L1_Location=AliceSprings|L2_RainToday=others,L1_Location=AliceSprings,2,L2_RainToday,category_group,others,205,141,64,42.0,True,True,L1_Location=AliceSprings
5,L1_Location=BadgerysCreek|L2_RainToday=rain_today_no,L1_Location=BadgerysCreek,2,L2_RainToday,category_group,rain_today_no,1860,361,302,,False,False,L1_Location=BadgerysCreek|L2_RainToday=rain_today_no
5,L1_Location=BadgerysCreek|L2_RainToday=rain_today_yes,L1_Location=BadgerysCreek,2,L2_RainToday,category_group,rain_today_yes,459,312,147,113.0,True,True,ROOT
5,L1_Location=BadgerysCreek|L2_RainToday=others,L1_Location=BadgerysCreek,2,L2_RainToday,category_group,others,44,34,10,7.0,True,True,ROOT
5,L1_Location=Ballarat|L2_RainToday=rain_today_no,L1_Location=Ballarat,2,L2_RainToday,category_group,rain_today_no,1802,486,520,,False,False,L1_Location=Ballarat|L2_RainToday=rain_today_no
5,L1_Location=Ballarat|L2_RainToday=rain_today_yes,L1_Location=Ballarat,2,L2_RainToday,category_group,rain_today_yes,635,452,183,,False,False,L1_Location=Ballarat|L2_RainToday=rain_today_yes
5,L1_Location=Ballarat|L2_RainToday=others,L1_Location=Ballarat,2,L2_RainToday,category_group,others,10,8,2,1.0,True,True,ROOT
5,L1_Location=Bendigo|L2_RainToday=rain_today_no,L1_Location=Bendigo,2,L2_RainToday,category_group,rain_today_no,1974,375,592,,False,True,L1_Location=Bendigo
5,L1_Location=Bendigo|L2_RainToday=rain_today_yes,L1_Location=Bendigo,2,L2_RainToday,category_group,rain_today_yes,451,325,126,111.0,True,True,L1_Location=Bendigo
5,L1_Location=Bendigo|L2_RainToday=others,L1_Location=Bendigo,2,L2_RainToday,category_group,others,4,2,2,,True,True,L1_Location=Bendigo
5,L1_Location=Brisbane|L2_RainToday=rain_today_no,L1_Location=Brisbane,2,L2_RainToday,category_group,rain_today_no,1932,537,236,,False,False,L1_Location=Brisbane|L2_RainToday=rain_today_no
5,L1_Location=Brisbane|L2_RainToday=rain_today_yes,L1_Location=Brisbane,2,L2_RainToday,category_group,rain_today_yes,561,401,160,,False,True,L1_Location=Brisbane
5,L1_Location=Brisbane|L2_RainToday=others,L1_Location=Brisbane,2,L2_RainToday,category_group,others,21,15,6,8.0,True,True,L1_Location=Brisbane
5,L1_Location=Cairns|L2_RainToday=rain_today_no,L1_Location=Cairns,2,L2_RainToday,category_group,rain_today_no,1620,408,153,,False,False,L1_Location=Cairns|L2_RainToday=rain_today_no
5,L1_Location=Cairns|L2_RainToday=rain_today_yes,L1_Location=Cairns,2,L2_RainToday,category_group,rain_today_yes,729,532,197,,False,False,L1_Location=Cairns|L2_RainToday=rain_today_yes
5,L1_Location=Cairns|L2_RainToday=others,L1_Location=Cairns,2,L2_RainToday,category_group,others,18,14,4,6.0,True,True,L1_Location=Cairns
5,L1_Location=Canberra|L2_RainToday=rain_today_no,L1_Location=Canberra,2,L2_RainToday,category_group,rain_today_no,2223,403,155,,False,False,L1_Location=Canberra|L2_RainToday=rain_today_no
5,L1_Location=Canberra|L2_RainToday=rain_today_yes,L1_Location=Canberra,2,L2_RainToday,category_group,rain_today_yes,494,345,149,130.0,True,False,L1_Location=Canberra|L2_RainToday=rain_today_yes
5,L1_Location=Canberra|L2_RainToday=others,L1_Location=Canberra,2,L2_RainToday,category_group,others,12,8,4,4.0,True,True,ROOT
5,L1_Location=Cobar|L2_RainToday=rain_today_no,L1_Location=Cobar,2,L2_RainToday,category_group,rain_today_no,2101,602,266,,False,True,L1_Location=Cobar
5,L1_Location=Cobar|L2_RainToday=rain_today_yes,L1_Location=Cobar,2,L2_RainToday,category_group,rain_today_yes,312,207,105,72.0,True,True,L1_Location=Cobar
5,L1_Location=Cobar|L2_RainToday=others,L1_Location=Cobar,2,L2_RainToday,category_group,others,8,7,1,,True,True,L1_Location=Cobar
5,L1_Location=CoffsHarbour|L2_RainToday=rain_today_no,L1_Location=CoffsHarbour,2,L2_RainToday,category_group,rain_today_no,1685,239,198,,False,True,ROOT
5,L1_Location=CoffsHarbour|L2_RainToday=rain_today_yes,L1_Location=CoffsHarbour,2,L2_RainToday,category_group,rain_today_yes,682,479,203,,False,False,L1_Location=CoffsHarbour|L2_RainToday=rain_today_yes
5,L1_Location=CoffsHarbour|L2_RainToday=others,L1_Location=CoffsHarbour,2,L2_RainToday,category_group,others,12,8,4,1.0,True,True,ROOT
5,L1_Location=Dartmoor|L2_RainToday=rain_today_no,L1_Location=Dartmoor,2,L2_RainToday,category_group,rain_today_no,1641,664,520,,False,True,L1_Location=Dartmoor
5,L1_Location=Dartmoor|L2_RainToday=rain_today_yes,L1_Location=Dartmoor,2,L2_RainToday,category_group,rain_today_yes,748,279,221,,False,False,L1_Location=Dartmoor|L2_RainToday=rain_today_yes
5,L1_Location=Dartmoor|L2_RainToday=others,L1_Location=Dartmoor,2,L2_RainToday,category_group,others,2,2,0,2.0,True,True,L1_Location=Dartmoor
5,L1_Location=Darwin|L2_RainToday=rain_today_no,L1_Location=Darwin,2,L2_RainToday,category_group,rain_today_no,1892,319,303,,False,False,L1_Location=Darwin|L2_RainToday=rain_today_no
5,L1_Location=Darwin|L2_RainToday=rain_today_yes,L1_Location=Darwin,2,L2_RainToday,category_group,rain_today_yes,676,480,196,,False,True,L1_Location=Darwin
5,L1_Location=GoldCoast|L2_RainToday=rain_today_no,L1_Location=GoldCoast,2,L2_RainToday,category_group,rain_today_no,1719,474,218,,False,False,L1_Location=GoldCoast|L2_RainToday=rain_today_no
5,L1_Location=GoldCoast|L2_RainToday=rain_today_yes,L1_Location=GoldCoast,2,L2_RainToday,category_group,rain_today_yes,606,441,165,,False,False,L1_Location=GoldCoast|L2_RainToday=rain_today_yes
5,L1_Location=GoldCoast|L2_RainToday=others,L1_Location=GoldCoast,2,L2_RainToday,category_group,others,41,26,15,15.0,True,True,ROOT
5,L1_Location=Hobart|L2_RainToday=rain_today_no,L1_Location=Hobart,2,L2_RainToday,category_group,rain_today_no,1929,605,285,,False,True,ROOT
5,L1_Location=Hobart|L2_RainToday=rain_today_yes,L1_Location=Hobart,2,L2_RainToday,category_group,rain_today_yes,619,442,177,,False,False,L1_Location=Hobart|L2_RainToday=rain_today_yes
5,L1_Location=Hobart|L2_RainToday=others,L1_Location=Hobart,2,L2_RainToday,category_group,others,3,2,1,2.0,True,True,ROOT
5,L1_Location=Katherine|L2_RainToday=rain_today_no,L1_Location=Katherine,2,L2_RainToday,category_group,rain_today_no,1029,414,323,,False,False,L1_Location=Katherine|L2_RainToday=rain_today_no
5,L1_Location=Katherine|L2_RainToday=others,L1_Location=Katherine,2,L2_RainToday,category_group,others,215,138,77,,True,True,ROOT
5,L1_Location=Launceston|L2_RainToday=rain_today_no,L1_Location=Launceston,2,L2_RainToday,category_group,rain_today_no,1894,677,278,,False,True,L1_Location=Launceston
5,L1_Location=Launceston|L2_RainToday=rain_today_yes,L1_Location=Launceston,2,L2_RainToday,category_group,rain_today_yes,551,399,152,146.0,True,True,L1_Location=Launceston
5,L1_Location=Launceston|L2_RainToday=others,L1_Location=Launceston,2,L2_RainToday,category_group,others,8,6,2,,True,True,L1_Location=Launceston
5,L1_Location=Melbourne|L2_RainToday=rain_today_no,L1_Location=Melbourne,2,L2_RainToday,category_group,rain_today_no,1362,506,369,,False,False,L1_Location=Melbourne|L2_RainToday=rain_today_no
5,L1_Location=Melbourne|L2_RainToday=rain_today_yes,L1_Location=Melbourne,2,L2_RainToday,category_group,rain_today_yes,456,320,136,,False,False,L1_Location=Melbourne|L2_RainToday=rain_today_yes
5,L1_Location=Melbourne|L2_RainToday=others,L1_Location=Melbourne,2,L2_RainToday,category_group,others,115,83,32,22.0,True,True,ROOT
5,L1_Location=MelbourneAirport|L2_RainToday=rain_today_no,L1_Location=MelbourneAirport,2,L2_RainToday,category_group,rain_today_no,1841,368,290,,False,True,ROOT
5,L1_Location=MelbourneAirport|L2_RainToday=rain_today_yes,L1_Location=MelbourneAirport,2,L2_RainToday,category_group,rain_today_yes,517,379,138,,False,False,L1_Location=MelbourneAirport|L2_RainToday=rain_today_yes
5,L1_Location=Mildura|L2_RainToday=rain_today_no,L1_Location=Mildura,2,L2_RainToday,category_group,rain_today_no,2135,332,268,,False,False,L1_Location=Mildura|L2_RainToday=rain_today_no
5,L1_Location=Mildura|L2_RainToday=others,L1_Location=Mildura,2,L2_RainToday,category_group,others,263,186,77,65.0,True,True,ROOT
5,L1_Location=Moree|L2_RainToday=rain_today_no,L1_Location=Moree,2,L2_RainToday,category_group,rain_today_no,1982,517,229,,False,False,L1_Location=Moree|L2_RainToday=rain_today_no
5,L1_Location=Moree|L2_RainToday=rain_today_yes,L1_Location=Moree,2,L2_RainToday,category_group,rain_today_yes,308,205,103,74.0,True,False,L1_Location=Moree|L2_RainToday=rain_today_yes
5,L1_Location=Moree|L2_RainToday=others,L1_Location=Moree,2,L2_RainToday,category_group,others,48,39,9,15.0,True,True,L1_Location=Moree
5,L1_Location=MountGambier|L2_RainToday=rain_today_no,L1_Location=MountGambier,2,L2_RainToday,category_group,rain_today_no,1692,407,495,,False,True,L1_Location=MountGambier
5,L1_Location=MountGambier|L2_RainToday=rain_today_yes,L1_Location=MountGambier,2,L2_RainToday,category_group,rain_today_yes,736,509,227,,False,True,L1_Location=MountGambier
5,L1_Location=MountGambier|L2_RainToday=others,L1_Location=MountGambier,2,L2_RainToday,category_group,others,6,5,1,2.0,True,True,L1_Location=MountGambier
5,L1_Location=MountGinini|L2_RainToday=rain_today_no,L1_Location=MountGinini,2,L2_RainToday,category_group,rain_today_no,1666,439,446,,False,False,L1_Location=MountGinini|L2_RainToday=rain_today_no
5,L1_Location=MountGinini|L2_RainToday=rain_today_yes,L1_Location=MountGinini,2,L2_RainToday,category_group,rain_today_yes,620,420,200,,False,False,L1_Location=MountGinini|L2_RainToday=rain_today_yes
5,L1_Location=MountGinini|L2_RainToday=others,L1_Location=MountGinini,2,L2_RainToday,category_group,others,75,57,18,16.0,True,True,ROOT
5,L1_Location=Newcastle|L2_RainToday=rain_today_no,L1_Location=Newcastle,2,L2_RainToday,category_group,rain_today_no,1746,234,571,,False,True,ROOT
5,L1_Location=Newcastle|L2_RainToday=rain_today_yes,L1_Location=Newcastle,2,L2_RainToday,category_group,rain_today_yes,583,394,189,138.0,True,False,L1_Location=Newcastle|L2_RainToday=rain_today_yes
5,L1_Location=Newcastle|L2_RainToday=others,L1_Location=Newcastle,2,L2_RainToday,category_group,others,24,12,12,2.0,True,True,ROOT
5,L1_Location=Nhil|L2_RainToday=rain_today_no,L1_Location=Nhil,2,L2_RainToday,category_group,rain_today_no,1045,408,327,,False,True,L1_Location=Nhil
5,L1_Location=Nhil|L2_RainToday=others,L1_Location=Nhil,2,L2_RainToday,category_group,others,196,134,62,,True,True,L1_Location=Nhil
5,L1_Location=NorahHead|L2_RainToday=rain_today_no,L1_Location=NorahHead,2,L2_RainToday,category_group,rain_today_no,1654,308,468,,False,True,ROOT
5,L1_Location=NorahHead|L2_RainToday=rain_today_yes,L1_Location=NorahHead,2,L2_RainToday,category_group,rain_today_yes,648,458,190,,False,False,L1_Location=NorahHead|L2_RainToday=rain_today_yes
5,L1_Location=NorahHead|L2_RainToday=others,L1_Location=NorahHead,2,L2_RainToday,category_group,others,30,25,5,11.0,True,True,ROOT
5,L1_Location=NorfolkIsland|L2_RainToday=rain_today_no,L1_Location=NorfolkIsland,2,L2_RainToday,category_group,rain_today_no,1594,218,210,,False,False,L1_Location=NorfolkIsland|L2_RainToday=rain_today_no
5,L1_Location=NorfolkIsland|L2_RainToday=rain_today_yes,L1_Location=NorfolkIsland,2,L2_RainToday,category_group,rain_today_yes,723,525,198,,False,False,L1_Location=NorfolkIsland|L2_RainToday=rain_today_yes
5,L1_Location=NorfolkIsland|L2_RainToday=others,L1_Location=NorfolkIsland,2,L2_RainToday,category_group,others,15,10,5,5.0,True,True,ROOT
5,L1_Location=Nuriootpa|L2_RainToday=rain_today_no,L1_Location=Nuriootpa,2,L2_RainToday,category_group,rain_today_no,1917,372,330,,False,True,L1_Location=Nuriootpa
5,L1_Location=Nuriootpa|L2_RainToday=rain_today_yes,L1_Location=Nuriootpa,2,L2_RainToday,category_group,rain_today_yes,439,302,137,149.0,True,True,L1_Location=Nuriootpa
5,L1_Location=Nuriootpa|L2_RainToday=others,L1_Location=Nuriootpa,2,L2_RainToday,category_group,others,4,2,2,2.0,True,True,L1_Location=Nuriootpa
5,L1_Location=PearceRAAF|L2_RainToday=rain_today_no,L1_Location=PearceRAAF,2,L2_RainToday,category_group,rain_today_no,1729,277,267,,False,False,L1_Location=PearceRAAF|L2_RainToday=rain_today_no
5,L1_Location=PearceRAAF|L2_RainToday=rain_today_yes,L1_Location=PearceRAAF,2,L2_RainToday,category_group,rain_today_yes,374,255,119,100.0,True,False,L1_Location=PearceRAAF|L2_RainToday=rain_today_yes
5,L1_Location=PearceRAAF|L2_RainToday=others,L1_Location=PearceRAAF,2,L2_RainToday,category_group,others,91,72,19,25.0,True,True,ROOT
5,L1_Location=Penrith|L2_RainToday=rain_today_no,L1_Location=Penrith,2,L2_RainToday,category_group,rain_today_no,1843,365,580,,False,True,ROOT
5,L1_Location=Penrith|L2_RainToday=rain_today_yes,L1_Location=Penrith,2,L2_RainToday,category_group,rain_today_yes,465,323,142,116.0,True,True,ROOT
5,L1_Location=Penrith|L2_RainToday=others,L1_Location=Penrith,2,L2_RainToday,category_group,others,37,24,13,16.0,True,True,ROOT
5,L1_Location=Perth|L2_RainToday=rain_today_no,L1_Location=Perth,2,L2_RainToday,category_group,rain_today_no,2026,333,341,,False,False,L1_Location=Perth|L2_RainToday=rain_today_no
5,L1_Location=Perth|L2_RainToday=rain_today_yes,L1_Location=Perth,2,L2_RainToday,category_group,rain_today_yes,522,347,175,,False,True,L1_Location=Perth
5,L1_Location=PerthAirport|L2_RainToday=rain_today_no,L1_Location=PerthAirport,2,L2_RainToday,category_group,rain_today_no,1965,305,325,,False,True,L1_Location=PerthAirport
5,L1_Location=PerthAirport|L2_RainToday=rain_today_yes,L1_Location=PerthAirport,2,L2_RainToday,category_group,rain_today_yes,448,322,126,,False,False,L1_Location=PerthAirport|L2_RainToday=rain_today_yes
5,L1_Location=Portland|L2_RainToday=rain_today_no,L1_Location=Portland,2,L2_RainToday,category_group,rain_today_no,1548,525,482,,False,True,L1_Location=Portland
5,L1_Location=Portland|L2_RainToday=rain_today_yes,L1_Location=Portland,2,L2_RainToday,category_group,rain_today_yes,882,343,279,,False,False,L1_Location=Portland|L2_RainToday=rain_today_yes
5,L1_Location=Portland|L2_RainToday=others,L1_Location=Portland,2,L2_RainToday,category_group,others,10,8,2,2.0,True,True,L1_Location=Portland
5,L1_Location=Richmond|L2_RainToday=rain_today_no,L1_Location=Richmond,2,L2_RainToday,category_group,rain_today_no,1864,338,590,,False,True,L1_Location=Richmond
5,L1_Location=Richmond|L2_RainToday=rain_today_yes,L1_Location=Richmond,2,L2_RainToday,category_group,rain_today_yes,455,329,126,100.0,True,True,L1_Location=Richmond
5,L1_Location=Richmond|L2_RainToday=others,L1_Location=Richmond,2,L2_RainToday,category_group,others,35,26,9,10.0,True,True,L1_Location=Richmond
5,L1_Location=Sale|L2_RainToday=rain_today_no,L1_Location=Sale,2,L2_RainToday,category_group,rain_today_no,1897,608,251,,False,True,ROOT
5,L1_Location=Sale|L2_RainToday=rain_today_yes,L1_Location=Sale,2,L2_RainToday,category_group,rain_today_yes,521,360,161,,False,False,L1_Location=Sale|L2_RainToday=rain_today_yes
5,L1_Location=Sale|L2_RainToday=others,L1_Location=Sale,2,L2_RainToday,category_group,others,6,4,2,2.0,True,True,ROOT
5,L1_Location=SalmonGums|L2_RainToday=rain_today_no,L1_Location=SalmonGums,2,L2_RainToday,category_group,rain_today_no,1968,316,304,,False,True,ROOT
5,L1_Location=SalmonGums|L2_RainToday=rain_today_yes,L1_Location=SalmonGums,2,L2_RainToday,category_group,rain_today_yes,371,248,123,98.0,True,False,L1_Location=SalmonGums|L2_RainToday=rain_today_yes
5,L1_Location=SalmonGums|L2_RainToday=others,L1_Location=SalmonGums,2,L2_RainToday,category_group,others,8,5,3,6.0,True,True,ROOT
5,L1_Location=Sydney|L2_RainToday=rain_today_no,L1_Location=Sydney,2,L2_RainToday,category_group,rain_today_no,1952,348,270,,False,False,L1_Location=Sydney|L2_RainToday=rain_today_no
5,L1_Location=Sydney|L2_RainToday=rain_today_yes,L1_Location=Sydney,2,L2_RainToday,category_group,rain_today_yes,699,495,204,,False,False,L1_Location=Sydney|L2_RainToday=rain_today_yes
5,L1_Location=Sydney|L2_RainToday=others,L1_Location=Sydney,2,L2_RainToday,category_group,others,6,6,0,,True,True,ROOT
5,L1_Location=SydneyAirport|L2_RainToday=rain_today_no,L1_Location=SydneyAirport,2,L2_RainToday,category_group,rain_today_no,1788,372,290,,False,False,L1_Location=SydneyAirport|L2_RainToday=rain_today_no
5,L1_Location=SydneyAirport|L2_RainToday=rain_today_yes,L1_Location=SydneyAirport,2,L2_RainToday,category_group,rain_today_yes,617,441,176,,False,False,L1_Location=SydneyAirport|L2_RainToday=rain_today_yes
5,L1_Location=SydneyAirport|L2_RainToday=others,L1_Location=SydneyAirport,2,L2_RainToday,category_group,others,4,4,0,,True,True,ROOT
5,L1_Location=Townsville|L2_RainToday=rain_today_no,L1_Location=Townsville,2,L2_RainToday,category_group,rain_today_no,1985,450,212,,False,False,L1_Location=Townsville|L2_RainToday=rain_today_no
5,L1_Location=Townsville|L2_RainToday=rain_today_yes,L1_Location=Townsville,2,L2_RainToday,category_group,rain_today_yes,400,279,121,118.0,True,True,L1_Location=Townsville
5,L1_Location=Townsville|L2_RainToday=others,L1_Location=Townsville,2,L2_RainToday,category_group,others,5,5,0,1.0,True,True,L1_Location=Townsville
5,L1_Location=Tuggeranong|L2_RainToday=rain_today_no,L1_Location=Tuggeranong,2,L2_RainToday,category_group,rain_today_no,1919,357,541,,False,True,L1_Location=Tuggeranong
5,L1_Location=Tuggeranong|L2_RainToday=rain_today_yes,L1_Location=Tuggeranong,2,L2_RainToday,category_group,rain_today_yes,449,309,140,113.0,True,False,L1_Location=Tuggeranong|L2_RainToday=rain_today_yes
5,L1_Location=Tuggeranong|L2_RainToday=others,L1_Location=Tuggeranong,2,L2_RainToday,category_group,others,33,21,12,6.0,True,True,L1_Location=Tuggeranong
5,L1_Location=Uluru|L2_RainToday=rain_today_no,L1_Location=Uluru,2,L2_RainToday,category_group,rain_today_no,1115,197,84,,False,True,ROOT
5,L1_Location=Uluru|L2_RainToday=others,L1_Location=Uluru,2,L2_RainToday,category_group,others,107,69,38,,True,True,ROOT
5,L1_Location=WaggaWagga|L2_RainToday=rain_today_no,L1_Location=WaggaWagga,2,L2_RainToday,category_group,rain_today_no,1940,337,340,,False,False,L1_Location=WaggaWagga|L2_RainToday=rain_today_no
5,L1_Location=WaggaWagga|L2_RainToday=rain_today_yes,L1_Location=WaggaWagga,2,L2_RainToday,category_group,rain_today_yes,436,290,146,97.0,True,False,L1_Location=WaggaWagga|L2_RainToday=rain_today_yes
5,L1_Location=WaggaWagga|L2_RainToday=others,L1_Location=WaggaWagga,2,L2_RainToday,category_group,others,15,12,3,3.0,True,True,ROOT
5,L1_Location=Walpole|L2_RainToday=rain_today_no,L1_Location=Walpole,2,L2_RainToday,category_group,rain_today_no,1461,435,200,,False,True,ROOT
5,L1_Location=Walpole|L2_RainToday=rain_today_yes,L1_Location=Walpole,2,L2_RainToday,category_group,rain_today_yes,743,522,221,,False,False,L1_Location=Walpole|L2_RainToday=rain_today_yes
5,L1_Location=Walpole|L2_RainToday=others,L1_Location=Walpole,2,L2_RainToday,category_group,others,35,26,9,14.0,True,True,ROOT
5,L1_Location=Watsonia|L2_RainToday=rain_today_no,L1_Location=Watsonia,2,L2_RainToday,category_group,rain_today_no,1818,371,268,,False,False,L1_Location=Watsonia|L2_RainToday=rain_today_no
5,L1_Location=Watsonia|L2_RainToday=rain_today_yes,L1_Location=Watsonia,2,L2_RainToday,category_group,rain_today_yes,583,414,169,,False,True,L1_Location=Watsonia
5,L1_Location=Watsonia|L2_RainToday=others,L1_Location=Watsonia,2,L2_RainToday,category_group,others,6,2,4,3.0,True,True,L1_Location=Watsonia
5,L1_Location=Williamtown|L2_RainToday=rain_today_no,L1_Location=Williamtown,2,L2_RainToday,category_group,rain_today_no,1413,269,419,,False,False,L1_Location=Williamtown|L2_RainToday=rain_today_no
5,L1_Location=Williamtown|L2_RainToday=rain_today_yes,L1_Location=Williamtown,2,L2_RainToday,category_group,rain_today_yes,522,355,167,,True,False,L1_Location=Williamtown|L2_RainToday=rain_today_yes
5,L1_Location=Williamtown|L2_RainToday=others,L1_Location=Williamtown,2,L2_RainToday,category_group,others,141,93,48,,True,True,ROOT
5,L1_Location=Witchcliffe|L2_RainToday=rain_today_no,L1_Location=Witchcliffe,2,L2_RainToday,category_group,rain_today_no,1604,220,210,,False,False,L1_Location=Witchcliffe|L2_RainToday=rain_today_no
5,L1_Location=Witchcliffe|L2_RainToday=rain_today_yes,L1_Location=Witchcliffe,2,L2_RainToday,category_group,rain_today_yes,700,477,223,,False,False,L1_Location=Witchcliffe|L2_RainToday=rain_today_yes
5,L1_Location=Witchcliffe|L2_RainToday=others,L1_Location=Witchcliffe,2,L2_RainToday,category_group,others,19,13,6,9.0,True,True,L1_Location=Witchcliffe
5,L1_Location=Wollongong|L2_RainToday=rain_today_no,L1_Location=Wollongong,2,L2_RainToday,category_group,rain_today_no,1817,388,558,,False,True,ROOT
5,L1_Location=Wollongong|L2_RainToday=rain_today_yes,L1_Location=Wollongong,2,L2_RainToday,category_group,rain_today_yes,550,380,170,,False,True,ROOT
5,L1_Location=Wollongong|L2_RainToday=others,L1_Location=Wollongong,2,L2_RainToday,category_group,others,34,26,8,6.0,True,True,ROOT
5,L1_Location=Woomera|L2_RainToday=rain_today_no,L1_Location=Woomera,2,L2_RainToday,category_group,rain_today_no,2195,520,232,,False,True,ROOT
5,L1_Location=Woomera|L2_RainToday=others,L1_Location=Woomera,2,L2_RainToday,category_group,others,173,124,49,34.0,True,True,ROOT
5,L1_Location=Adelaide|L2_RainToday=rain_today_no|L3_Humidity3pm=hum_low,L1_Location=Adelaide|L2_RainToday=rain_today_no,3,L3_Humidity3pm,numeric_bin,hum_low,972,679,293,238.0,True,True,L1_Location=Adelaide|L2_RainToday=rain_today_no
5,L1_Location=Adelaide|L2_RainToday=rain_today_no|L3_Humidity3pm=hum_mid,L1_Location=Adelaide|L2_RainToday=rain_today_no,3,L3_Humidity3pm,numeric_bin,hum_mid,822,589,233,197.0,True,True,L1_Location=Adelaide|L2_RainToday=rain_today_no
5,L1_Location=Adelaide|L2_RainToday=rain_today_no|L3_Humidity3pm=others,L1_Location=Adelaide|L2_RainToday=rain_today_no,3,L3_Humidity3pm,numeric_bin,others,95,59,36,20.0,True,True,L1_Location=Adelaide|L2_RainToday=rain_today_no
5,L1_Location=Adelaide|L2_RainToday=rain_today_yes|L3_Humidity3pm=hum_mid,L1_Location=Adelaide|L2_RainToday=rain_today_yes,3,L3_Humidity3pm,numeric_bin,hum_mid,360,258,102,86.0,True,True,ROOT
5,L1_Location=Adelaide|L2_RainToday=rain_today_yes|L3_Humidity3pm=others,L1_Location=Adelaide|L2_RainToday=rain_today_yes,3,L3_Humidity3pm,numeric_bin,others,188,136,52,42.0,True,True,ROOT
5,L1_Location=Albany|L2_RainToday=rain_today_no|L3_Humidity3pm=hum_high,L1_Location=Albany|L2_RainToday=rain_today_no,3,L3_Humidity3pm,numeric_bin,hum_high,468,337,131,120.0,True,False,L1_Location=Albany|L2_RainToday=rain_today_no|L3_Humidity3pm=hum_high
5,L1_Location=Albany|L2_RainToday=rain_today_no|L3_Humidity3pm=hum_mid,L1_Location=Albany|L2_RainToday=rain_today_no,3,L3_Humidity3pm,numeric_bin,hum_mid,817,595,222,171.0,True,False,L1_Location=Albany|L2_RainToday=rain_today_no|L3_Humidity3pm=hum_mid
5,L1_Location=Albany|L2_RainToday=rain_today_no|L3_Humidity3pm=unknown,L1_Location=Albany|L2_RainToday=rain_today_no,3,L3_Humidity3pm,numeric_bin,unknown,377,266,111,104.0,True,True,L1_Location=Albany
5,L1_Location=Albany|L2_RainToday=rain_today_no|L3_Humidity3pm=others,L1_Location=Albany|L2_RainToday=rain_today_no,3,L3_Humidity3pm,numeric_bin,others,35,31,4,11.0,True,True,L1_Location=Albany
5,L1_Location=Albany|L2_RainToday=rain_today_yes|L3_Humidity3pm=hum_mid,L1_Location=Albany|L2_RainToday=rain_today_yes,3,L3_Humidity3pm,numeric_bin,hum_mid,302,191,111,77.0,True,True,L1_Location=Albany|L2_RainToday=rain_today_yes
5,L1_Location=Albany|L2_RainToday=rain_today_yes|L3_Humidity3pm=others,L1_Location=Albany|L2_RainToday=rain_today_yes,3,L3_Humidity3pm,numeric_bin,others,410,285,125,104.0,True,True,L1_Location=Albany|L2_RainToday=rain_today_yes
5,L1_Location=Albury|L2_RainToday=rain_today_no|L3_Humidity3pm=hum_low,L1_Location=Albury|L2_RainToday=rain_today_no,3,L3_Humidity3pm,numeric_bin,hum_low,865,584,281,211.0,True,True,L1_Location=Albury
5,L1_Location=Albury|L2_RainToday=rain_today_no|L3_Humidity3pm=hum_mid,L1_Location=Albury|L2_RainToday=rain_today_no,3,L3_Humidity3pm,numeric_bin,hum_mid,888,634,254,215.0,True,True,L1_Location=Albury
5,L1_Location=Albury|L2_RainToday=rain_today_no|L3_Humidity3pm=others,L1_Location=Albury|L2_RainToday=rain_today_no,3,L3_Humidity3pm,numeric_bin,others,155,111,44,42.0,True,True,L1_Location=Albury
5,L1_Location=AliceSprings|L2_RainToday=rain_today_no|L3_Humidity3pm=hum_low,L1_Location=AliceSprings|L2_RainToday=rain_today_no,3,L3_Humidity3pm,numeric_bin,hum_low,2058,1450,608,529.0,True,True,L1_Location=AliceSprings
5,L1_Location=AliceSprings|L2_RainToday=rain_today_no|L3_Humidity3pm=others,L1_Location=AliceSprings|L2_RainToday=rain_today_no,3,L3_Humidity3pm,numeric_bin,others,152,108,44,45.0,True,True,L1_Location=AliceSprings
5,L1_Location=BadgerysCreek|L2_RainToday=rain_today_no|L3_Humidity3pm=hum_low,L1_Location=BadgerysCreek|L2_RainToday=rain_today_no,3,L3_Humidity3pm,numeric_bin,hum_low,605,424,181,146.0,True,True,L1_Location=BadgerysCreek|L2_RainToday=rain_today_no
5,L1_Location=BadgerysCreek|L2_RainToday=rain_today_no|L3_Humidity3pm=hum_mid,L1_Location=BadgerysCreek|L2_RainToday=rain_today_no,3,L3_Humidity3pm,numeric_bin,hum_mid,1071,745,326,268.0,True,True,L1_Location=BadgerysCreek|L2_RainToday=rain_today_no
5,L1_Location=BadgerysCreek|L2_RainToday=rain_today_no|L3_Humidity3pm=others,L1_Location=BadgerysCreek|L2_RainToday=rain_today_no,3,L3_Humidity3pm,numeric_bin,others,184,128,56,31.0,True,True,L1_Location=BadgerysCreek|L2_RainToday=rain_today_no
5,L1_Location=Ballarat|L2_RainToday=rain_today_no|L3_Humidity3pm=hum_high,L1_Location=Ballarat|L2_RainToday=rain_today_no,3,L3_Humidity3pm,numeric_bin,hum_high,398,286,112,96.0,True,False,L1_Location=Ballarat|L2_RainToday=rain_today_no|L3_Humidity3pm=hum_high
5,L1_Location=Ballarat|L2_RainToday=rain_today_no|L3_Humidity3pm=hum_low,L1_Location=Ballarat|L2_RainToday=rain_today_no,3,L3_Humidity3pm,numeric_bin,hum_low,541,384,157,135.0,True,True,L1_Location=Ballarat|L2_RainToday=rain_today_no
5,L1_Location=Ballarat|L2_RainToday=rain_today_no|L3_Humidity3pm=hum_mid,L1_Location=Ballarat|L2_RainToday=rain_today_no,3,L3_Humidity3pm,numeric_bin,hum_mid,860,610,250,205.0,True,True,L1_Location=Ballarat|L2_RainToday=rain_today_no
5,L1_Location=Ballarat|L2_RainToday=rain_today_no|L3_Humidity3pm=others,L1_Location=Ballarat|L2_RainToday=rain_today_no,3,L3_Humidity3pm,numeric_bin,others,3,2,1,1.0,True,True,L1_Location=Ballarat|L2_RainToday=rain_today_no
5,L1_Location=Ballarat|L2_RainToday=rain_today_yes|L3_Humidity3pm=hum_high,L1_Location=Ballarat|L2_RainToday=rain_today_yes,3,L3_Humidity3pm,numeric_bin,hum_high,362,263,99,80.0,True,True,L1_Location=Ballarat|L2_RainToday=rain_today_yes
5,L1_Location=Ballarat|L2_RainToday=rain_today_yes|L3_Humidity3pm=others,L1_Location=Ballarat|L2_RainToday=rain_today_yes,3,L3_Humidity3pm,numeric_bin,others,273,189,84,63.0,True,True,L1_Location=Ballarat|L2_RainToday=rain_today_yes
5,L1_Location=Bendigo|L2_RainToday=rain_today_no|L3_Humidity3pm=hum_low,L1_Location=Bendigo|L2_RainToday=rain_today_no,3,L3_Humidity3pm,numeric_bin,hum_low,955,663,292,239.0,True,True,L1_Location=Bendigo
5,L1_Location=Bendigo|L2_RainToday=rain_today_no|L3_Humidity3pm=hum_mid,L1_Location=Bendigo|L2_RainToday=rain_today_no,3,L3_Humidity3pm,numeric_bin,hum_mid,849,595,254,226.0,True,True,L1_Location=Bendigo
5,L1_Location=Bendigo|L2_RainToday=rain_today_no|L3_Humidity3pm=others,L1_Location=Bendigo|L2_RainToday=rain_today_no,3,L3_Humidity3pm,numeric_bin,others,170,124,46,29.0,True,True,L1_Location=Bendigo
5,L1_Location=Brisbane|L2_RainToday=rain_today_no|L3_Humidity3pm=hum_low,L1_Location=Brisbane|L2_RainToday=rain_today_no,3,L3_Humidity3pm,numeric_bin,hum_low,360,252,108,88.0,True,True,L1_Location=Brisbane|L2_RainToday=rain_today_no
5,L1_Location=Brisbane|L2_RainToday=rain_today_no|L3_Humidity3pm=hum_mid,L1_Location=Brisbane|L2_RainToday=rain_today_no,3,L3_Humidity3pm,numeric_bin,hum_mid,1448,985,463,388.0,True,True,L1_Location=Brisbane|L2_RainToday=rain_today_no
5,L1_Location=Brisbane|L2_RainToday=rain_today_no|L3_Humidity3pm=others,L1_Location=Brisbane|L2_RainToday=rain_today_no,3,L3_Humidity3pm,numeric_bin,others,124,88,36,20.0,True,True,L1_Location=Brisbane|L2_RainToday=rain_today_no
5,L1_Location=Brisbane|L2_RainToday=rain_today_yes|L3_Humidity3pm=hum_mid,L1_Location=Brisbane|L2_RainToday=rain_today_yes,3,L3_Humidity3pm,numeric_bin,hum_mid,346,238,108,89.0,True,True,L1_Location=Brisbane
5,L1_Location=Brisbane|L2_RainToday=rain_today_yes|L3_Humidity3pm=others,L1_Location=Brisbane|L2_RainToday=rain_today_yes,3,L3_Humidity3pm,numeric_bin,others,215,163,52,54.0,True,True,L1_Location=Brisbane
5,L1_Location=Cairns|L2_RainToday=rain_today_no|L3_Humidity3pm=hum_mid,L1_Location=Cairns|L2_RainToday=rain_today_no,3,L3_Humidity3pm,numeric_bin,hum_mid,1323,971,352,324.0,True,True,L1_Location=Cairns|L2_RainToday=rain_today_no
5,L1_Location=Cairns|L2_RainToday=rain_today_no|L3_Humidity3pm=others,L1_Location=Cairns|L2_RainToday=rain_today_no,3,L3_Humidity3pm,numeric_bin,others,297,214,83,79.0,True,True,L1_Location=Cairns|L2_RainToday=rain_today_no
5,L1_Location=Cairns|L2_RainToday=rain_today_yes|L3_Humidity3pm=hum_high,L1_Location=Cairns|L2_RainToday=rain_today_yes,3,L3_Humidity3pm,numeric_bin,hum_high,348,256,92,106.0,True,True,L1_Location=Cairns|L2_RainToday=rain_today_yes
5,L1_Location=Cairns|L2_RainToday=rain_today_yes|L3_Humidity3pm=hum_mid,L1_Location=Cairns|L2_RainToday=rain_today_yes,3,L3_Humidity3pm,numeric_bin,hum_mid,378,274,104,101.0,True,True,L1_Location=Cairns|L2_RainToday=rain_today_yes
5,L1_Location=Cairns|L2_RainToday=rain_today_yes|L3_Humidity3pm=others,L1_Location=Cairns|L2_RainToday=rain_today_yes,3,L3_Humidity3pm,numeric_bin,others,3,2,1,5.0,True,True,L1_Location=Cairns|L2_RainToday=rain_today_yes
5,L1_Location=Canberra|L2_RainToday=rain_today_no|L3_Humidity3pm=hum_low,L1_Location=Canberra|L2_RainToday=rain_today_no,3,L3_Humidity3pm,numeric_bin,hum_low,1016,712,304,255.0,True,True,L1_Location=Canberra|L2_RainToday=rain_today_no
5,L1_Location=Canberra|L2_RainToday=rain_today_no|L3_Humidity3pm=hum_mid,L1_Location=Canberra|L2_RainToday=rain_today_no,3,L3_Humidity3pm,numeric_bin,hum_mid,1063,752,311,266.0,True,True,L1_Location=Canberra|L2_RainToday=rain_today_no
5,L1_Location=Canberra|L2_RainToday=rain_today_no|L3_Humidity3pm=others,L1_Location=Canberra|L2_RainToday=rain_today_no,3,L3_Humidity3pm,numeric_bin,others,144,111,33,34.0,True,True,L1_Location=Canberra|L2_RainToday=rain_today_no
5,L1_Location=Cobar|L2_RainToday=rain_today_no|L3_Humidity3pm=hum_low,L1_Location=Cobar|L2_RainToday=rain_today_no,3,L3_Humidity3pm,numeric_bin,hum_low,1540,1061,479,365.0,True,True,L1_Location=Cobar
5,L1_Location=Cobar|L2_RainToday=rain_today_no|L3_Humidity3pm=hum_mid,L1_Location=Cobar|L2_RainToday=rain_today_no,3,L3_Humidity3pm,numeric_bin,hum_mid,425,296,129,93.0,True,True,L1_Location=Cobar
5,L1_Location=Cobar|L2_RainToday=rain_today_no|L3_Humidity3pm=others,L1_Location=Cobar|L2_RainToday=rain_today_no,3,L3_Humidity3pm,numeric_bin,others,136,94,42,37.0,True,True,L1_Location=Cobar
5,L1_Location=CoffsHarbour|L2_RainToday=rain_today_no|L3_Humidity3pm=hum_mid,L1_Location=CoffsHarbour|L2_RainToday=rain_today_no,3,L3_Humidity3pm,numeric_bin,hum_mid,1226,868,358,287.0,True,True,ROOT
5,L1_Location=CoffsHarbour|L2_RainToday=rain_today_no|L3_Humidity3pm=others,L1_Location=CoffsHarbour|L2_RainToday=rain_today_no,3,L3_Humidity3pm,numeric_bin,others,459,332,127,103.0,True,True,ROOT
5,L1_Location=CoffsHarbour|L2_RainToday=rain_today_yes|L3_Humidity3pm=hum_high,L1_Location=CoffsHarbour|L2_RainToday=rain_today_yes,3,L3_Humidity3pm,numeric_bin,hum_high,335,232,103,83.0,True,False,L1_Location=CoffsHarbour|L2_RainToday=rain_today_yes|L3_Humidity3pm=hum_high
5,L1_Location=CoffsHarbour|L2_RainToday=rain_today_yes|L3_Humidity3pm=hum_mid,L1_Location=CoffsHarbour|L2_RainToday=rain_today_yes,3,L3_Humidity3pm,numeric_bin,hum_mid,329,234,95,93.0,True,True,L1_Location=CoffsHarbour|L2_RainToday=rain_today_yes
5,L1_Location=CoffsHarbour|L2_RainToday=rain_today_yes|L3_Humidity3pm=others,L1_Location=CoffsHarbour|L2_RainToday=rain_today_yes,3,L3_Humidity3pm,numeric_bin,others,18,13,5,7.0,True,True,L1_Location=CoffsHarbour|L2_RainToday=rain_today_yes
5,L1_Location=Dartmoor|L2_RainToday=rain_today_no|L3_Humidity3pm=hum_high,L1_Location=Dartmoor|L2_RainToday=rain_today_no,3,L3_Humidity3pm,numeric_bin,hum_high,399,285,114,85.0,True,False,L1_Location=Dartmoor|L2_RainToday=rain_today_no|L3_Humidity3pm=hum_high
5,L1_Location=Dartmoor|L2_RainToday=rain_today_no|L3_Humidity3pm=hum_low,L1_Location=Dartmoor|L2_RainToday=rain_today_no,3,L3_Humidity3pm,numeric_bin,hum_low,324,205,119,70.0,True,True,L1_Location=Dartmoor
5,L1_Location=Dartmoor|L2_RainToday=rain_today_no|L3_Humidity3pm=hum_mid,L1_Location=Dartmoor|L2_RainToday=rain_today_no,3,L3_Humidity3pm,numeric_bin,hum_mid,839,571,268,204.0,True,True,L1_Location=Dartmoor
5,L1_Location=Dartmoor|L2_RainToday=rain_today_no|L3_Humidity3pm=others,L1_Location=Dartmoor|L2_RainToday=rain_today_no,3,L3_Humidity3pm,numeric_bin,others,79,60,19,18.0,True,True,L1_Location=Dartmoor
5,L1_Location=Dartmoor|L2_RainToday=rain_today_yes|L3_Humidity3pm=hum_high,L1_Location=Dartmoor|L2_RainToday=rain_today_yes,3,L3_Humidity3pm,numeric_bin,hum_high,448,310,138,93.0,True,False,L1_Location=Dartmoor|L2_RainToday=rain_today_yes|L3_Humidity3pm=hum_high
5,L1_Location=Dartmoor|L2_RainToday=rain_today_yes|L3_Humidity3pm=others,L1_Location=Dartmoor|L2_RainToday=rain_today_yes,3,L3_Humidity3pm,numeric_bin,others,300,217,83,80.0,True,True,L1_Location=Dartmoor|L2_RainToday=rain_today_yes
5,L1_Location=Darwin|L2_RainToday=rain_today_no|L3_Humidity3pm=hum_low,L1_Location=Darwin|L2_RainToday=rain_today_no,3,L3_Humidity3pm,numeric_bin,hum_low,704,509,195,157.0,True,True,L1_Location=Darwin|L2_RainToday=rain_today_no
5,L1_Location=Darwin|L2_RainToday=rain_today_no|L3_Humidity3pm=hum_mid,L1_Location=Darwin|L2_RainToday=rain_today_no,3,L3_Humidity3pm,numeric_bin,hum_mid,1077,742,335,272.0,True,True,L1_Location=Darwin|L2_RainToday=rain_today_no
5,L1_Location=Darwin|L2_RainToday=rain_today_no|L3_Humidity3pm=others,L1_Location=Darwin|L2_RainToday=rain_today_no,3,L3_Humidity3pm,numeric_bin,others,111,70,41,19.0,True,True,L1_Location=Darwin|L2_RainToday=rain_today_no
5,L1_Location=Darwin|L2_RainToday=rain_today_yes|L3_Humidity3pm=hum_mid,L1_Location=Darwin|L2_RainToday=rain_today_yes,3,L3_Humidity3pm,numeric_bin,hum_mid,396,276,120,94.0,True,True,L1_Location=Darwin
5,L1_Location=Darwin|L2_RainToday=rain_today_yes|L3_Humidity3pm=others,L1_Location=Darwin|L2_RainToday=rain_today_yes,3,L3_Humidity3pm,numeric_bin,others,280,204,76,82.0,True,True,L1_Location=Darwin
5,L1_Location=GoldCoast|L2_RainToday=rain_today_no|L3_Humidity3pm=hum_mid,L1_Location=GoldCoast|L2_RainToday=rain_today_no,3,L3_Humidity3pm,numeric_bin,hum_mid,1282,908,374,331.0,True,True,L1_Location=GoldCoast|L2_RainToday=rain_today_no
5,L1_Location=GoldCoast|L2_RainToday=rain_today_no|L3_Humidity3pm=others,L1_Location=GoldCoast|L2_RainToday=rain_today_no,3,L3_Humidity3pm,numeric_bin,others,437,293,144,117.0,True,True,L1_Location=GoldCoast|L2_RainToday=rain_today_no
5,L1_Location=GoldCoast|L2_RainToday=rain_today_yes|L3_Humidity3pm=hum_high,L1_Location=GoldCoast|L2_RainToday=rain_today_yes,3,L3_Humidity3pm,numeric_bin,hum_high,323,240,83,73.0,True,True,L1_Location=GoldCoast|L2_RainToday=rain_today_yes
5,L1_Location=GoldCoast|L2_RainToday=rain_today_yes|L3_Humidity3pm=others,L1_Location=GoldCoast|L2_RainToday=rain_today_yes,3,L3_Humidity3pm,numeric_bin,others,283,201,82,78.0,True,True,L1_Location=GoldCoast|L2_RainToday=rain_today_yes
5,L1_Location=Hobart|L2_RainToday=rain_today_no|L3_Humidity3pm=hum_low,L1_Location=Hobart|L2_RainToday=rain_today_no,3,L3_Humidity3pm,numeric_bin,hum_low,426,282,144,114.0,True,True,ROOT
5,L1_Location=Hobart|L2_RainToday=rain_today_no|L3_Humidity3pm=hum_mid,L1_Location=Hobart|L2_RainToday=rain_today_no,3,L3_Humidity3pm,numeric_bin,hum_mid,1298,895,403,326.0,True,False,L1_Location=Hobart|L2_RainToday=rain_today_no|L3_Humidity3pm=hum_mid
5,L1_Location=Hobart|L2_RainToday=rain_today_no|L3_Humidity3pm=others,L1_Location=Hobart|L2_RainToday=rain_today_no,3,L3_Humidity3pm,numeric_bin,others,205,144,61,52.0,True,True,ROOT
5,L1_Location=Hobart|L2_RainToday=rain_today_yes|L3_Humidity3pm=hum_mid,L1_Location=Hobart|L2_RainToday=rain_today_yes,3,L3_Humidity3pm,numeric_bin,hum_mid,353,249,104,82.0,True,True,L1_Location=Hobart|L2_RainToday=rain_today_yes
5,L1_Location=Hobart|L2_RainToday=rain_today_yes|L3_Humidity3pm=others,L1_Location=Hobart|L2_RainToday=rain_today_yes,3,L3_Humidity3pm,numeric_bin,others,266,193,73,61.0,True,True,L1_Location=Hobart|L2_RainToday=rain_today_yes
5,L1_Location=Katherine|L2_RainToday=rain_today_no|L3_Humidity3pm=hum_low,L1_Location=Katherine|L2_RainToday=rain_today_no,3,L3_Humidity3pm,numeric_bin,hum_low,310,213,97,,True,True,L1_Location=Katherine|L2_RainToday=rain_today_no
5,L1_Location=Katherine|L2_RainToday=rain_today_no|L3_Humidity3pm=unknown,L1_Location=Katherine|L2_RainToday=rain_today_no,3,L3_Humidity3pm,numeric_bin,unknown,547,365,182,,True,True,L1_Location=Katherine|L2_RainToday=rain_today_no
5,L1_Location=Katherine|L2_RainToday=rain_today_no|L3_Humidity3pm=others,L1_Location=Katherine|L2_RainToday=rain_today_no,3,L3_Humidity3pm,numeric_bin,others,172,128,44,,True,True,L1_Location=Katherine|L2_RainToday=rain_today_no
5,L1_Location=Launceston|L2_RainToday=rain_today_no|L3_Humidity3pm=hum_high,L1_Location=Launceston|L2_RainToday=rain_today_no,3,L3_Humidity3pm,numeric_bin,hum_high,325,223,102,73.0,True,True,L1_Location=Launceston
5,L1_Location=Launceston|L2_RainToday=rain_today_no|L3_Humidity3pm=hum_low,L1_Location=Launceston|L2_RainToday=rain_today_no,3,L3_Humidity3pm,numeric_bin,hum_low,395,286,109,86.0,True,True,L1_Location=Launceston
5,L1_Location=Launceston|L2_RainToday=rain_today_no|L3_Humidity3pm=hum_mid,L1_Location=Launceston|L2_RainToday=rain_today_no,3,L3_Humidity3pm,numeric_bin,hum_mid,1173,842,331,268.0,True,True,L1_Location=Launceston
5,L1_Location=Launceston|L2_RainToday=rain_today_no|L3_Humidity3pm=others,L1_Location=Launceston|L2_RainToday=rain_today_no,3,L3_Humidity3pm,numeric_bin,others,1,0,1,2.0,True,True,L1_Location=Launceston
5,L1_Location=Melbourne|L2_RainToday=rain_today_no|L3_Humidity3pm=hum_low,L1_Location=Melbourne|L2_RainToday=rain_today_no,3,L3_Humidity3pm,numeric_bin,hum_low,394,291,103,95.0,True,True,L1_Location=Melbourne|L2_RainToday=rain_today_no
5,L1_Location=Melbourne|L2_RainToday=rain_today_no|L3_Humidity3pm=hum_mid,L1_Location=Melbourne|L2_RainToday=rain_today_no,3,L3_Humidity3pm,numeric_bin,hum_mid,843,608,235,232.0,True,True,L1_Location=Melbourne|L2_RainToday=rain_today_no
5,L1_Location=Melbourne|L2_RainToday=rain_today_no|L3_Humidity3pm=others,L1_Location=Melbourne|L2_RainToday=rain_today_no,3,L3_Humidity3pm,numeric_bin,others,125,94,31,29.0,True,True,L1_Location=Melbourne|L2_RainToday=rain_today_no
5,L1_Location=Melbourne|L2_RainToday=rain_today_yes|L3_Humidity3pm=hum_mid,L1_Location=Melbourne|L2_RainToday=rain_today_yes,3,L3_Humidity3pm,numeric_bin,hum_mid,317,231,86,80.0,True,True,L1_Location=Melbourne|L2_RainToday=rain_today_yes
5,L1_Location=Melbourne|L2_RainToday=rain_today_yes|L3_Humidity3pm=others,L1_Location=Melbourne|L2_RainToday=rain_today_yes,3,L3_Humidity3pm,numeric_bin,others,139,89,50,44.0,True,True,L1_Location=Melbourne|L2_RainToday=rain_today_yes
5,L1_Location=MelbourneAirport|L2_RainToday=rain_today_no|L3_Humidity3pm=hum_low,L1_Location=MelbourneAirport|L2_RainToday=rain_today_no,3,L3_Humidity3pm,numeric_bin,hum_low,567,391,176,163.0,True,True,ROOT
5,L1_Location=MelbourneAirport|L2_RainToday=rain_today_no|L3_Humidity3pm=hum_mid,L1_Location=MelbourneAirport|L2_RainToday=rain_today_no,3,L3_Humidity3pm,numeric_bin,hum_mid,1086,769,317,291.0,True,True,ROOT
5,L1_Location=MelbourneAirport|L2_RainToday=rain_today_no|L3_Humidity3pm=others,L1_Location=MelbourneAirport|L2_RainToday=rain_today_no,3,L3_Humidity3pm,numeric_bin,others,188,137,51,61.0,True,True,ROOT
5,L1_Location=MelbourneAirport|L2_RainToday=rain_today_yes|L3_Humidity3pm=hum_mid,L1_Location=MelbourneAirport|L2_RainToday=rain_today_yes,3,L3_Humidity3pm,numeric_bin,hum_mid,328,243,85,83.0,True,True,L1_Location=MelbourneAirport|L2_RainToday=rain_today_yes
5,L1_Location=MelbourneAirport|L2_RainToday=rain_today_yes|L3_Humidity3pm=others,L1_Location=MelbourneAirport|L2_RainToday=rain_today_yes,3,L3_Humidity3pm,numeric_bin,others,189,136,53,53.0,True,True,L1_Location=MelbourneAirport|L2_RainToday=rain_today_yes
5,L1_Location=Mildura|L2_RainToday=rain_today_no|L3_Humidity3pm=hum_low,L1_Location=Mildura|L2_RainToday=rain_today_no,3,L3_Humidity3pm,numeric_bin,hum_low,1522,1071,451,374.0,True,True,L1_Location=Mildura|L2_RainToday=rain_today_no
5,L1_Location=Mildura|L2_RainToday=rain_today_no|L3_Humidity3pm=hum_mid,L1_Location=Mildura|L2_RainToday=rain_today_no,3,L3_Humidity3pm,numeric_bin,hum_mid,554,396,158,148.0,True,True,L1_Location=Mildura|L2_RainToday=rain_today_no
5,L1_Location=Mildura|L2_RainToday=rain_today_no|L3_Humidity3pm=others,L1_Location=Mildura|L2_RainToday=rain_today_no,3,L3_Humidity3pm,numeric_bin,others,59,39,20,22.0,True,True,L1_Location=Mildura|L2_RainToday=rain_today_no
5,L1_Location=Moree|L2_RainToday=rain_today_no|L3_Humidity3pm=hum_low,L1_Location=Moree|L2_RainToday=rain_today_no,3,L3_Humidity3pm,numeric_bin,hum_low,1544,1104,440,339.0,True,True,L1_Location=Moree|L2_RainToday=rain_today_no
5,L1_Location=Moree|L2_RainToday=rain_today_no|L3_Humidity3pm=hum_mid,L1_Location=Moree|L2_RainToday=rain_today_no,3,L3_Humidity3pm,numeric_bin,hum_mid,366,248,118,75.0,True,True,L1_Location=Moree|L2_RainToday=rain_today_no
5,L1_Location=Moree|L2_RainToday=rain_today_no|L3_Humidity3pm=others,L1_Location=Moree|L2_RainToday=rain_today_no,3,L3_Humidity3pm,numeric_bin,others,72,49,23,13.0,True,True,L1_Location=Moree|L2_RainToday=rain_today_no
5,L1_Location=MountGambier|L2_RainToday=rain_today_no|L3_Humidity3pm=hum_low,L1_Location=MountGambier|L2_RainToday=rain_today_no,3,L3_Humidity3pm,numeric_bin,hum_low,455,329,126,110.0,True,True,L1_Location=MountGambier
5,L1_Location=MountGambier|L2_RainToday=rain_today_no|L3_Humidity3pm=hum_mid,L1_Location=MountGambier|L2_RainToday=rain_today_no,3,L3_Humidity3pm,numeric_bin,hum_mid,937,657,280,225.0,True,True,L1_Location=MountGambier
5,L1_Location=MountGambier|L2_RainToday=rain_today_no|L3_Humidity3pm=others,L1_Location=MountGambier|L2_RainToday=rain_today_no,3,L3_Humidity3pm,numeric_bin,others,300,211,89,76.0,True,True,L1_Location=MountGambier
5,L1_Location=MountGambier|L2_RainToday=rain_today_yes|L3_Humidity3pm=hum_high,L1_Location=MountGambier|L2_RainToday=rain_today_yes,3,L3_Humidity3pm,numeric_bin,hum_high,316,222,94,83.0,True,True,L1_Location=MountGambier
5,L1_Location=MountGambier|L2_RainToday=rain_today_yes|L3_Humidity3pm=hum_mid,L1_Location=MountGambier|L2_RainToday=rain_today_yes,3,L3_Humidity3pm,numeric_bin,hum_mid,395,272,123,99.0,True,True,L1_Location=MountGambier
5,L1_Location=MountGambier|L2_RainToday=rain_today_yes|L3_Humidity3pm=others,L1_Location=MountGambier|L2_RainToday=rain_today_yes,3,L3_Humidity3pm,numeric_bin,others,25,15,10,1.0,True,True,L1_Location=MountGambier
5,L1_Location=MountGinini|L2_RainToday=rain_today_no|L3_Humidity3pm=hum_high,L1_Location=MountGinini|L2_RainToday=rain_today_no,3,L3_Humidity3pm,numeric_bin,hum_high,583,428,155,140.0,True,False,L1_Location=MountGinini|L2_RainToday=rain_today_no|L3_Humidity3pm=hum_high
5,L1_Location=MountGinini|L2_RainToday=rain_today_no|L3_Humidity3pm=hum_mid,L1_Location=MountGinini|L2_RainToday=rain_today_no,3,L3_Humidity3pm,numeric_bin,hum_mid,746,547,199,150.0,True,True,L1_Location=MountGinini|L2_RainToday=rain_today_no
5,L1_Location=MountGinini|L2_RainToday=rain_today_no|L3_Humidity3pm=others,L1_Location=MountGinini|L2_RainToday=rain_today_no,3,L3_Humidity3pm,numeric_bin,others,337,245,92,79.0,True,True,L1_Location=MountGinini|L2_RainToday=rain_today_no
5,L1_Location=MountGinini|L2_RainToday=rain_today_yes|L3_Humidity3pm=hum_high,L1_Location=MountGinini|L2_RainToday=rain_today_yes,3,L3_Humidity3pm,numeric_bin,hum_high,419,281,138,112.0,True,True,L1_Location=MountGinini|L2_RainToday=rain_today_yes
5,L1_Location=MountGinini|L2_RainToday=rain_today_yes|L3_Humidity3pm=others,L1_Location=MountGinini|L2_RainToday=rain_today_yes,3,L3_Humidity3pm,numeric_bin,others,201,139,62,49.0,True,True,L1_Location=MountGinini|L2_RainToday=rain_today_yes
5,L1_Location=Newcastle|L2_RainToday=rain_today_no|L3_Humidity3pm=hum_mid,L1_Location=Newcastle|L2_RainToday=rain_today_no,3,L3_Humidity3pm,numeric_bin,hum_mid,793,521,272,218.0,True,True,ROOT
5,L1_Location=Newcastle|L2_RainToday=rain_today_no|L3_Humidity3pm=unknown,L1_Location=Newcastle|L2_RainToday=rain_today_no,3,L3_Humidity3pm,numeric_bin,unknown,517,339,178,132.0,True,True,ROOT
5,L1_Location=Newcastle|L2_RainToday=rain_today_no|L3_Humidity3pm=others,L1_Location=Newcastle|L2_RainToday=rain_today_no,3,L3_Humidity3pm,numeric_bin,others,436,315,121,112.0,True,True,ROOT
5,L1_Location=Nhil|L2_RainToday=rain_today_no|L3_Humidity3pm=hum_low,L1_Location=Nhil|L2_RainToday=rain_today_no,3,L3_Humidity3pm,numeric_bin,hum_low,552,387,165,,True,True,L1_Location=Nhil
5,L1_Location=Nhil|L2_RainToday=rain_today_no|L3_Humidity3pm=hum_mid,L1_Location=Nhil|L2_RainToday=rain_today_no,3,L3_Humidity3pm,numeric_bin,hum_mid,398,265,133,,True,False,L1_Location=Nhil|L2_RainToday=rain_today_no|L3_Humidity3pm=hum_mid
5,L1_Location=Nhil|L2_RainToday=rain_today_no|L3_Humidity3pm=others,L1_Location=Nhil|L2_RainToday=rain_today_no,3,L3_Humidity3pm,numeric_bin,others,95,66,29,,True,True,L1_Location=Nhil
5,L1_Location=NorahHead|L2_RainToday=rain_today_no|L3_Humidity3pm=hum_high,L1_Location=NorahHead|L2_RainToday=rain_today_no,3,L3_Humidity3pm,numeric_bin,hum_high,633,457,176,185.0,True,True,ROOT
5,L1_Location=NorahHead|L2_RainToday=rain_today_no|L3_Humidity3pm=hum_mid,L1_Location=NorahHead|L2_RainToday=rain_today_no,3,L3_Humidity3pm,numeric_bin,hum_mid,892,639,253,223.0,True,True,ROOT
5,L1_Location=NorahHead|L2_RainToday=rain_today_no|L3_Humidity3pm=others,L1_Location=NorahHead|L2_RainToday=rain_today_no,3,L3_Humidity3pm,numeric_bin,others,129,90,39,31.0,True,True,ROOT
5,L1_Location=NorahHead|L2_RainToday=rain_today_yes|L3_Humidity3pm=hum_high,L1_Location=NorahHead|L2_RainToday=rain_today_yes,3,L3_Humidity3pm,numeric_bin,hum_high,410,295,115,93.0,True,False,L1_Location=NorahHead|L2_RainToday=rain_today_yes|L3_Humidity3pm=hum_high
5,L1_Location=NorahHead|L2_RainToday=rain_today_yes|L3_Humidity3pm=others,L1_Location=NorahHead|L2_RainToday=rain_today_yes,3,L3_Humidity3pm,numeric_bin,others,238,163,75,54.0,True,True,L1_Location=NorahHead|L2_RainToday=rain_today_yes
5,L1_Location=NorfolkIsland|L2_RainToday=rain_today_no|L3_Humidity3pm=hum_high,L1_Location=NorfolkIsland|L2_RainToday=rain_today_no,3,L3_Humidity3pm,numeric_bin,hum_high,497,359,138,143.0,True,True,L1_Location=NorfolkIsland|L2_RainToday=rain_today_no
5,L1_Location=NorfolkIsland|L2_RainToday=rain_today_no|L3_Humidity3pm=hum_mid,L1_Location=NorfolkIsland|L2_RainToday=rain_today_no,3,L3_Humidity3pm,numeric_bin,hum_mid,1096,737,359,294.0,True,True,L1_Location=NorfolkIsland|L2_RainToday=rain_today_no
5,L1_Location=NorfolkIsland|L2_RainToday=rain_today_no|L3_Humidity3pm=others,L1_Location=NorfolkIsland|L2_RainToday=rain_today_no,3,L3_Humidity3pm,numeric_bin,others,1,0,1,1.0,True,True,L1_Location=NorfolkIsland|L2_RainToday=rain_today_no
5,L1_Location=NorfolkIsland|L2_RainToday=rain_today_yes|L3_Humidity3pm=hum_high,L1_Location=NorfolkIsland|L2_RainToday=rain_today_yes,3,L3_Humidity3pm,numeric_bin,hum_high,375,278,97,100.0,True,True,L1_Location=NorfolkIsland|L2_RainToday=rain_today_yes
5,L1_Location=NorfolkIsland|L2_RainToday=rain_today_yes|L3_Humidity3pm=hum_mid,L1_Location=NorfolkIsland|L2_RainToday=rain_today_yes,3,L3_Humidity3pm,numeric_bin,hum_mid,348,247,101,89.0,True,True,L1_Location=NorfolkIsland|L2_RainToday=rain_today_yes
5,L1_Location=Nuriootpa|L2_RainToday=rain_today_no|L3_Humidity3pm=hum_low,L1_Location=Nuriootpa|L2_RainToday=rain_today_no,3,L3_Humidity3pm,numeric_bin,hum_low,1027,725,302,250.0,True,True,L1_Location=Nuriootpa
5,L1_Location=Nuriootpa|L2_RainToday=rain_today_no|L3_Humidity3pm=hum_mid,L1_Location=Nuriootpa|L2_RainToday=rain_today_no,3,L3_Humidity3pm,numeric_bin,hum_mid,711,491,220,200.0,True,True,L1_Location=Nuriootpa
5,L1_Location=Nuriootpa|L2_RainToday=rain_today_no|L3_Humidity3pm=others,L1_Location=Nuriootpa|L2_RainToday=rain_today_no,3,L3_Humidity3pm,numeric_bin,others,179,129,50,41.0,True,True,L1_Location=Nuriootpa
5,L1_Location=PearceRAAF|L2_RainToday=rain_today_no|L3_Humidity3pm=hum_low,L1_Location=PearceRAAF|L2_RainToday=rain_today_no,3,L3_Humidity3pm,numeric_bin,hum_low,1041,740,301,280.0,True,True,L1_Location=PearceRAAF|L2_RainToday=rain_today_no
5,L1_Location=PearceRAAF|L2_RainToday=rain_today_no|L3_Humidity3pm=hum_mid,L1_Location=PearceRAAF|L2_RainToday=rain_today_no,3,L3_Humidity3pm,numeric_bin,hum_mid,626,439,187,141.0,True,True,L1_Location=PearceRAAF|L2_RainToday=rain_today_no
5,L1_Location=PearceRAAF|L2_RainToday=rain_today_no|L3_Humidity3pm=others,L1_Location=PearceRAAF|L2_RainToday=rain_today_no,3,L3_Humidity3pm,numeric_bin,others,62,42,20,22.0,True,True,L1_Location=PearceRAAF|L2_RainToday=rain_today_no
5,L1_Location=Penrith|L2_RainToday=rain_today_no|L3_Humidity3pm=hum_low,L1_Location=Penrith|L2_RainToday=rain_today_no,3,L3_Humidity3pm,numeric_bin,hum_low,825,565,260,210.0,True,True,ROOT
5,L1_Location=Penrith|L2_RainToday=rain_today_no|L3_Humidity3pm=hum_mid,L1_Location=Penrith|L2_RainToday=rain_today_no,3,L3_Humidity3pm,numeric_bin,hum_mid,824,557,267,235.0,True,True,ROOT
5,L1_Location=Penrith|L2_RainToday=rain_today_no|L3_Humidity3pm=others,L1_Location=Penrith|L2_RainToday=rain_today_no,3,L3_Humidity3pm,numeric_bin,others,194,141,53,42.0,True,True,ROOT
5,L1_Location=Perth|L2_RainToday=rain_today_no|L3_Humidity3pm=hum_low,L1_Location=Perth|L2_RainToday=rain_today_no,3,L3_Humidity3pm,numeric_bin,hum_low,811,564,247,210.0,True,True,L1_Location=Perth|L2_RainToday=rain_today_no
5,L1_Location=Perth|L2_RainToday=rain_today_no|L3_Humidity3pm=hum_mid,L1_Location=Perth|L2_RainToday=rain_today_no,3,L3_Humidity3pm,numeric_bin,hum_mid,1123,774,349,293.0,True,True,L1_Location=Perth|L2_RainToday=rain_today_no
5,L1_Location=Perth|L2_RainToday=rain_today_no|L3_Humidity3pm=others,L1_Location=Perth|L2_RainToday=rain_today_no,3,L3_Humidity3pm,numeric_bin,others,92,67,25,19.0,True,True,L1_Location=Perth|L2_RainToday=rain_today_no
5,L1_Location=Perth|L2_RainToday=rain_today_yes|L3_Humidity3pm=hum_mid,L1_Location=Perth|L2_RainToday=rain_today_yes,3,L3_Humidity3pm,numeric_bin,hum_mid,390,262,128,101.0,True,True,L1_Location=Perth
5,L1_Location=Perth|L2_RainToday=rain_today_yes|L3_Humidity3pm=others,L1_Location=Perth|L2_RainToday=rain_today_yes,3,L3_Humidity3pm,numeric_bin,others,132,85,47,22.0,True,True,L1_Location=Perth
5,L1_Location=PerthAirport|L2_RainToday=rain_today_no|L3_Humidity3pm=hum_low,L1_Location=PerthAirport|L2_RainToday=rain_today_no,3,L3_Humidity3pm,numeric_bin,hum_low,1128,798,330,270.0,True,True,L1_Location=PerthAirport
5,L1_Location=PerthAirport|L2_RainToday=rain_today_no|L3_Humidity3pm=hum_mid,L1_Location=PerthAirport|L2_RainToday=rain_today_no,3,L3_Humidity3pm,numeric_bin,hum_mid,768,540,228,190.0,True,True,L1_Location=PerthAirport
5,L1_Location=PerthAirport|L2_RainToday=rain_today_no|L3_Humidity3pm=others,L1_Location=PerthAirport|L2_RainToday=rain_today_no,3,L3_Humidity3pm,numeric_bin,others,69,38,31,17.0,True,True,L1_Location=PerthAirport
5,L1_Location=PerthAirport|L2_RainToday=rain_today_yes|L3_Humidity3pm=hum_mid,L1_Location=PerthAirport|L2_RainToday=rain_today_yes,3,L3_Humidity3pm,numeric_bin,hum_mid,316,225,91,89.0,True,True,L1_Location=PerthAirport|L2_RainToday=rain_today_yes
5,L1_Location=PerthAirport|L2_RainToday=rain_today_yes|L3_Humidity3pm=others,L1_Location=PerthAirport|L2_RainToday=rain_today_yes,3,L3_Humidity3pm,numeric_bin,others,132,97,35,30.0,True,True,L1_Location=PerthAirport|L2_RainToday=rain_today_yes
5,L1_Location=Portland|L2_RainToday=rain_today_no|L3_Humidity3pm=hum_high,L1_Location=Portland|L2_RainToday=rain_today_no,3,L3_Humidity3pm,numeric_bin,hum_high,434,299,135,84.0,True,False,L1_Location=Portland|L2_RainToday=rain_today_no|L3_Humidity3pm=hum_high
5,L1_Location=Portland|L2_RainToday=rain_today_no|L3_Humidity3pm=hum_mid,L1_Location=Portland|L2_RainToday=rain_today_no,3,L3_Humidity3pm,numeric_bin,hum_mid,974,676,298,230.0,True,True,L1_Location=Portland
5,L1_Location=Portland|L2_RainToday=rain_today_no|L3_Humidity3pm=others,L1_Location=Portland|L2_RainToday=rain_today_no,3,L3_Humidity3pm,numeric_bin,others,140,91,49,34.0,True,True,L1_Location=Portland
5,L1_Location=Portland|L2_RainToday=rain_today_yes|L3_Humidity3pm=hum_high,L1_Location=Portland|L2_RainToday=rain_today_yes,3,L3_Humidity3pm,numeric_bin,hum_high,472,325,147,108.0,True,False,L1_Location=Portland|L2_RainToday=rain_today_yes|L3_Humidity3pm=hum_high
5,L1_Location=Portland|L2_RainToday=rain_today_yes|L3_Humidity3pm=hum_mid,L1_Location=Portland|L2_RainToday=rain_today_yes,3,L3_Humidity3pm,numeric_bin,hum_mid,407,277,130,95.0,True,True,L1_Location=Portland|L2_RainToday=rain_today_yes
5,L1_Location=Portland|L2_RainToday=rain_today_yes|L3_Humidity3pm=others,L1_Location=Portland|L2_RainToday=rain_today_yes,3,L3_Humidity3pm,numeric_bin,others,3,1,2,3.0,True,True,L1_Location=Portland|L2_RainToday=rain_today_yes
5,L1_Location=Richmond|L2_RainToday=rain_today_no|L3_Humidity3pm=hum_low,L1_Location=Richmond|L2_RainToday=rain_today_no,3,L3_Humidity3pm,numeric_bin,hum_low,774,531,243,210.0,True,False,L1_Location=Richmond|L2_RainToday=rain_today_no|L3_Humidity3pm=hum_low
5,L1_Location=Richmond|L2_RainToday=rain_today_no|L3_Humidity3pm=hum_mid,L1_Location=Richmond|L2_RainToday=rain_today_no,3,L3_Humidity3pm,numeric_bin,hum_mid,931,638,293,229.0,True,True,L1_Location=Richmond
5,L1_Location=Richmond|L2_RainToday=rain_today_no|L3_Humidity3pm=others,L1_Location=Richmond|L2_RainToday=rain_today_no,3,L3_Humidity3pm,numeric_bin,others,159,105,54,48.0,True,True,L1_Location=Richmond
5,L1_Location=Sale|L2_RainToday=rain_today_no|L3_Humidity3pm=hum_low,L1_Location=Sale|L2_RainToday=rain_today_no,3,L3_Humidity3pm,numeric_bin,hum_low,322,225,97,67.0,True,True,ROOT
5,L1_Location=Sale|L2_RainToday=rain_today_no|L3_Humidity3pm=hum_mid,L1_Location=Sale|L2_RainToday=rain_today_no,3,L3_Humidity3pm,numeric_bin,hum_mid,1297,935,362,314.0,True,False,L1_Location=Sale|L2_RainToday=rain_today_no|L3_Humidity3pm=hum_mid
5,L1_Location=Sale|L2_RainToday=rain_today_no|L3_Humidity3pm=others,L1_Location=Sale|L2_RainToday=rain_today_no,3,L3_Humidity3pm,numeric_bin,others,278,196,82,73.0,True,True,ROOT
5,L1_Location=Sale|L2_RainToday=rain_today_yes|L3_Humidity3pm=hum_mid,L1_Location=Sale|L2_RainToday=rain_today_yes,3,L3_Humidity3pm,numeric_bin,hum_mid,313,218,95,79.0,True,True,L1_Location=Sale|L2_RainToday=rain_today_yes
5,L1_Location=Sale|L2_RainToday=rain_today_yes|L3_Humidity3pm=others,L1_Location=Sale|L2_RainToday=rain_today_yes,3,L3_Humidity3pm,numeric_bin,others,208,142,66,41.0,True,True,L1_Location=Sale|L2_RainToday=rain_today_yes
5,L1_Location=SalmonGums|L2_RainToday=rain_today_no|L3_Humidity3pm=hum_low,L1_Location=SalmonGums|L2_RainToday=rain_today_no,3,L3_Humidity3pm,numeric_bin,hum_low,1243,859,384,312.0,True,True,ROOT
5,L1_Location=SalmonGums|L2_RainToday=rain_today_no|L3_Humidity3pm=hum_mid,L1_Location=SalmonGums|L2_RainToday=rain_today_no,3,L3_Humidity3pm,numeric_bin,hum_mid,640,439,201,165.0,True,True,ROOT
5,L1_Location=SalmonGums|L2_RainToday=rain_today_no|L3_Humidity3pm=others,L1_Location=SalmonGums|L2_RainToday=rain_today_no,3,L3_Humidity3pm,numeric_bin,others,85,58,27,27.0,True,True,ROOT
5,L1_Location=Sydney|L2_RainToday=rain_today_no|L3_Humidity3pm=hum_low,L1_Location=Sydney|L2_RainToday=rain_today_no,3,L3_Humidity3pm,numeric_bin,hum_low,481,347,134,122.0,True,True,L1_Location=Sydney|L2_RainToday=rain_today_no
5,L1_Location=Sydney|L2_RainToday=rain_today_no|L3_Humidity3pm=hum_mid,L1_Location=Sydney|L2_RainToday=rain_today_no,3,L3_Humidity3pm,numeric_bin,hum_mid,1319,916,403,346.0,True,True,L1_Location=Sydney|L2_RainToday=rain_today_no
5,L1_Location=Sydney|L2_RainToday=rain_today_no|L3_Humidity3pm=others,L1_Location=Sydney|L2_RainToday=rain_today_no,3,L3_Humidity3pm,numeric_bin,others,152,96,56,45.0,True,True,L1_Location=Sydney|L2_RainToday=rain_today_no
5,L1_Location=Sydney|L2_RainToday=rain_today_yes|L3_Humidity3pm=hum_mid,L1_Location=Sydney|L2_RainToday=rain_today_yes,3,L3_Humidity3pm,numeric_bin,hum_mid,404,289,115,99.0,True,True,L1_Location=Sydney|L2_RainToday=rain_today_yes
5,L1_Location=Sydney|L2_RainToday=rain_today_yes|L3_Humidity3pm=others,L1_Location=Sydney|L2_RainToday=rain_today_yes,3,L3_Humidity3pm,numeric_bin,others,295,206,89,68.0,True,True,L1_Location=Sydney|L2_RainToday=rain_today_yes
5,L1_Location=SydneyAirport|L2_RainToday=rain_today_no|L3_Humidity3pm=hum_low,L1_Location=SydneyAirport|L2_RainToday=rain_today_no,3,L3_Humidity3pm,numeric_bin,hum_low,506,348,158,134.0,True,True,L1_Location=SydneyAirport|L2_RainToday=rain_today_no
5,L1_Location=SydneyAirport|L2_RainToday=rain_today_no|L3_Humidity3pm=hum_mid,L1_Location=SydneyAirport|L2_RainToday=rain_today_no,3,L3_Humidity3pm,numeric_bin,hum_mid,1058,748,310,259.0,True,True,L1_Location=SydneyAirport|L2_RainToday=rain_today_no
5,L1_Location=SydneyAirport|L2_RainToday=rain_today_no|L3_Humidity3pm=others,L1_Location=SydneyAirport|L2_RainToday=rain_today_no,3,L3_Humidity3pm,numeric_bin,others,224,154,70,48.0,True,True,L1_Location=SydneyAirport|L2_RainToday=rain_today_no
5,L1_Location=SydneyAirport|L2_RainToday=rain_today_yes|L3_Humidity3pm=hum_mid,L1_Location=SydneyAirport|L2_RainToday=rain_today_yes,3,L3_Humidity3pm,numeric_bin,hum_mid,320,227,93,67.0,True,True,L1_Location=SydneyAirport|L2_RainToday=rain_today_yes
5,L1_Location=SydneyAirport|L2_RainToday=rain_today_yes|L3_Humidity3pm=others,L1_Location=SydneyAirport|L2_RainToday=rain_today_yes,3,L3_Humidity3pm,numeric_bin,others,297,214,83,88.0,True,True,L1_Location=SydneyAirport|L2_RainToday=rain_today_yes
5,L1_Location=Townsville|L2_RainToday=rain_today_no|L3_Humidity3pm=hum_mid,L1_Location=Townsville|L2_RainToday=rain_today_no,3,L3_Humidity3pm,numeric_bin,hum_mid,1653,1132,521,433.0,True,True,L1_Location=Townsville|L2_RainToday=rain_today_no
5,L1_Location=Townsville|L2_RainToday=rain_today_no|L3_Humidity3pm=others,L1_Location=Townsville|L2_RainToday=rain_today_no,3,L3_Humidity3pm,numeric_bin,others,332,224,108,91.0,True,True,L1_Location=Townsville|L2_RainToday=rain_today_no
5,L1_Location=Tuggeranong|L2_RainToday=rain_today_no|L3_Humidity3pm=hum_low,L1_Location=Tuggeranong|L2_RainToday=rain_today_no,3,L3_Humidity3pm,numeric_bin,hum_low,823,566,257,210.0,True,True,L1_Location=Tuggeranong
5,L1_Location=Tuggeranong|L2_RainToday=rain_today_no|L3_Humidity3pm=hum_mid,L1_Location=Tuggeranong|L2_RainToday=rain_today_no,3,L3_Humidity3pm,numeric_bin,hum_mid,971,709,262,237.0,True,True,L1_Location=Tuggeranong
5,L1_Location=Tuggeranong|L2_RainToday=rain_today_no|L3_Humidity3pm=others,L1_Location=Tuggeranong|L2_RainToday=rain_today_no,3,L3_Humidity3pm,numeric_bin,others,125,103,22,31.0,True,True,L1_Location=Tuggeranong
5,L1_Location=Uluru|L2_RainToday=rain_today_no|L3_Humidity3pm=hum_low,L1_Location=Uluru|L2_RainToday=rain_today_no,3,L3_Humidity3pm,numeric_bin,hum_low,1042,710,332,,True,False,L1_Location=Uluru|L2_RainToday=rain_today_no|L3_Humidity3pm=hum_low
5,L1_Location=Uluru|L2_RainToday=rain_today_no|L3_Humidity3pm=others,L1_Location=Uluru|L2_RainToday=rain_today_no,3,L3_Humidity3pm,numeric_bin,others,73,55,18,,True,True,ROOT
5,L1_Location=WaggaWagga|L2_RainToday=rain_today_no|L3_Humidity3pm=hum_low,L1_Location=WaggaWagga|L2_RainToday=rain_today_no,3,L3_Humidity3pm,numeric_bin,hum_low,1116,771,345,268.0,True,True,L1_Location=WaggaWagga|L2_RainToday=rain_today_no
5,L1_Location=WaggaWagga|L2_RainToday=rain_today_no|L3_Humidity3pm=hum_mid,L1_Location=WaggaWagga|L2_RainToday=rain_today_no,3,L3_Humidity3pm,numeric_bin,hum_mid,683,462,221,194.0,True,True,L1_Location=WaggaWagga|L2_RainToday=rain_today_no
5,L1_Location=WaggaWagga|L2_RainToday=rain_today_no|L3_Humidity3pm=others,L1_Location=WaggaWagga|L2_RainToday=rain_today_no,3,L3_Humidity3pm,numeric_bin,others,141,91,50,23.0,True,True,L1_Location=WaggaWagga|L2_RainToday=rain_today_no
5,L1_Location=Walpole|L2_RainToday=rain_today_no|L3_Humidity3pm=hum_high,L1_Location=Walpole|L2_RainToday=rain_today_no,3,L3_Humidity3pm,numeric_bin,hum_high,367,242,125,83.0,True,False,L1_Location=Walpole|L2_RainToday=rain_today_no|L3_Humidity3pm=hum_high
5,L1_Location=Walpole|L2_RainToday=rain_today_no|L3_Humidity3pm=hum_mid,L1_Location=Walpole|L2_RainToday=rain_today_no,3,L3_Humidity3pm,numeric_bin,hum_mid,1031,718,313,284.0,True,True,ROOT
5,L1_Location=Walpole|L2_RainToday=rain_today_no|L3_Humidity3pm=others,L1_Location=Walpole|L2_RainToday=rain_today_no,3,L3_Humidity3pm,numeric_bin,others,63,50,13,14.0,True,True,ROOT
5,L1_Location=Walpole|L2_RainToday=rain_today_yes|L3_Humidity3pm=hum_high,L1_Location=Walpole|L2_RainToday=rain_today_yes,3,L3_Humidity3pm,numeric_bin,hum_high,375,263,112,74.0,True,False,L1_Location=Walpole|L2_RainToday=rain_today_yes|L3_Humidity3pm=hum_high
5,L1_Location=Walpole|L2_RainToday=rain_today_yes|L3_Humidity3pm=hum_mid,L1_Location=Walpole|L2_RainToday=rain_today_yes,3,L3_Humidity3pm,numeric_bin,hum_mid,356,253,103,104.0,True,True,L1_Location=Walpole|L2_RainToday=rain_today_yes
5,L1_Location=Walpole|L2_RainToday=rain_today_yes|L3_Humidity3pm=others,L1_Location=Walpole|L2_RainToday=rain_today_yes,3,L3_Humidity3pm,numeric_bin,others,12,6,6,7.0,True,True,L1_Location=Walpole|L2_RainToday=rain_today_yes
5,L1_Location=Watsonia|L2_RainToday=rain_today_no|L3_Humidity3pm=hum_low,L1_Location=Watsonia|L2_RainToday=rain_today_no,3,L3_Humidity3pm,numeric_bin,hum_low,505,361,144,114.0,True,True,L1_Location=Watsonia|L2_RainToday=rain_today_no
5,L1_Location=Watsonia|L2_RainToday=rain_today_no|L3_Humidity3pm=hum_mid,L1_Location=Watsonia|L2_RainToday=rain_today_no,3,L3_Humidity3pm,numeric_bin,hum_mid,1112,781,331,253.0,True,True,L1_Location=Watsonia|L2_RainToday=rain_today_no
5,L1_Location=Watsonia|L2_RainToday=rain_today_no|L3_Humidity3pm=others,L1_Location=Watsonia|L2_RainToday=rain_today_no,3,L3_Humidity3pm,numeric_bin,others,201,143,58,71.0,True,True,L1_Location=Watsonia|L2_RainToday=rain_today_no
5,L1_Location=Watsonia|L2_RainToday=rain_today_yes|L3_Humidity3pm=hum_mid,L1_Location=Watsonia|L2_RainToday=rain_today_yes,3,L3_Humidity3pm,numeric_bin,hum_mid,360,254,106,87.0,True,True,L1_Location=Watsonia
5,L1_Location=Watsonia|L2_RainToday=rain_today_yes|L3_Humidity3pm=others,L1_Location=Watsonia|L2_RainToday=rain_today_yes,3,L3_Humidity3pm,numeric_bin,others,223,160,63,64.0,True,True,L1_Location=Watsonia
5,L1_Location=Williamtown|L2_RainToday=rain_today_no|L3_Humidity3pm=hum_low,L1_Location=Williamtown|L2_RainToday=rain_today_no,3,L3_Humidity3pm,numeric_bin,hum_low,451,314,137,,True,False,L1_Location=Williamtown|L2_RainToday=rain_today_no|L3_Humidity3pm=hum_low
5,L1_Location=Williamtown|L2_RainToday=rain_today_no|L3_Humidity3pm=hum_mid,L1_Location=Williamtown|L2_RainToday=rain_today_no,3,L3_Humidity3pm,numeric_bin,hum_mid,826,591,235,,True,True,L1_Location=Williamtown|L2_RainToday=rain_today_no
5,L1_Location=Williamtown|L2_RainToday=rain_today_no|L3_Humidity3pm=others,L1_Location=Williamtown|L2_RainToday=rain_today_no,3,L3_Humidity3pm,numeric_bin,others,136,89,47,,True,True,L1_Location=Williamtown|L2_RainToday=rain_today_no
5,L1_Location=Witchcliffe|L2_RainToday=rain_today_no|L3_Humidity3pm=hum_mid,L1_Location=Witchcliffe|L2_RainToday=rain_today_no,3,L3_Humidity3pm,numeric_bin,hum_mid,1140,776,364,324.0,True,True,L1_Location=Witchcliffe|L2_RainToday=rain_today_no
5,L1_Location=Witchcliffe|L2_RainToday=rain_today_no|L3_Humidity3pm=others,L1_Location=Witchcliffe|L2_RainToday=rain_today_no,3,L3_Humidity3pm,numeric_bin,others,464,326,138,125.0,True,True,L1_Location=Witchcliffe|L2_RainToday=rain_today_no
5,L1_Location=Witchcliffe|L2_RainToday=rain_today_yes|L3_Humidity3pm=hum_mid,L1_Location=Witchcliffe|L2_RainToday=rain_today_yes,3,L3_Humidity3pm,numeric_bin,hum_mid,408,279,129,96.0,True,True,L1_Location=Witchcliffe|L2_RainToday=rain_today_yes
5,L1_Location=Witchcliffe|L2_RainToday=rain_today_yes|L3_Humidity3pm=others,L1_Location=Witchcliffe|L2_RainToday=rain_today_yes,3,L3_Humidity3pm,numeric_bin,others,292,198,94,75.0,True,True,L1_Location=Witchcliffe|L2_RainToday=rain_today_yes
5,L1_Location=Wollongong|L2_RainToday=rain_today_no|L3_Humidity3pm=hum_high,L1_Location=Wollongong|L2_RainToday=rain_today_no,3,L3_Humidity3pm,numeric_bin,hum_high,705,500,205,167.0,True,True,ROOT
5,L1_Location=Wollongong|L2_RainToday=rain_today_no|L3_Humidity3pm=hum_mid,L1_Location=Wollongong|L2_RainToday=rain_today_no,3,L3_Humidity3pm,numeric_bin,hum_mid,863,588,275,208.0,True,True,ROOT
5,L1_Location=Wollongong|L2_RainToday=rain_today_no|L3_Humidity3pm=others,L1_Location=Wollongong|L2_RainToday=rain_today_no,3,L3_Humidity3pm,numeric_bin,others,249,171,78,47.0,True,True,ROOT
5,L1_Location=Wollongong|L2_RainToday=rain_today_yes|L3_Humidity3pm=hum_high,L1_Location=Wollongong|L2_RainToday=rain_today_yes,3,L3_Humidity3pm,numeric_bin,hum_high,352,255,97,87.0,True,True,ROOT
5,L1_Location=Wollongong|L2_RainToday=rain_today_yes|L3_Humidity3pm=others,L1_Location=Wollongong|L2_RainToday=rain_today_yes,3,L3_Humidity3pm,numeric_bin,others,198,125,73,67.0,True,True,ROOT
5,L1_Location=Woomera|L2_RainToday=rain_today_no|L3_Humidity3pm=hum_low,L1_Location=Woomera|L2_RainToday=rain_today_no,3,L3_Humidity3pm,numeric_bin,hum_low,1802,1284,518,478.0,True,True,ROOT
5,L1_Location=Woomera|L2_RainToday=rain_today_no|L3_Humidity3pm=hum_mid,L1_Location=Woomera|L2_RainToday=rain_today_no,3,L3_Humidity3pm,numeric_bin,hum_mid,327,221,106,96.0,True,True,ROOT
5,L1_Location=Woomera|L2_RainToday=rain_today_no|L3_Humidity3pm=others,L1_Location=Woomera|L2_RainToday=rain_today_no,3,L3_Humidity3pm,numeric_bin,others,66,43,23,14.0,True,True,ROOT
